replicate,estimand,regime,max_smd_recorded,ess_entering_day4_recorded,ipcw_q99_recorded
1,composite_30,early,0.06670510107181407,544.0146890963615,1.2867180763936144
1,composite_30,not_completed,0.06670510107181407,2540.4187232255003,1.099918897301219
1,readmit_30,early,0.06691989683935153,543.9987892885522,1.28151300089897
1,readmit_30,not_completed,0.06691989683935153,2540.34456874121,1.1030688993398643
1,death_30,early,0.06656836922991656,546.0889452688239,1.2804128034369284
1,death_30,not_completed,0.06656836922991656,2550.4472360802492,1.1002531186845559
1,composite_90,early,0.05836092580316395,452.4534126535583,1.2499701950391557
1,composite_90,not_completed,0.05836092580316395,2104.9731239995276,1.1013297491087009
1,composite_30_conservative_dmonth,early,0.061528324075797725,507.87000814987215,1.2863731264184843
1,composite_30_conservative_dmonth,not_completed,0.061528324075797725,2327.7137740827206,1.098603865617368
1,composite_90_conservative_dmonth,early,0.06876904657257557,391.47078610523107,1.2891307153966607
1,composite_90_conservative_dmonth,not_completed,0.06876904657257557,1816.7786162152804,1.1098975261602133
2,composite_30,early,0.08551702214213751,562.457937695391,1.3141264441529692
2,composite_30,not_completed,0.08551702214213751,2466.598251113411,1.0803234560978907
2,readmit_30,early,0.08558219787503284,562.470528570132,1.3131505279879576
2,readmit_30,not_completed,0.08558219787503284,2466.5637736257127,1.0824448892568432
2,death_30,early,0.08486616656681786,563.3543278627336,1.3210268084745809
2,death_30,not_completed,0.08486616656681786,2477.5620381931903,1.08160806133861
2,composite_90,early,0.09038298510244196,469.64846040481075,1.419707737260995
2,composite_90,not_completed,0.09038298510244196,1981.390561228573,1.1047963967716583
2,composite_30_conservative_dmonth,early,0.0896439279053043,520.0889402898184,1.3402865912854265
2,composite_30_conservative_dmonth,not_completed,0.0896439279053043,2215.827058944764,1.0856749973973305
2,composite_90_conservative_dmonth,early,0.09866813426184998,407.7457472201026,1.3872107977489705
2,composite_90_conservative_dmonth,not_completed,0.09866813426184998,1733.5759958523947,1.1054709854964633
3,composite_30,early,0.07872113694608851,545.9343775530268,1.5092943286555067
3,composite_30,not_completed,0.07872113694608851,2545.677500894447,1.09692356945313
3,readmit_30,early,0.07876030582192622,546.2808168386276,1.4866124770167222
3,readmit_30,not_completed,0.07876030582192622,2545.7075192553634,1.0952963334384302
3,death_30,early,0.07943819707732325,547.8891609066811,1.5119212436600957
3,death_30,not_completed,0.07943819707732325,2556.6857736862657,1.096102249381647
3,composite_90,early,0.07965979898798851,467.12774496581454,1.3742467645683296
3,composite_90,not_completed,0.07965979898798851,2086.2200155948176,1.0906775917703146
3,composite_30_conservative_dmonth,early,0.07669503645689116,517.8890260877795,1.4417125936108346
3,composite_30_conservative_dmonth,not_completed,0.07669503645689116,2312.9302328442245,1.0966789195051008
3,composite_90_conservative_dmonth,early,0.08250052055644992,404.74514762623346,1.4433100439239208
3,composite_90_conservative_dmonth,not_completed,0.08250052055644992,1844.1711942530244,1.096774873758843
4,composite_30,early,0.0781462869779302,563.1107738010821,1.3162602673220973
4,composite_30,not_completed,0.0781462869779302,2567.2752840310004,1.0814250530751388
4,readmit_30,early,0.07821247136595358,562.9621033440868,1.3204783446243717
4,readmit_30,not_completed,0.07821247136595358,2567.2153874051273,1.0820966023441798
4,death_30,early,0.07884219095027505,564.6577927088293,1.3297957235898692
4,death_30,not_completed,0.07884219095027505,2577.1854340418945,1.08322998807005
4,composite_90,early,0.07234098584974351,466.89589660075586,1.3705283686527108
4,composite_90,not_completed,0.07234098584974351,2084.058722269735,1.0916542695587386
4,composite_30_conservative_dmonth,early,0.07886838795446771,526.6442418875156,1.351856849395442
4,composite_30_conservative_dmonth,not_completed,0.07886838795446771,2331.9353870983873,1.0951238842160045
4,composite_90_conservative_dmonth,early,0.07338300749272761,399.8396647565885,1.4023950300902621
4,composite_90_conservative_dmonth,not_completed,0.07338300749272761,1811.959688482605,1.1090676437921614
5,composite_30,early,0.06474693708896119,579.8389205526126,1.3377052575519592
5,composite_30,not_completed,0.06474693708896119,2508.991644373019,1.0826819776695198
5,readmit_30,early,0.06464727855978536,579.8533058350039,1.3357343024539037
5,readmit_30,not_completed,0.06464727855978536,2508.9802336478915,1.0842579517634305
5,death_30,early,0.0649543045615758,581.6788940506256,1.3362599658336285
5,death_30,not_completed,0.0649543045615758,2523.0190963639043,1.0777764810445405
5,composite_90,early,0.0696418597460422,485.42292010976473,1.3463408637537468
5,composite_90,not_completed,0.0696418597460422,2035.999238218742,1.0948206254313697
5,composite_30_conservative_dmonth,early,0.07362352292436232,547.6824113364779,1.3275141925712246
5,composite_30_conservative_dmonth,not_completed,0.07362352292436232,2298.0293475973863,1.086772020138323
5,composite_90_conservative_dmonth,early,0.08949233812237319,414.3419261851565,1.3406708372174578
5,composite_90_conservative_dmonth,not_completed,0.08949233812237319,1773.0205938940119,1.10138514393783
6,composite_30,early,0.07383439047523144,604.5032560617773,1.2707107163940792
6,composite_30,not_completed,0.07383439047523144,2677.8168514238255,1.0843252884200112
6,readmit_30,early,0.07388520627324095,604.3049167085542,1.2761517767447526
6,readmit_30,not_completed,0.07388520627324095,2677.6874436229036,1.0903080468071218
6,death_30,early,0.07063876261406599,605.3110821455608,1.2919719398521954
6,death_30,not_completed,0.07063876261406599,2688.7786693710636,1.085098078296278
6,composite_90,early,0.07662481248954145,502.00325128733544,1.3009832836718846
6,composite_90,not_completed,0.07662481248954145,2127.8017244178263,1.0948494761321852
6,composite_30_conservative_dmonth,early,0.07577194990737907,554.6678514330912,1.276395120346344
6,composite_30_conservative_dmonth,not_completed,0.07577194990737907,2397.6517278540564,1.0976725352287702
6,composite_90_conservative_dmonth,early,0.08648951571948854,435.7191203914129,1.3256118858094945
6,composite_90_conservative_dmonth,not_completed,0.08648951571948854,1877.6253030027246,1.1095903663620716
7,composite_30,early,0.061730486381134424,553.2747645493881,1.3137944485600526
7,composite_30,not_completed,0.061730486381134424,2570.6716405541456,1.085237699618776
7,readmit_30,early,0.06173214030298609,553.2427291993944,1.3049658477421548
7,readmit_30,not_completed,0.06173214030298609,2570.6899472384152,1.0827843653365148
7,death_30,early,0.06147117772201565,555.2673381801527,1.310080045292825
7,death_30,not_completed,0.06147117772201565,2581.728501968421,1.0820721757211118
7,composite_90,early,0.06796105914757772,466.4003696961115,1.3380098784906354
7,composite_90,not_completed,0.06796105914757772,2110.5319308733233,1.1062555900543976
7,composite_30_conservative_dmonth,early,0.061340971570663524,517.8602689805193,1.3496684566933401
7,composite_30_conservative_dmonth,not_completed,0.061340971570663524,2326.457504064072,1.0924655958175387
7,composite_90_conservative_dmonth,early,0.0693807969501961,402.2205454582233,1.358079160771138
7,composite_90_conservative_dmonth,not_completed,0.0693807969501961,1830.1725942102562,1.1144949809453046
8,composite_30,early,0.08369521581186332,578.7967161422151,1.2585245938752077
8,composite_30,not_completed,0.08369521581186332,2568.526227049617,1.0636153493697087
8,readmit_30,early,0.08374918180866087,578.5178684454906,1.2629600939650134
8,readmit_30,not_completed,0.08374918180866087,2568.395684108744,1.0691350913430555
8,death_30,early,0.08143719092112672,579.7355865147568,1.263699559614174
8,death_30,not_completed,0.08143719092112672,2582.4967491882253,1.0643776779555438
8,composite_90,early,0.08375582462039743,477.6114517084949,1.2816771203318802
8,composite_90,not_completed,0.08375582462039743,2070.4925204455308,1.0715016242328441
8,composite_30_conservative_dmonth,early,0.0768116909885873,534.343149627733,1.2660660326740416
8,composite_30_conservative_dmonth,not_completed,0.0768116909885873,2325.4263449279024,1.0699829753714418
8,composite_90_conservative_dmonth,early,0.0999894032246444,409.96552772964117,1.289470643383358
8,composite_90_conservative_dmonth,not_completed,0.0999894032246444,1795.582285744538,1.0779081886038284
9,composite_30,early,0.06456847125837847,575.3340085612937,1.3204906925160051
9,composite_30,not_completed,0.06456847125837847,2589.2049297982066,1.0911639257707368
9,readmit_30,early,0.06461824119720855,575.3011949853317,1.3195077148977636
9,readmit_30,not_completed,0.06461824119720855,2589.163191773837,1.0919218574875695
9,death_30,early,0.062053655963152855,576.1852848614575,1.3176381569158935
9,death_30,not_completed,0.062053655963152855,2600.1864235350677,1.091559370640889
9,composite_90,early,0.06584903711297377,479.24416777488193,1.3848064654464103
9,composite_90,not_completed,0.06584903711297377,2111.8464089074805,1.113082682262299
9,composite_30_conservative_dmonth,early,0.06575476667327682,534.7444109417675,1.3506856519527086
9,composite_30_conservative_dmonth,not_completed,0.06575476667327682,2332.080029162357,1.1006387041696613
9,composite_90_conservative_dmonth,early,0.06769904919827964,419.13079108041444,1.4174341971296716
9,composite_90_conservative_dmonth,not_completed,0.06769904919827964,1835.8292776314902,1.1263820661064108
10,composite_30,early,0.052458136904577,529.4976023219183,1.2748056163088806
10,composite_30,not_completed,0.052458136904577,2547.423265312185,1.0679868139104554
10,readmit_30,early,0.05243605714955902,529.7499864912428,1.2573848975949906
10,readmit_30,not_completed,0.05243605714955902,2547.4630374677686,1.0683319610776516
10,death_30,early,0.05208387992364658,529.5132507078541,1.271145464947038
10,death_30,not_completed,0.05208387992364658,2558.4344242673683,1.0674029139958254
10,composite_90,early,0.06546236309095153,425.0934561227819,1.3469598989673641
10,composite_90,not_completed,0.06546236309095153,2025.3028120298763,1.083440073006622
10,composite_30_conservative_dmonth,early,0.06171843758136591,489.676907534951,1.304935994731609
10,composite_30_conservative_dmonth,not_completed,0.06171843758136591,2314.4662838686318,1.0740394453098774
10,composite_90_conservative_dmonth,early,0.06512708713892795,364.88947904113576,1.398669746352817
10,composite_90_conservative_dmonth,not_completed,0.06512708713892795,1759.288760217923,1.085288075570939
11,composite_30,early,0.07693178265877318,568.0099389788011,1.422649042276959
11,composite_30,not_completed,0.07693178265877318,2575.609681588787,1.0854247644904536
11,readmit_30,early,0.07697209715402605,568.3827841989186,1.4380473158084686
11,readmit_30,not_completed,0.07697209715402605,2575.630745836815,1.0926118281120698
11,death_30,early,0.07661186474735504,570.5889781600132,1.3979454955800985
11,death_30,not_completed,0.07661186474735504,2588.8016928451966,1.0799187431040878
11,composite_90,early,0.06997802071525319,470.82548620595503,1.4130297516127033
11,composite_90,not_completed,0.06997802071525319,2083.693525748116,1.0976406709751845
11,composite_30_conservative_dmonth,early,0.07629246521190851,527.3188082990737,1.4195858416959548
11,composite_30_conservative_dmonth,not_completed,0.07629246521190851,2330.402755515202,1.0978728012445855
11,composite_90_conservative_dmonth,early,0.08457435376464885,409.0989922779304,1.495379464793838
11,composite_90_conservative_dmonth,not_completed,0.08457435376464885,1849.4102907777988,1.1224315224204924
12,composite_30,early,0.06311883462819735,605.5350476699637,1.3036023227560334
12,composite_30,not_completed,0.06311883462819735,2651.6957950821193,1.0864894476668918
12,readmit_30,early,0.06311996213888516,605.6604973662463,1.2944098052482373
12,readmit_30,not_completed,0.06311996213888516,2651.706007494258,1.0858511242383695
12,death_30,early,0.06322436440318298,606.6875021888632,1.2982457149211193
12,death_30,not_completed,0.06322436440318298,2665.729985367153,1.0850014531874115
12,composite_90,early,0.0683331965896419,506.4415574934435,1.3040002526334482
12,composite_90,not_completed,0.0683331965896419,2170.0298835478216,1.091908786420895
12,composite_30_conservative_dmonth,early,0.06741147613101933,568.6623983814571,1.3340576693433497
12,composite_30_conservative_dmonth,not_completed,0.06741147613101933,2398.757762778373,1.089434101905172
12,composite_90_conservative_dmonth,early,0.08467063549995575,431.5935980406984,1.3830919818353984
12,composite_90_conservative_dmonth,not_completed,0.08467063549995575,1867.7534476428832,1.1125258765959694
13,composite_30,early,0.10132687856719173,532.9146603096341,1.3392526540442482
13,composite_30,not_completed,0.10132687856719173,2356.1605246718295,1.0935633420173985
13,readmit_30,early,0.10130731317279339,533.1917042420255,1.3363106768939461
13,readmit_30,not_completed,0.10130731317279339,2356.2508437007878,1.0911958814081917
13,death_30,early,0.10108817606053384,535.2999520135747,1.3276386934759854
13,death_30,not_completed,0.10108817606053384,2366.237125458276,1.0932811270122873
13,composite_90,early,0.11080603150113592,432.9761607878502,1.3870881486157907
13,composite_90,not_completed,0.11080603150113592,1861.1516334468713,1.1045554456102882
13,composite_30_conservative_dmonth,early,0.11114926632788795,495.8420995484333,1.342739841842262
13,composite_30_conservative_dmonth,not_completed,0.11114926632788795,2113.148524997093,1.095132143867426
13,composite_90_conservative_dmonth,early,0.12156960614777962,366.1636335892018,1.4372428496241694
13,composite_90_conservative_dmonth,not_completed,0.12156960614777962,1616.2086810577632,1.11731858694322
14,composite_30,early,0.0912532021566206,541.7041525968057,1.4430267268715236
14,composite_30,not_completed,0.0912532021566206,2509.347668405211,1.0978333388501456
14,readmit_30,early,0.09130481945723419,541.5527924966995,1.446009600097331
14,readmit_30,not_completed,0.09130481945723419,2509.2808700924234,1.1008097609806147
14,death_30,early,0.09045660502705667,542.7056453614103,1.4494630396285482
14,death_30,not_completed,0.09045660502705667,2523.3599550245626,1.0980896139071312
14,composite_90,early,0.11235412214212809,462.13330080520245,1.5096861121433658
14,composite_90,not_completed,0.11235412214212809,2049.622155791685,1.1118395710329176
14,composite_30_conservative_dmonth,early,0.10355226398553621,514.7194328561952,1.5583960674923596
14,composite_30_conservative_dmonth,not_completed,0.10355226398553621,2294.086331122517,1.1162520037732642
14,composite_90_conservative_dmonth,early,0.13380350724145287,390.80883752602494,1.6354631620234108
14,composite_90_conservative_dmonth,not_completed,0.13380350724145287,1781.6844996678724,1.1241238696755183
15,composite_30,early,0.061482436810932434,569.4395860768727,1.3676956215163416
15,composite_30,not_completed,0.061482436810932434,2557.506483796155,1.073831619283726
15,readmit_30,early,0.06145481275719342,569.5880038339068,1.3595697391918842
15,readmit_30,not_completed,0.06145481275719342,2557.498638450731,1.0749575212560891
15,death_30,early,0.062116876400135246,570.4815159310358,1.361842652566394
15,death_30,not_completed,0.062116876400135246,2567.4942168033303,1.075386466687166
15,composite_90,early,0.07714491638764266,470.9852985335491,1.3209375499878027
15,composite_90,not_completed,0.07714491638764266,2076.3976263311406,1.0731932479946804
15,composite_30_conservative_dmonth,early,0.07104006146901909,532.583428079876,1.4011311838011036
15,composite_30_conservative_dmonth,not_completed,0.07104006146901909,2318.3946787711025,1.0804546794959413
15,composite_90_conservative_dmonth,early,0.092789475038444,408.4763521069004,1.3845222731860212
15,composite_90_conservative_dmonth,not_completed,0.092789475038444,1818.3012963630936,1.0800356829008
16,composite_30,early,0.07975511556609369,564.3607304036678,1.3607056229479317
16,composite_30,not_completed,0.07975511556609369,2651.0279279369984,1.0799580261123523
16,readmit_30,early,0.07979045064425205,564.1504775524509,1.362833949418538
16,readmit_30,not_completed,0.07979045064425205,2650.9324840143663,1.0857752114034966
16,death_30,early,0.07904602484926429,565.5261171078863,1.3528266647535727
16,death_30,not_completed,0.07904602484926429,2664.0788571654784,1.079899118495306
16,composite_90,early,0.07845177703655724,478.06171387595816,1.3105143470092868
16,composite_90,not_completed,0.07845177703655724,2184.412733825263,1.079369056109188
16,composite_30_conservative_dmonth,early,0.08465218926862286,531.1097750550458,1.340561396092759
16,composite_30_conservative_dmonth,not_completed,0.08465218926862286,2423.209910010084,1.0785484711412037
16,composite_90_conservative_dmonth,early,0.10073544978276401,409.6691766461609,1.3386359180308078
16,composite_90_conservative_dmonth,not_completed,0.10073544978276401,1907.4830317573117,1.0790710359267388
17,composite_30,early,0.08682358968459292,540.9874652249454,1.3338080586438086
17,composite_30,not_completed,0.08682358968459292,2582.1787600931066,1.0712634682761344
17,readmit_30,early,0.08684281008033432,541.0232905619944,1.348778588344298
17,readmit_30,not_completed,0.08684281008033432,2582.218256831501,1.0708362138887426
17,death_30,early,0.08984875992221213,543.0433911420586,1.3161112291634454
17,death_30,not_completed,0.08984875992221213,2598.1573046906187,1.0727161787245827
17,composite_90,early,0.08547324774420079,443.2955633793767,1.291807314997472
17,composite_90,not_completed,0.08547324774420079,2100.3604295569835,1.0741008525157605
17,composite_30_conservative_dmonth,early,0.08836571986348615,499.10561628111554,1.3175592997570063
17,composite_30_conservative_dmonth,not_completed,0.08836571986348615,2320.509618065407,1.0697037847576174
17,composite_90_conservative_dmonth,early,0.0913141707564485,385.5403492791425,1.3081206807509316
17,composite_90_conservative_dmonth,not_completed,0.0913141707564485,1833.4193739153898,1.0763988080354168
18,composite_30,early,0.08203007313957951,518.5596118120963,1.325438865791705
18,composite_30,not_completed,0.08203007313957951,2417.010295436132,1.0898124073974635
18,readmit_30,early,0.08198757088166428,518.5442058798643,1.330746193276256
18,readmit_30,not_completed,0.08198757088166428,2417.049825223584,1.0895058232094512
18,death_30,early,0.08217823656739756,519.4744333006661,1.3355770226242372
18,death_30,not_completed,0.08217823656739756,2426.0168212592944,1.087689593941344
18,composite_90,early,0.08753918266939555,426.4875851042257,1.3510326646992348
18,composite_90,not_completed,0.08753918266939555,1934.1093942602795,1.0968710592744915
18,composite_30_conservative_dmonth,early,0.08899591220370723,487.5307046397907,1.3400663798955506
18,composite_30_conservative_dmonth,not_completed,0.08899591220370723,2210.93741988385,1.100401597610932
18,composite_90_conservative_dmonth,early,0.10212039574894874,367.04532201588404,1.374177746841833
18,composite_90_conservative_dmonth,not_completed,0.10212039574894874,1682.9052177272915,1.101997123863573
19,composite_30,early,0.07672886079222076,567.2439168075954,1.344318828319419
19,composite_30,not_completed,0.07672886079222076,2585.919283139123,1.0903177270189388
19,readmit_30,early,0.07681103148944415,567.1736837455986,1.3557130532551687
19,readmit_30,not_completed,0.07681103148944415,2585.8326948118442,1.0931722840914693
19,death_30,early,0.07581461242859552,568.1298564759371,1.3480709790060343
19,death_30,not_completed,0.07581461242859552,2599.8728399326797,1.0930088918200902
19,composite_90,early,0.07872651438721523,471.8912457119675,1.3337728011899785
19,composite_90,not_completed,0.07872651438721523,2107.001965618157,1.0949123257989468
19,composite_30_conservative_dmonth,early,0.06831751502792495,533.516647742104,1.38396974987155
19,composite_30_conservative_dmonth,not_completed,0.06831751502792495,2369.615152635511,1.0948828327639328
19,composite_90_conservative_dmonth,early,0.0915262918075509,402.79437661824994,1.3226545861885168
19,composite_90_conservative_dmonth,not_completed,0.0915262918075509,1815.8347188515877,1.1083885944167984
20,composite_30,early,0.07553933826230422,566.0477849954394,1.3148333229557165
20,composite_30,not_completed,0.07553933826230422,2561.556506068611,1.0842415877854683
20,readmit_30,early,0.07553118395313047,566.1664295864017,1.315743750384973
20,readmit_30,not_completed,0.07553118395313047,2561.6199484762865,1.0761861153850336
20,death_30,early,0.07336916701695669,566.572691062775,1.3468458227839901
20,death_30,not_completed,0.07336916701695669,2576.4206101708123,1.0874902504192818
20,composite_90,early,0.07315181774027234,474.67342047171854,1.3273159678424584
20,composite_90,not_completed,0.07315181774027234,2074.7806746995766,1.090074583265297
20,composite_30_conservative_dmonth,early,0.07747185208713905,531.0979395081152,1.3210784085565463
20,composite_30_conservative_dmonth,not_completed,0.07747185208713905,2305.7564873826236,1.0929337176770342
20,composite_90_conservative_dmonth,early,0.08921643430078695,407.78155497935444,1.4007060504871676
20,composite_90_conservative_dmonth,not_completed,0.08921643430078695,1824.4404134985311,1.1125454293083716
21,composite_30,early,0.06123900853182674,575.4967697203617,1.2755989149081903
21,composite_30,not_completed,0.06123900853182674,2600.2295096033317,1.076874545795077
21,readmit_30,early,0.061230290207810505,575.3147700318174,1.2872983829646438
21,readmit_30,not_completed,0.061230290207810505,2600.0747116037514,1.0831149079089046
21,death_30,early,0.060764735640318694,577.4075755496135,1.2926658376233446
21,death_30,not_completed,0.060764735640318694,2608.2161774635997,1.0766748835757896
21,composite_90,early,0.07252555014411989,476.2440648161617,1.3989102529438577
21,composite_90,not_completed,0.07252555014411989,2070.8822132170603,1.0944357262417101
21,composite_30_conservative_dmonth,early,0.06990389692029747,542.1745151480826,1.3293310518778654
21,composite_30_conservative_dmonth,not_completed,0.06990389692029747,2344.981445942097,1.0865507987849945
21,composite_90_conservative_dmonth,early,0.07074216662769378,405.9895121587544,1.4367356993543767
21,composite_90_conservative_dmonth,not_completed,0.07074216662769378,1817.1386342169928,1.1028820453857504
22,composite_30,early,0.0693283706374737,567.6495833565789,1.2613328477991614
22,composite_30,not_completed,0.0693283706374737,2640.3676851903724,1.065154543894692
22,readmit_30,early,0.06933238419634598,567.4563910750293,1.2678069386474724
22,readmit_30,not_completed,0.06933238419634598,2640.2504564447613,1.0703292924580587
22,death_30,early,0.06795746202427796,567.6644805426224,1.2612322745591686
22,death_30,not_completed,0.06795746202427796,2653.3715925886945,1.0662817950637042
22,composite_90,early,0.08772762247218815,467.8324011933598,1.3392979695023848
22,composite_90,not_completed,0.08772762247218815,2148.0174284234663,1.0934379554138476
22,composite_30_conservative_dmonth,early,0.0834448091854794,528.4366582162596,1.3139691538946425
22,composite_30_conservative_dmonth,not_completed,0.0834448091854794,2387.101273923856,1.079677464791441
22,composite_90_conservative_dmonth,early,0.09398419656135583,410.942990952183,1.3708091783343095
22,composite_90_conservative_dmonth,not_completed,0.09398419656135583,1880.757528559565,1.1140434810507904
23,composite_30,early,0.07684001455389215,559.9129078434623,1.3967074019751193
23,composite_30,not_completed,0.07684001455389215,2614.2835305000285,1.0855750482415243
23,readmit_30,early,0.07686324454233252,559.9954959504635,1.3881593498979934
23,readmit_30,not_completed,0.07686324454233252,2614.253424726476,1.085987580996988
23,death_30,early,0.07502741528037915,560.6264096120826,1.3994455254979552
23,death_30,not_completed,0.07502741528037915,2629.1451262294445,1.0874151886101733
23,composite_90,early,0.07733615430779558,471.0902430861501,1.4386028323235933
23,composite_90,not_completed,0.07733615430779558,2090.9145714406063,1.1001755612450828
23,composite_30_conservative_dmonth,early,0.07957445368475355,524.0075294512209,1.4223612103862513
23,composite_30_conservative_dmonth,not_completed,0.07957445368475355,2370.184890006788,1.0863309342510628
23,composite_90_conservative_dmonth,early,0.08368664779633828,404.0664459691359,1.581288673307718
23,composite_90_conservative_dmonth,not_completed,0.08368664779633828,1849.9151279841587,1.1021041643455232
24,composite_30,early,0.10626526716270802,529.7800535649893,1.3343008193829577
24,composite_30,not_completed,0.10626526716270802,2466.165515245314,1.0878054399438577
24,readmit_30,early,0.1065780144022114,529.3180251506154,1.3483078301238296
24,readmit_30,not_completed,0.1065780144022114,2465.878874626636,1.0985740734764173
24,death_30,early,0.10624200518252845,531.4059336505575,1.3483514250187185
24,death_30,not_completed,0.10624200518252845,2480.0807566144567,1.0897966675517963
24,composite_90,early,0.08051320408337433,432.7216595502374,1.3775734452306585
24,composite_90,not_completed,0.08051320408337433,1982.1361007450193,1.0957131159814661
24,composite_30_conservative_dmonth,early,0.09513688848441855,490.67012127417047,1.3347574890708325
24,composite_30_conservative_dmonth,not_completed,0.09513688848441855,2219.1445089072986,1.0924971175876759
24,composite_90_conservative_dmonth,early,0.08502190402522299,373.314295840032,1.415819527914451
24,composite_90_conservative_dmonth,not_completed,0.08502190402522299,1699.0831674846695,1.1067982906290317
25,composite_30,early,0.07127384856121365,556.1826223215339,1.3384168365837605
25,composite_30,not_completed,0.07127384856121365,2493.1791239135973,1.0897550948413448
25,readmit_30,early,0.0713286096149978,555.9872486022009,1.3388682274777142
25,readmit_30,not_completed,0.0713286096149978,2493.1059772346134,1.092993616700176
25,death_30,early,0.07118944186005452,557.4232051267204,1.3463891258851637
25,death_30,not_completed,0.07118944186005452,2505.247200397871,1.0862244615770402
25,composite_90,early,0.08226646152002834,463.34531629120784,1.3539595490645282
25,composite_90,not_completed,0.08226646152002834,2039.9800499215453,1.1022620683446833
25,composite_30_conservative_dmonth,early,0.08353294429231817,522.0555524346028,1.3449838567484371
25,composite_30_conservative_dmonth,not_completed,0.08353294429231817,2261.8744954640974,1.1048723230826156
25,composite_90_conservative_dmonth,early,0.1017094359620365,396.93744783795563,1.4722715064535477
25,composite_90_conservative_dmonth,not_completed,0.1017094359620365,1807.8856067562454,1.1188542555531455
26,composite_30,early,0.07661668749234722,540.6292266544308,1.3260525508813104
26,composite_30,not_completed,0.07661668749234722,2467.894186098114,1.0831382281233137
26,readmit_30,early,0.07668817261111532,541.0239560749387,1.3213918005418779
26,readmit_30,not_completed,0.07668817261111532,2467.986918878823,1.0820555819022057
26,death_30,early,0.07568608526289244,541.913851406958,1.312840283300759
26,death_30,not_completed,0.07568608526289244,2481.013954928884,1.0788290322131018
26,composite_90,early,0.06863409254511335,458.3126367352764,1.3829079381475577
26,composite_90,not_completed,0.06863409254511335,2057.666291357149,1.1017433666179175
26,composite_30_conservative_dmonth,early,0.07037706156114487,508.48494996788787,1.347499108832642
26,composite_30_conservative_dmonth,not_completed,0.07037706156114487,2250.6790883452727,1.0944643282232809
26,composite_90_conservative_dmonth,early,0.08287370764909587,384.683099195398,1.4239424885105088
26,composite_90_conservative_dmonth,not_completed,0.08287370764909587,1811.807490524357,1.1172207107449936
27,composite_30,early,0.09026456241565053,567.1797139484012,1.2932114567996469
27,composite_30,not_completed,0.09026456241565053,2591.3540247619376,1.0700684498505224
27,readmit_30,early,0.09032161993620934,567.3172052242636,1.2848981215510418
27,readmit_30,not_completed,0.09032161993620934,2591.3167867401917,1.0709061162252906
27,death_30,early,0.08675637846105523,569.3471720713643,1.287995004469968
27,death_30,not_completed,0.08675637846105523,2601.4001564790283,1.0676584346061577
27,composite_90,early,0.10366873335419254,460.2999147272232,1.3096966624946451
27,composite_90,not_completed,0.10366873335419254,2081.2246111048053,1.0812898725567366
27,composite_30_conservative_dmonth,early,0.08981206793940207,523.525776765591,1.274596453272509
27,composite_30_conservative_dmonth,not_completed,0.08981206793940207,2340.3368655426816,1.0762435518406743
27,composite_90_conservative_dmonth,early,0.12374973014456185,380.1984187659938,1.3839019399551242
27,composite_90_conservative_dmonth,not_completed,0.12374973014456185,1778.1738300014506,1.0878158579096966
28,composite_30,early,0.09131527176713941,546.6859926787816,1.391648209495539
28,composite_30,not_completed,0.09131527176713941,2454.490817956781,1.098431830981619
28,readmit_30,early,0.0913741388894477,546.5859757540562,1.3982669373144625
28,readmit_30,not_completed,0.0913741388894477,2454.420379735697,1.1026321090332651
28,death_30,early,0.09088657391684862,546.6988876647806,1.3883531037923749
28,death_30,not_completed,0.09088657391684862,2464.4389614124784,1.1001343105576635
28,composite_90,early,0.10074332457728535,444.6406050878465,1.4255349018237196
28,composite_90,not_completed,0.10074332457728535,1976.8969454790508,1.0957701653967058
28,composite_30_conservative_dmonth,early,0.10135971020329149,506.5153960541219,1.4062090143605677
28,composite_30_conservative_dmonth,not_completed,0.10135971020329149,2230.471428575269,1.108330372555089
28,composite_90_conservative_dmonth,early,0.0936573807141018,382.29563244467863,1.4391159779195324
28,composite_90_conservative_dmonth,not_completed,0.0936573807141018,1754.8482330926033,1.1109324287327966
29,composite_30,early,0.07531072936097105,558.5953464277759,1.3290728591647987
29,composite_30,not_completed,0.07531072936097105,2497.226052818929,1.0809696431601532
29,readmit_30,early,0.07535532815072203,558.9905548755897,1.315029793868003
29,readmit_30,not_completed,0.07535532815072203,2497.3055664851336,1.0798001897952039
29,death_30,early,0.07615978585741545,560.8568218714063,1.328098307305505
29,death_30,not_completed,0.07615978585741545,2508.2743715650713,1.076021759272436
29,composite_90,early,0.062021796880394164,473.17639620902276,1.3897269474078378
29,composite_90,not_completed,0.062021796880394164,2014.405493318836,1.0866855566305775
29,composite_30_conservative_dmonth,early,0.07496941242902222,525.9294803073237,1.33286353169581
29,composite_30_conservative_dmonth,not_completed,0.07496941242902222,2259.239325777876,1.0859537792844778
29,composite_90_conservative_dmonth,early,0.07007108933605076,402.6418952967504,1.4401797889553338
29,composite_90_conservative_dmonth,not_completed,0.07007108933605076,1767.2036259934227,1.091241304633969
30,composite_30,early,0.08593482480870843,573.0169102671997,1.3191543394359009
30,composite_30,not_completed,0.08593482480870843,2615.136484082176,1.0819113810719598
30,readmit_30,early,0.08593821737901709,572.9666128081071,1.322327751497331
30,readmit_30,not_completed,0.08593821737901709,2615.10194098696,1.0847587188094585
30,death_30,early,0.08462090446852782,573.8223269713186,1.3133668105806877
30,death_30,not_completed,0.08462090446852782,2628.131298179839,1.0781624210913003
30,composite_90,early,0.10597929610003592,484.0067131760262,1.2942419024734202
30,composite_90,not_completed,0.10597929610003592,2122.312768058042,1.088461873209507
30,composite_30_conservative_dmonth,early,0.09482900152482569,535.6709177644921,1.286005787268114
30,composite_30_conservative_dmonth,not_completed,0.09482900152482569,2377.1245988327614,1.0866308893060297
30,composite_90_conservative_dmonth,early,0.1351817121728904,415.7404635317356,1.3465154720897898
30,composite_90_conservative_dmonth,not_completed,0.1351817121728904,1838.0222141866818,1.1029906490096621
31,composite_30,early,0.0892615136405828,555.5990625301331,1.402244776647389
31,composite_30,not_completed,0.0892615136405828,2501.2370071499695,1.1003533059314632
31,readmit_30,early,0.08927023421615332,556.0580078646639,1.3948403302147818
31,readmit_30,not_completed,0.08927023421615332,2501.296839781734,1.0965903525324951
31,death_30,early,0.08978041424256443,556.9278681614248,1.3894325671540866
31,death_30,not_completed,0.08978041424256443,2510.355128178527,1.0966308155754343
31,composite_90,early,0.08412135049459213,471.0652916105678,1.4037931335687015
31,composite_90,not_completed,0.08412135049459213,2006.2901787297205,1.1055001465436562
31,composite_30_conservative_dmonth,early,0.08767612549009783,519.7806076352117,1.435445790121425
31,composite_30_conservative_dmonth,not_completed,0.08767612549009783,2258.0970190196676,1.1116158820342417
31,composite_90_conservative_dmonth,early,0.10870688900999771,405.6158060317122,1.5231044506784654
31,composite_90_conservative_dmonth,not_completed,0.10870688900999771,1774.8165767473804,1.1224194390852713
32,composite_30,early,0.07656996193605263,519.1277755518713,1.28868512598916
32,composite_30,not_completed,0.07656996193605263,2392.056637579158,1.0812198001777809
32,readmit_30,early,0.07669151636332865,519.2853115386343,1.2943246083064723
32,readmit_30,not_completed,0.07669151636332865,2392.0917208679884,1.0756278784946147
32,death_30,early,0.07313475499454532,520.0986794070064,1.2839096120865527
32,death_30,not_completed,0.07313475499454532,2404.061411425222,1.0797838715405625
32,composite_90,early,0.076437765986476,421.1651923089839,1.2970587161380003
32,composite_90,not_completed,0.076437765986476,1941.2569724434481,1.082986665248959
32,composite_30_conservative_dmonth,early,0.07596735592778285,483.6795658876185,1.292133057485089
32,composite_30_conservative_dmonth,not_completed,0.07596735592778285,2175.125156000559,1.082176625610125
32,composite_90_conservative_dmonth,early,0.0941601700447495,356.1145787469305,1.3809914141736732
32,composite_90_conservative_dmonth,not_completed,0.0941601700447495,1694.2899228945912,1.0866324876559077
33,composite_30,early,0.06896058917921716,536.2090606918572,1.3807897614216758
33,composite_30,not_completed,0.06896058917921716,2498.614872648743,1.092541728451139
33,readmit_30,early,0.06897114841060861,536.1449852189645,1.3834242591134556
33,readmit_30,not_completed,0.06897114841060861,2498.561411574665,1.094582155439911
33,death_30,early,0.06903975276110189,537.343962126545,1.3609261895804252
33,death_30,not_completed,0.06903975276110189,2509.617942699052,1.0915205968839903
33,composite_90,early,0.07233320385197485,440.4077967698504,1.3386858425968133
33,composite_90,not_completed,0.07233320385197485,2025.9365518463483,1.0985576436258995
33,composite_30_conservative_dmonth,early,0.07583279425642951,494.2825754874285,1.3821176341455808
33,composite_30_conservative_dmonth,not_completed,0.07583279425642951,2229.566421545666,1.1021123956453096
33,composite_90_conservative_dmonth,early,0.07525470263765768,372.8245604604491,1.3922010086491803
33,composite_90_conservative_dmonth,not_completed,0.07525470263765768,1759.8036815771156,1.1052991608098504
34,composite_30,early,0.083312587459467,528.7820453750757,1.388918206483
34,composite_30,not_completed,0.083312587459467,2417.6108249143767,1.0822627373884643
34,readmit_30,early,0.0833554262052092,529.0069432203894,1.3708586031333774
34,readmit_30,not_completed,0.0833554262052092,2417.64981860396,1.082851731476443
34,death_30,early,0.08534644078069446,530.9236528584925,1.3806796189929973
34,death_30,not_completed,0.08534644078069446,2432.6491480636328,1.0831297881787136
34,composite_90,early,0.06933538776980973,442.50625400696407,1.4007697074707932
34,composite_90,not_completed,0.06933538776980973,1992.008790020227,1.0789450183828801
34,composite_30_conservative_dmonth,early,0.07674971566209975,497.93862836489,1.4194703117735585
34,composite_30_conservative_dmonth,not_completed,0.07674971566209975,2219.5712854067565,1.087352396954453
34,composite_90_conservative_dmonth,early,0.08253228453950837,379.8760589389644,1.473562652935943
34,composite_90_conservative_dmonth,not_completed,0.08253228453950837,1764.841596828278,1.0922587006111957
35,composite_30,early,0.10360367337348213,538.8389782960141,1.3461314095378591
35,composite_30,not_completed,0.10360367337348213,2502.1833675166827,1.0815241531305149
35,readmit_30,early,0.10359537644576565,539.0581671695087,1.3411919560290597
35,readmit_30,not_completed,0.10359537644576565,2502.193704946749,1.0861818799615102
35,death_30,early,0.10401434373125595,540.9917742437127,1.3444187655431485
35,death_30,not_completed,0.10401434373125595,2512.1869961519897,1.0834851493278277
35,composite_90,early,0.11215926015857154,461.73885591665066,1.346688663761393
35,composite_90,not_completed,0.11215926015857154,2095.4947796931606,1.0825228806584652
35,composite_30_conservative_dmonth,early,0.10148871137494513,508.95566462663487,1.329420846627568
35,composite_30_conservative_dmonth,not_completed,0.10148871137494513,2318.299990949853,1.083261008302625
35,composite_90_conservative_dmonth,early,0.126965953832511,394.1970671768994,1.3395316216150888
35,composite_90_conservative_dmonth,not_completed,0.126965953832511,1841.5946786594184,1.083964936005545
36,composite_30,early,0.077607295109271,562.121366423671,1.292292869265296
36,composite_30,not_completed,0.077607295109271,2459.5649669453587,1.0718906400724657
36,readmit_30,early,0.07751196941222031,562.0448756729132,1.2896767887066227
36,readmit_30,not_completed,0.07751196941222031,2459.499345808875,1.0729703004095361
36,death_30,early,0.07743883220889242,563.3069493995498,1.2848886579781276
36,death_30,not_completed,0.07743883220889242,2470.6123203151765,1.0702166955235393
36,composite_90,early,0.08122589103415122,463.1973198914557,1.3597912732971569
36,composite_90,not_completed,0.08122589103415122,2012.6404098083449,1.0747517722083155
36,composite_30_conservative_dmonth,early,0.08511656619561304,515.3431756875116,1.3314172016279444
36,composite_30_conservative_dmonth,not_completed,0.08511656619561304,2214.504158160674,1.0787396251745864
36,composite_90_conservative_dmonth,early,0.0937948897335309,397.8143771376537,1.3898696269784596
36,composite_90_conservative_dmonth,not_completed,0.0937948897335309,1755.5930166755784,1.0886124486459643
37,composite_30,early,0.0800697544315036,560.9893696224428,1.2767162959919531
37,composite_30,not_completed,0.0800697544315036,2559.9614826381994,1.077763828031872
37,readmit_30,early,0.080148076627174,561.2642312423937,1.2717673310765245
37,readmit_30,not_completed,0.080148076627174,2560.047164958968,1.0736868926193501
37,death_30,early,0.07863159762433257,563.0484263922303,1.2680940078448995
37,death_30,not_completed,0.07863159762433257,2568.968923853858,1.0772909554501702
37,composite_90,early,0.07895586100339777,468.6739089459092,1.3201073855226104
37,composite_90,not_completed,0.07895586100339777,2084.8916709362165,1.0978262404152836
37,composite_30_conservative_dmonth,early,0.08064457441634135,527.3127177795817,1.2994219427152591
37,composite_30_conservative_dmonth,not_completed,0.08064457441634135,2315.091470997485,1.0782808573441183
37,composite_90_conservative_dmonth,early,0.0926488406828407,410.40940215458187,1.3509791837714373
37,composite_90_conservative_dmonth,not_completed,0.0926488406828407,1845.8194168023663,1.1171086190842776
38,composite_30,early,0.07419113939188261,567.1786252317182,1.3470121639160357
38,composite_30,not_completed,0.07419113939188261,2496.3777138753103,1.0980574570784505
38,readmit_30,early,0.07412605239896168,567.5094902874786,1.3472788365333759
38,readmit_30,not_completed,0.07412605239896168,2496.385772307778,1.1048572126374772
38,death_30,early,0.07335997649926236,567.7120928787602,1.3437407006218411
38,death_30,not_completed,0.07335997649926236,2510.594883825987,1.0914663119675512
38,composite_90,early,0.07453992814807596,473.54377024579355,1.340862272638926
38,composite_90,not_completed,0.07453992814807596,1980.3518848581118,1.1225355681877645
38,composite_30_conservative_dmonth,early,0.07635303050730817,529.6736077287886,1.3454475812052116
38,composite_30_conservative_dmonth,not_completed,0.07635303050730817,2253.776778978722,1.1002165580534449
38,composite_90_conservative_dmonth,early,0.09068351717997325,397.81316872193304,1.4988265860018464
38,composite_90_conservative_dmonth,not_completed,0.09068351717997325,1727.4215873255446,1.1405639148931441
39,composite_30,early,0.07063181342937276,571.2302163410315,1.4073060003172229
39,composite_30,not_completed,0.07063181342937276,2472.2998850996046,1.1057660666936826
39,readmit_30,early,0.07054744634904386,570.419247249763,1.482912486316566
39,readmit_30,not_completed,0.07054744634904386,2472.062999989668,1.1218623428123613
39,death_30,early,0.0733170714995092,572.1869013196765,1.4903758782716463
39,death_30,not_completed,0.0733170714995092,2483.0797619555487,1.1191296483403608
39,composite_90,early,0.07770961757371718,474.12721716224274,1.420272707355018
39,composite_90,not_completed,0.07770961757371718,2007.3904263452755,1.1164325206079495
39,composite_30_conservative_dmonth,early,0.07565925469277252,536.1107526346407,1.4007072253986868
39,composite_30_conservative_dmonth,not_completed,0.07565925469277252,2249.3735988568465,1.1081935399812601
39,composite_90_conservative_dmonth,early,0.0816600238777317,388.73659844908457,1.4435693599201322
39,composite_90_conservative_dmonth,not_completed,0.0816600238777317,1731.8369052498695,1.1452629158108638
40,composite_30,early,0.08224351728038157,571.7061389375963,1.2709493385764068
40,composite_30,not_completed,0.08224351728038157,2558.282787395689,1.0696012311953274
40,readmit_30,early,0.08249043797859296,571.5353510425035,1.2807740454841494
40,readmit_30,not_completed,0.08249043797859296,2558.1791716569433,1.0720039932841783
40,death_30,early,0.08279493031038031,572.8476115406529,1.2621625359245954
40,death_30,not_completed,0.08279493031038031,2567.288622045437,1.067946362986403
40,composite_90,early,0.07917730926272534,477.4379029094821,1.2754469464581422
40,composite_90,not_completed,0.07917730926272534,2096.395426816799,1.0744761843676118
40,composite_30_conservative_dmonth,early,0.08786606614978858,529.0011434353281,1.2957869640161621
40,composite_30_conservative_dmonth,not_completed,0.08786606614978858,2337.213940992057,1.0761221277067166
40,composite_90_conservative_dmonth,early,0.07630828749743128,407.98902033474025,1.315419090210764
40,composite_90_conservative_dmonth,not_completed,0.07630828749743128,1832.37237210444,1.0830319109726292
41,composite_30,early,0.06606218698967528,544.5500046042862,1.3450081058257077
41,composite_30,not_completed,0.06606218698967528,2409.643458707712,1.0888363347069523
41,readmit_30,early,0.06605976439882032,544.5098080752559,1.3530432125676848
41,readmit_30,not_completed,0.06605976439882032,2409.620699441711,1.0902413669836524
41,death_30,early,0.06531770425301438,544.6426078268136,1.3432298055391287
41,death_30,not_completed,0.06531770425301438,2419.6714404245527,1.0883384567594883
41,composite_90,early,0.09775424194713056,443.610212101623,1.3734355142661263
41,composite_90,not_completed,0.09775424194713056,1938.113384726439,1.0917505843995288
41,composite_30_conservative_dmonth,early,0.07995727114430645,498.5029991086599,1.343904296141247
41,composite_30_conservative_dmonth,not_completed,0.07995727114430645,2170.88647793679,1.0928104375458252
41,composite_90_conservative_dmonth,early,0.1296193610053491,374.86843576078354,1.3999875037533434
41,composite_90_conservative_dmonth,not_completed,0.1296193610053491,1640.8292104547097,1.1146458844862315
42,composite_30,early,0.08787532951172587,546.6850699744805,1.3912988838032652
42,composite_30,not_completed,0.08787532951172587,2493.20122698356,1.0780603262962356
42,readmit_30,early,0.08794595612319256,546.9740874927525,1.387826952358747
42,readmit_30,not_completed,0.08794595612319256,2493.2233749533893,1.0784254147551948
42,death_30,early,0.08667338370495194,547.5499667663616,1.3569131505134284
42,death_30,not_completed,0.08667338370495194,2500.1940323109243,1.07580489268518
42,composite_90,early,0.06319293997545555,455.3982037763401,1.3535189187143346
42,composite_90,not_completed,0.06319293997545555,2051.3446260667306,1.0785733288162063
42,composite_30_conservative_dmonth,early,0.0796158056847731,505.01983766502485,1.3312874516119009
42,composite_30_conservative_dmonth,not_completed,0.0796158056847731,2274.329822974724,1.0747785543640005
42,composite_90_conservative_dmonth,early,0.08920981298377764,376.9560765744973,1.4530814324629404
42,composite_90_conservative_dmonth,not_completed,0.08920981298377764,1751.2689211428992,1.0983933401614538
43,composite_30,early,0.07114352749334336,544.0505290723695,1.366552658407735
43,composite_30,not_completed,0.07114352749334336,2532.088917548105,1.0911447591596828
43,readmit_30,early,0.07117037098377098,544.141693779788,1.37174971579769
43,readmit_30,not_completed,0.07117037098377098,2532.0621338084366,1.0942704711704612
43,death_30,early,0.07305387850152983,546.4217181321104,1.359905931963102
43,death_30,not_completed,0.07305387850152983,2546.1581124686304,1.085696322226814
43,composite_90,early,0.06879946403310308,460.20703269103757,1.3648776118711494
43,composite_90,not_completed,0.06879946403310308,2011.8404143047862,1.107672893147116
43,composite_30_conservative_dmonth,early,0.06690143036425045,507.1708506038268,1.3785644475407866
43,composite_30_conservative_dmonth,not_completed,0.06690143036425045,2286.9984568172863,1.0974633619557272
43,composite_90_conservative_dmonth,early,0.08604451672536503,399.1290820417013,1.405816436488127
43,composite_90_conservative_dmonth,not_completed,0.08604451672536503,1750.6348679792666,1.117060948357668
44,composite_30,early,0.0731171482531416,528.1415961044004,1.2895119773533497
44,composite_30,not_completed,0.0731171482531416,2541.2787025647954,1.066044049430616
44,readmit_30,early,0.0731262769072614,528.1382854372478,1.29369432610152
44,readmit_30,not_completed,0.0731262769072614,2541.299366626428,1.0647046590151767
44,death_30,early,0.07349950871985089,528.792562772021,1.3075932962298602
44,death_30,not_completed,0.07349950871985089,2553.2171795164068,1.0677195196875624
44,composite_90,early,0.08344437621953389,435.40711980978125,1.3531189665512713
44,composite_90,not_completed,0.08344437621953389,2018.5012426773656,1.0792336649530898
44,composite_30_conservative_dmonth,early,0.07672833241472707,495.05828593832814,1.2953540505844916
44,composite_30_conservative_dmonth,not_completed,0.07672833241472707,2291.381184877242,1.073593783133576
44,composite_90_conservative_dmonth,early,0.09422758342352834,362.16218350170607,1.4127155591126357
44,composite_90_conservative_dmonth,not_completed,0.09422758342352834,1737.1962183477917,1.099397427637613
45,composite_30,early,0.07170793570662695,548.0166188444723,1.4428966659578837
45,composite_30,not_completed,0.07170793570662695,2538.063695099601,1.1129229370512608
45,readmit_30,early,0.07172032461123093,547.8706111809663,1.4360059105676213
45,readmit_30,not_completed,0.07172032461123093,2537.95180919969,1.1165398139602671
45,death_30,early,0.07004913699255094,550.3373917672051,1.412893361423667
45,death_30,not_completed,0.07004913699255094,2552.151378590415,1.111459578898455
45,composite_90,early,0.0698536810711123,463.4103985859469,1.3651666561884352
45,composite_90,not_completed,0.0698536810711123,2083.366367606192,1.1078870750332654
45,composite_30_conservative_dmonth,early,0.07035591583559721,520.2698106364071,1.3954428159628816
45,composite_30_conservative_dmonth,not_completed,0.07035591583559721,2310.9908109276867,1.1139258871408104
45,composite_90_conservative_dmonth,early,0.07477643811834621,402.84826178067703,1.4153792273218508
45,composite_90_conservative_dmonth,not_completed,0.07477643811834621,1820.1711246540167,1.117792477866808
46,composite_30,early,0.0833390170015503,546.321561017914,1.290410393877545
46,composite_30,not_completed,0.0833390170015503,2435.9207758698635,1.087346310101209
46,readmit_30,early,0.08339985575337758,546.2708597387148,1.291324740780032
46,readmit_30,not_completed,0.08339985575337758,2435.8892083241485,1.0894206661350194
46,death_30,early,0.0820668790755971,547.3248367205789,1.282303540820516
46,death_30,not_completed,0.0820668790755971,2448.8696735057024,1.0894721760357082
46,composite_90,early,0.08859841603636691,463.27303287465344,1.33692813897365
46,composite_90,not_completed,0.08859841603636691,1962.859744653553,1.0988592600004174
46,composite_30_conservative_dmonth,early,0.09156478444704573,516.7012783999058,1.3253686082245004
46,composite_30_conservative_dmonth,not_completed,0.09156478444704573,2194.643425253994,1.0989881204603142
46,composite_90_conservative_dmonth,early,0.11551076154847577,394.37689989129177,1.3931174660234038
46,composite_90_conservative_dmonth,not_completed,0.11551076154847577,1699.930417213043,1.1117298692210893
47,composite_30,early,0.08966335896521695,547.2824352677826,1.2821286289262912
47,composite_30,not_completed,0.08966335896521695,2441.0686502364347,1.084762531827365
47,readmit_30,early,0.08968158014595706,547.1593111464553,1.2761204994816162
47,readmit_30,not_completed,0.08968158014595706,2440.9527305156166,1.0916824924730273
47,death_30,early,0.08656496516215549,548.4627980854267,1.2632948215062418
47,death_30,not_completed,0.08656496516215549,2457.1257252686178,1.0816466957306687
47,composite_90,early,0.08852261749509997,448.74207932665627,1.3107397111540804
47,composite_90,not_completed,0.08852261749509997,2011.165396471584,1.0949606220513122
47,composite_30_conservative_dmonth,early,0.09198603674088436,511.00185574767255,1.3052440181976237
47,composite_30_conservative_dmonth,not_completed,0.09198603674088436,2228.900197279698,1.0916581393638032
47,composite_90_conservative_dmonth,early,0.10436478620711293,383.489779441286,1.3010366754158058
47,composite_90_conservative_dmonth,not_completed,0.10436478620711293,1730.991754977472,1.0987339659832764
48,composite_30,early,0.0655937815137625,580.9931284295313,1.2960862318161077
48,composite_30,not_completed,0.0655937815137625,2439.301208176108,1.0750246446799785
48,readmit_30,early,0.06539321419973972,580.7531049461824,1.3039545333934963
48,readmit_30,not_completed,0.06539321419973972,2439.1338243708633,1.0833759480248122
48,death_30,early,0.06621547991399379,582.0420150885157,1.284883595813299
48,death_30,not_completed,0.06621547991399379,2452.1777797066084,1.0837224622734551
48,composite_90,early,0.07429921859858574,485.0272433882966,1.3021501905100996
48,composite_90,not_completed,0.07429921859858574,1986.411088896521,1.08902245403312
48,composite_30_conservative_dmonth,early,0.06993710243386725,541.5222354301494,1.3154127493850587
48,composite_30_conservative_dmonth,not_completed,0.06993710243386725,2209.1340109509433,1.0934650813679965
48,composite_90_conservative_dmonth,early,0.07396182086877141,418.03055569457166,1.3442664609999833
48,composite_90_conservative_dmonth,not_completed,0.07396182086877141,1746.0265892625453,1.1016536974530016
49,composite_30,early,0.08362677289803623,560.1138188307877,1.2621686766520464
49,composite_30,not_completed,0.08362677289803623,2483.4999157095567,1.0682535482773503
49,readmit_30,early,0.08359220418195848,560.3013256582523,1.2477600299291511
49,readmit_30,not_completed,0.08359220418195848,2483.558241120796,1.0660585989261695
49,death_30,early,0.08523333624064108,561.1159315503455,1.2633684543732684
49,death_30,not_completed,0.08523333624064108,2495.5016039028005,1.0682469137460413
49,composite_90,early,0.09046344497483082,470.9909920390918,1.2868912463887137
49,composite_90,not_completed,0.09046344497483082,2016.6937662666746,1.076648871672683
49,composite_30_conservative_dmonth,early,0.09435685198380812,527.3055321688905,1.2924467679226732
49,composite_30_conservative_dmonth,not_completed,0.09435685198380812,2258.5438864032917,1.0741636866108608
49,composite_90_conservative_dmonth,early,0.09648157268240275,407.9087888554929,1.3073782633323736
49,composite_90_conservative_dmonth,not_completed,0.09648157268240275,1776.5388736799046,1.0794057230098626
50,composite_30,early,0.0752529413231753,577.8929115578076,1.3336473507494528
50,composite_30,not_completed,0.0752529413231753,2558.4908518213338,1.0902736072745496
50,readmit_30,early,0.07522716356104159,578.0445070192326,1.3119847629458323
50,readmit_30,not_completed,0.07522716356104159,2558.5019468122637,1.0911131262019076
50,death_30,early,0.0772710981863511,580.1313035625333,1.3212604930771228
50,death_30,not_completed,0.0772710981863511,2571.5182098106784,1.0893468772161168
50,composite_90,early,0.09309954385273778,482.73991797600024,1.3080890366108682
50,composite_90,not_completed,0.09309954385273778,2067.7112261452016,1.0974451975631223
50,composite_30_conservative_dmonth,early,0.09030605684518897,534.6224844209851,1.3063294357328856
50,composite_30_conservative_dmonth,not_completed,0.09030605684518897,2307.6536077812093,1.098183514390677
50,composite_90_conservative_dmonth,early,0.08886146922999799,413.1496577222023,1.289218628564783
50,composite_90_conservative_dmonth,not_completed,0.08886146922999799,1792.7847722624426,1.110941875211967
51,composite_30,early,0.11975211404287435,523.5950099712904,1.3406344861472672
51,composite_30,not_completed,0.11975211404287435,2353.1306938393664,1.0819036255936831
51,readmit_30,early,0.11978665643002032,523.5198965259153,1.334657833432222
51,readmit_30,not_completed,0.11978665643002032,2353.0604663996014,1.0867148137855822
51,death_30,early,0.12080539825776397,524.5117660059118,1.33656361930736
51,death_30,not_completed,0.12080539825776397,2362.105311303305,1.0833305390023653
51,composite_90,early,0.10170352256875459,434.36333042670924,1.3778489804028338
51,composite_90,not_completed,0.10170352256875459,1922.360489529157,1.0853237439606376
51,composite_30_conservative_dmonth,early,0.11590235496632337,492.3117587625542,1.3699360110849756
51,composite_30_conservative_dmonth,not_completed,0.11590235496632337,2120.110220295387,1.0911500112961885
51,composite_90_conservative_dmonth,early,0.09414452931492362,370.7250945453797,1.5352334325618957
51,composite_90_conservative_dmonth,not_completed,0.09414452931492362,1649.8618058932373,1.1155149558744737
52,composite_30,early,0.08485265236251383,579.5450375005223,1.3453069777009046
52,composite_30,not_completed,0.08485265236251383,2599.747311875726,1.086271622078669
52,readmit_30,early,0.08484957273284878,579.5691146407394,1.3383502351755618
52,readmit_30,not_completed,0.08484957273284878,2599.7261053900215,1.0903680787634602
52,death_30,early,0.08516922399650428,581.7134366383748,1.3169836011635445
52,death_30,not_completed,0.08516922399650428,2611.8224375303685,1.0845465554904723
52,composite_90,early,0.07816598411586832,483.89191497963594,1.375571250175387
52,composite_90,not_completed,0.07816598411586832,2134.910846615754,1.0880688856281358
52,composite_30_conservative_dmonth,early,0.09089843172448811,539.2165114928282,1.3184476571094326
52,composite_30_conservative_dmonth,not_completed,0.09089843172448811,2368.854528460465,1.093047925214516
52,composite_90_conservative_dmonth,early,0.10442413549484811,408.9691387302763,1.4311399970228542
52,composite_90_conservative_dmonth,not_completed,0.10442413549484811,1832.8486261212176,1.1039777004931108
53,composite_30,early,0.06806406954927796,511.11480501223525,1.3386912482878381
53,composite_30,not_completed,0.06806406954927796,2406.885098501863,1.0782318610214614
53,readmit_30,early,0.06803939149645512,511.45716530751486,1.3248716845653066
53,readmit_30,not_completed,0.06803939149645512,2406.9595255335703,1.0769702983004035
53,death_30,early,0.06852490940627014,512.8614774554429,1.3657392194065663
53,death_30,not_completed,0.06852490940627014,2419.8430490652763,1.0821604834657181
53,composite_90,early,0.08897290544908473,415.57476482173297,1.3792206766526385
53,composite_90,not_completed,0.08897290544908473,1880.062562543454,1.0935919003697523
53,composite_30_conservative_dmonth,early,0.07165182508403702,473.1030770612549,1.3208192522434752
53,composite_30_conservative_dmonth,not_completed,0.07165182508403702,2168.0693791433064,1.082595636976115
53,composite_90_conservative_dmonth,early,0.11323361624255147,358.9421805492355,1.3441548561563341
53,composite_90_conservative_dmonth,not_completed,0.11323361624255147,1625.4252293389982,1.0843458825609802
54,composite_30,early,0.08231768271938358,552.9229315498079,1.3121251381527965
54,composite_30,not_completed,0.08231768271938358,2455.0805088795532,1.0837921272511752
54,readmit_30,early,0.08236922445243927,552.6590915662445,1.3212282765232897
54,readmit_30,not_completed,0.08236922445243927,2454.9397445936947,1.0882733196783927
54,death_30,early,0.08281926876642134,553.9288299565585,1.3018635537553187
54,death_30,not_completed,0.08281926876642134,2465.0393954291835,1.0879151402581493
54,composite_90,early,0.08879168267331809,457.7729035065442,1.2984699360381284
54,composite_90,not_completed,0.08879168267331809,1966.38613692168,1.0893952959024436
54,composite_30_conservative_dmonth,early,0.09232497383914294,511.7532618013892,1.3074716892049907
54,composite_30_conservative_dmonth,not_completed,0.09232497383914294,2202.90939994587,1.093083480502953
54,composite_90_conservative_dmonth,early,0.1119902545932453,388.06997009989516,1.3790354040782389
54,composite_90_conservative_dmonth,not_completed,0.1119902545932453,1736.00515109146,1.1023369001033636
55,composite_30,early,0.0689103483280772,583.4692325770125,1.264947843647649
55,composite_30,not_completed,0.0689103483280772,2452.7882515444985,1.0894635176556642
55,readmit_30,early,0.06898216767021036,583.5411207232083,1.2591560818617678
55,readmit_30,not_completed,0.06898216767021036,2452.725487206032,1.0914866464300592
55,death_30,early,0.06925048348950016,585.1750769464506,1.2794301981612977
55,death_30,not_completed,0.06925048348950016,2467.7094782943145,1.0905306714117546
55,composite_90,early,0.06921565775041437,488.90452583364925,1.2635477776282968
55,composite_90,not_completed,0.06921565775041437,1972.169509688055,1.0855638054151715
55,composite_30_conservative_dmonth,early,0.07420947323042221,543.3161732007819,1.248230493162887
55,composite_30_conservative_dmonth,not_completed,0.07420947323042221,2209.946367473647,1.08853478768143
55,composite_90_conservative_dmonth,early,0.07650440676895871,423.2442328960477,1.2975801288401796
55,composite_90_conservative_dmonth,not_completed,0.07650440676895871,1740.8324151951927,1.1145899095682237
56,composite_30,early,0.08310383202136967,576.863673211064,1.3563110549425188
56,composite_30,not_completed,0.08310383202136967,2556.6727740318142,1.0857278161550625
56,readmit_30,early,0.08312765477686265,576.9801434266958,1.3499195991486366
56,readmit_30,not_completed,0.08312765477686265,2556.6672165488662,1.0857797182087383
56,death_30,early,0.08283200664786042,576.6709004252896,1.3622499947971825
56,death_30,not_completed,0.08283200664786042,2569.6068173198773,1.0840841784624624
56,composite_90,early,0.09507179618002136,477.86972734852225,1.4427334514766654
56,composite_90,not_completed,0.09507179618002136,2070.6623506329556,1.091240290219491
56,composite_30_conservative_dmonth,early,0.08758769508695755,537.203756818513,1.3685016678008128
56,composite_30_conservative_dmonth,not_completed,0.08758769508695755,2325.6213843669047,1.0862481503891184
56,composite_90_conservative_dmonth,early,0.1054133409587172,412.0539100577813,1.4953242667350668
56,composite_90_conservative_dmonth,not_completed,0.1054133409587172,1793.7633398668688,1.096074377214847
57,composite_30,early,0.08870708570737432,539.8669913355529,1.374217421982088
57,composite_30,not_completed,0.08870708570737432,2428.0982485202176,1.076818945996886
57,readmit_30,early,0.08873744562196352,540.2579867485052,1.3609635615735896
57,readmit_30,not_completed,0.08873744562196352,2428.148271352208,1.0783415050480025
57,death_30,early,0.08816701799822942,541.1609473388144,1.378555539009803
57,death_30,not_completed,0.08816701799822942,2440.1113161909443,1.077754309321499
57,composite_90,early,0.07944207589718186,448.0841991559415,1.367626256461565
57,composite_90,not_completed,0.07944207589718186,1969.781972200364,1.102397659110002
57,composite_30_conservative_dmonth,early,0.08999936361242779,501.5857324409488,1.367437153502059
57,composite_30_conservative_dmonth,not_completed,0.08999936361242779,2171.916440739919,1.0937435585682937
57,composite_90_conservative_dmonth,early,0.11535808764141073,379.9331957466396,1.4749941799274076
57,composite_90_conservative_dmonth,not_completed,0.11535808764141073,1693.6462329158123,1.1247123631491815
58,composite_30,early,0.07783381995872936,537.1176478591159,1.3354629059715004
58,composite_30,not_completed,0.07783381995872936,2383.660508278068,1.0891809252565168
58,readmit_30,early,0.07771653186907346,536.962401118199,1.3559119220081532
58,readmit_30,not_completed,0.07771653186907346,2383.5561272051646,1.0914782891850658
58,death_30,early,0.07795782224657166,539.0114051136845,1.3348208402391561
58,death_30,not_completed,0.07795782224657166,2396.6044178797,1.0896698266422735
58,composite_90,early,0.0858793667408644,429.10828839714617,1.3811851656197716
58,composite_90,not_completed,0.0858793667408644,1881.5868357195377,1.1103307308047528
58,composite_30_conservative_dmonth,early,0.083027391039953,492.9063505029923,1.3535529710063152
58,composite_30_conservative_dmonth,not_completed,0.083027391039953,2143.270143645018,1.1075591547259367
58,composite_90_conservative_dmonth,early,0.08346914143348348,369.28469449740305,1.440208872567647
58,composite_90_conservative_dmonth,not_completed,0.08346914143348348,1631.9694500399453,1.1317039434506475
59,composite_30,early,0.08851711523150838,563.8278913150003,1.2807423045143762
59,composite_30,not_completed,0.08851711523150838,2482.088761229456,1.1082704602576694
59,readmit_30,early,0.088631573391533,563.7261287602521,1.2978174021895692
59,readmit_30,not_completed,0.088631573391533,2481.9850414150746,1.1143124141132474
59,death_30,early,0.08821823234523939,565.7526255405481,1.2826300202948333
59,death_30,not_completed,0.08821823234523939,2494.061071679773,1.1093811198592858
59,composite_90,early,0.07535153160189499,472.21758436311865,1.3662459534437812
59,composite_90,not_completed,0.07535153160189499,2016.2145422398135,1.1170424818475466
59,composite_30_conservative_dmonth,early,0.07900378041643832,527.0219100958035,1.30387128155053
59,composite_30_conservative_dmonth,not_completed,0.07900378041643832,2237.0421086055976,1.1184027951820612
59,composite_90_conservative_dmonth,early,0.09044844575333941,400.65067261228495,1.370843066600458
59,composite_90_conservative_dmonth,not_completed,0.09044844575333941,1757.2463800050175,1.1387025976464185
60,composite_30,early,0.08432145330672554,500.31044931330456,1.4505845862077107
60,composite_30,not_completed,0.08432145330672554,2347.2073820635374,1.1005354455491405
60,readmit_30,early,0.08443805566303715,500.4723356324606,1.4356076481756845
60,readmit_30,not_completed,0.08443805566303715,2347.2523511532786,1.1002256178457814
60,death_30,early,0.08426137314957798,501.5370992991306,1.4405744034148984
60,death_30,not_completed,0.08426137314957798,2358.303712362726,1.0992537227497055
60,composite_90,early,0.07249890823486645,413.8314389871194,1.4901777664900597
60,composite_90,not_completed,0.07249890823486645,1831.3973517464049,1.1063915309014218
60,composite_30_conservative_dmonth,early,0.07888013651680184,469.93295982565735,1.4204721380026917
60,composite_30_conservative_dmonth,not_completed,0.07888013651680184,2100.281142618505,1.1068543454528836
60,composite_90_conservative_dmonth,early,0.07397236489066035,348.8425946709405,1.5391033785139652
60,composite_90_conservative_dmonth,not_completed,0.07397236489066035,1579.4260201645504,1.1318920250640991
61,composite_30,early,0.08358999003227019,547.2437641358556,1.2837912395778832
61,composite_30,not_completed,0.08358999003227019,2484.210272686214,1.0705139823713945
61,readmit_30,early,0.08360747490664638,547.4090443233463,1.2839060841181913
61,readmit_30,not_completed,0.08360747490664638,2484.282279685923,1.0680762864738103
61,death_30,early,0.08294419442788396,547.7267903518114,1.277468712232729
61,death_30,not_completed,0.08294419442788396,2492.390197561146,1.0664849452224339
61,composite_90,early,0.07859265082812693,453.88506646250215,1.324515577811435
61,composite_90,not_completed,0.07859265082812693,2030.0406714947578,1.0765439287554635
61,composite_30_conservative_dmonth,early,0.079696053307892,507.0694933415063,1.300533324635942
61,composite_30_conservative_dmonth,not_completed,0.079696053307892,2259.1801343849816,1.0719273221578214
61,composite_90_conservative_dmonth,early,0.08512381983731286,389.59944261738457,1.404026441128237
61,composite_90_conservative_dmonth,not_completed,0.08512381983731286,1784.8523691735018,1.0931129442782275
62,composite_30,early,0.08091495613974192,581.4700681794087,1.3622963275066622
62,composite_30,not_completed,0.08091495613974192,2674.8773029202457,1.0727342040442829
62,readmit_30,early,0.08094208058170789,581.6028266924625,1.366197240449935
62,readmit_30,not_completed,0.08094208058170789,2674.892829079052,1.075715448302551
62,death_30,early,0.08076656711310588,581.189923302074,1.3776796021721758
62,death_30,not_completed,0.08076656711310588,2684.7906211581676,1.0729243882313855
62,composite_90,early,0.10027016157318303,482.023983830965,1.4245642602417994
62,composite_90,not_completed,0.10027016157318303,2182.824230555931,1.0830868859109966
62,composite_30_conservative_dmonth,early,0.09313308578737686,542.7709507979428,1.3776250063623365
62,composite_30_conservative_dmonth,not_completed,0.09313308578737686,2413.9621448179896,1.0768756709285177
62,composite_90_conservative_dmonth,early,0.10955711886230987,409.08898709480377,1.4639392531843445
62,composite_90_conservative_dmonth,not_completed,0.10955711886230987,1892.0250515098533,1.0897791238059353
63,composite_30,early,0.06495984360311213,535.8557441708139,1.3658369914906163
63,composite_30,not_completed,0.06495984360311213,2491.3889348863254,1.0987224224825969
63,readmit_30,early,0.06499126921046097,535.7566416404245,1.3665837656780624
63,readmit_30,not_completed,0.06499126921046097,2491.3331306889686,1.1021961394941335
63,death_30,early,0.06477655254710346,537.0508804872667,1.360968455215483
63,death_30,not_completed,0.06477655254710346,2498.442579714525,1.099353041834483
63,composite_90,early,0.06147024117936322,436.82928674579404,1.3529801031879132
63,composite_90,not_completed,0.06147024117936322,1975.7004281487648,1.1092785425300598
63,composite_30_conservative_dmonth,early,0.06127128585759702,497.61961565948764,1.3927347211434091
63,composite_30_conservative_dmonth,not_completed,0.06127128585759702,2236.4644342562137,1.1056442145599983
63,composite_90_conservative_dmonth,early,0.07402687228325898,368.508840115294,1.4569540997126085
63,composite_90_conservative_dmonth,not_completed,0.07402687228325898,1712.3369459004386,1.1256661955177538
64,composite_30,early,0.06327320929122614,565.2653179065526,1.3349931793034453
64,composite_30,not_completed,0.06327320929122614,2514.690124536968,1.0926644051210477
64,readmit_30,early,0.06325604640437876,565.1716736719666,1.3370988671919841
64,readmit_30,not_completed,0.06325604640437876,2514.6696896579797,1.092130773404221
64,death_30,early,0.06244819720418419,567.3932057743593,1.3162101665628043
64,death_30,not_completed,0.06244819720418419,2528.704950975686,1.088856777670933
64,composite_90,early,0.0580414042123862,473.5100535658329,1.348432196172345
64,composite_90,not_completed,0.0580414042123862,2069.8974754091932,1.0942405168212488
64,composite_30_conservative_dmonth,early,0.05953429880245992,526.2415544129086,1.3224359902353324
64,composite_30_conservative_dmonth,not_completed,0.05953429880245992,2289.832000842642,1.0917127202619556
64,composite_90_conservative_dmonth,early,0.06893552913101,400.23321539217653,1.4074808043614915
64,composite_90_conservative_dmonth,not_completed,0.06893552913101,1814.021566837044,1.0952527206394873
65,composite_30,early,0.08309748490696242,549.0910985845422,1.3023427235184732
65,composite_30,not_completed,0.08309748490696242,2462.082434246609,1.0901415713497844
65,readmit_30,early,0.08309233669191875,549.1837497276167,1.3018089358655984
65,readmit_30,not_completed,0.08309233669191875,2462.0724019543454,1.0918621957255683
65,death_30,early,0.07957285359770723,549.7110183210923,1.295576457758834
65,death_30,not_completed,0.07957285359770723,2478.0184173912244,1.0889058918542225
65,composite_90,early,0.10186097454665431,462.46168920023723,1.3179028310020207
65,composite_90,not_completed,0.10186097454665431,1966.968277167415,1.0900479303436974
65,composite_30_conservative_dmonth,early,0.09132591763739602,515.5578658291752,1.2676262289112952
65,composite_30_conservative_dmonth,not_completed,0.09132591763739602,2231.227360177815,1.085559072943291
65,composite_90_conservative_dmonth,early,0.12810421553222703,388.9475017817016,1.328682884915869
65,composite_90_conservative_dmonth,not_completed,0.12810421553222703,1691.1010285550988,1.0888177816023539
66,composite_30,early,0.08098416745846677,591.5818393635666,1.2932911450596765
66,composite_30,not_completed,0.08098416745846677,2564.0365681323533,1.0842274554260138
66,readmit_30,early,0.08115640994994235,591.5556778989408,1.293880705220042
66,readmit_30,not_completed,0.08115640994994235,2563.964083646239,1.088410999656662
66,death_30,early,0.08134155278170371,592.6507589880244,1.2816457101898497
66,death_30,not_completed,0.08134155278170371,2578.033602792718,1.0854389554917787
66,composite_90,early,0.09500370667074995,481.45435151048525,1.3464368126814126
66,composite_90,not_completed,0.09500370667074995,2099.137066384758,1.0900849939093005
66,composite_30_conservative_dmonth,early,0.08678253289685074,546.13405025619,1.3462766225077523
66,composite_30_conservative_dmonth,not_completed,0.08678253289685074,2353.7792407461507,1.0910695589340818
66,composite_90_conservative_dmonth,early,0.09326537946792612,411.0501277759114,1.3326080358496397
66,composite_90_conservative_dmonth,not_completed,0.09326537946792612,1811.139125760592,1.097356379586897
67,composite_30,early,0.083143719294051,539.8262083535942,1.2106779286627638
67,composite_30,not_completed,0.083143719294051,2516.7307210518516,1.0580881576817174
67,readmit_30,early,0.0829981709610929,539.8530174705659,1.2073290419136586
67,readmit_30,not_completed,0.0829981709610929,2516.6862893658977,1.0609968548996087
67,death_30,early,0.08308818782181839,540.5255735214764,1.22402866412399
67,death_30,not_completed,0.08308818782181839,2528.618070296076,1.0631555243891677
67,composite_90,early,0.0788816345423412,440.75684699842253,1.2677519583803771
67,composite_90,not_completed,0.0788816345423412,2023.8497228096185,1.0617415563722028
67,composite_30_conservative_dmonth,early,0.08163438173263055,507.7833733976792,1.2348278422135033
67,composite_30_conservative_dmonth,not_completed,0.08163438173263055,2310.7143166546234,1.0680556709403888
67,composite_90_conservative_dmonth,early,0.09026710077489446,380.0499762878809,1.32291578349278
67,composite_90_conservative_dmonth,not_completed,0.09026710077489446,1749.6186778570511,1.0796260326191598
68,composite_30,early,0.07320507718960148,565.7295970811696,1.3323210020733984
68,composite_30,not_completed,0.07320507718960148,2590.8564244177637,1.0775949004362824
68,readmit_30,early,0.07320705671952152,565.80255162106,1.3224744594463438
68,readmit_30,not_completed,0.07320705671952152,2590.868170872747,1.0791964376710772
68,death_30,early,0.0731173059368685,567.7825080073492,1.3391537503145154
68,death_30,not_completed,0.0731173059368685,2600.8703321443504,1.0768079000145723
68,composite_90,early,0.07236741535210367,466.2809529842395,1.385005437656795
68,composite_90,not_completed,0.07236741535210367,2110.052889071796,1.0762453123778761
68,composite_30_conservative_dmonth,early,0.077261016169387,526.669441641874,1.3564783813744943
68,composite_30_conservative_dmonth,not_completed,0.077261016169387,2361.7741388969407,1.0824064640150772
68,composite_90_conservative_dmonth,early,0.09177053050721828,406.50038354967955,1.4104272917954352
68,composite_90_conservative_dmonth,not_completed,0.09177053050721828,1848.112942278415,1.0845153492224155
69,composite_30,early,0.08322158219914803,570.9318578745568,1.3163670824277771
69,composite_30,not_completed,0.08322158219914803,2477.7525081475346,1.0862517108409744
69,readmit_30,early,0.0832873665853668,570.7953031804341,1.3217887766564829
69,readmit_30,not_completed,0.0832873665853668,2477.674906647468,1.0873116973412251
69,death_30,early,0.08138275280876796,572.9288388098998,1.3201825880238034
69,death_30,not_completed,0.08138275280876796,2485.7553580393387,1.0862035817710456
69,composite_90,early,0.1009430261452821,468.9431741310592,1.37346923254794
69,composite_90,not_completed,0.1009430261452821,2009.4406610430597,1.0981969130820242
69,composite_30_conservative_dmonth,early,0.08781444198013538,534.2799070070186,1.3602436001768416
69,composite_30_conservative_dmonth,not_completed,0.08781444198013538,2245.4164109708004,1.0911126834904643
69,composite_90_conservative_dmonth,early,0.10356274086110194,399.05270042370825,1.440647292153342
69,composite_90_conservative_dmonth,not_completed,0.10356274086110194,1768.2338172436812,1.126090794060991
70,composite_30,early,0.06545437422727618,552.1116560728683,1.2758146484134845
70,composite_30,not_completed,0.06545437422727618,2558.4909553819202,1.0605417921308524
70,readmit_30,early,0.06546616282996258,552.131772444204,1.2487452494324827
70,readmit_30,not_completed,0.06546616282996258,2558.412215716901,1.0605416188045438
70,death_30,early,0.06566003230112592,553.2294112857428,1.2495548083012729
70,death_30,not_completed,0.06566003230112592,2569.418196960849,1.0594810287636365
70,composite_90,early,0.07220088974030302,455.0142603535068,1.3335979310797321
70,composite_90,not_completed,0.07220088974030302,2100.5251150257036,1.0718501779164218
70,composite_30_conservative_dmonth,early,0.0671384738199119,518.7492278878543,1.2646726239299797
70,composite_30_conservative_dmonth,not_completed,0.0671384738199119,2339.5830247010226,1.0648136127426115
70,composite_90_conservative_dmonth,early,0.06446908714523422,384.4301649319007,1.3897274734543503
70,composite_90_conservative_dmonth,not_completed,0.06446908714523422,1829.304660366891,1.0855326752630472
71,composite_30,early,0.06515744376208694,566.5962321854475,1.3515246185495395
71,composite_30,not_completed,0.06515744376208694,2540.6495534738624,1.0852307914626578
71,readmit_30,early,0.06515352142811935,566.5041027384804,1.3490311981043779
71,readmit_30,not_completed,0.06515352142811935,2540.6451431960336,1.0844037834253661
71,death_30,early,0.06458526767588312,568.6235220499802,1.3275138818520031
71,death_30,not_completed,0.06458526767588312,2555.709481209409,1.0844897842021826
71,composite_90,early,0.06615266971521741,469.150397665537,1.3626177166404072
71,composite_90,not_completed,0.06615266971521741,2062.8672466077605,1.0918072931498748
71,composite_30_conservative_dmonth,early,0.06234840614943148,525.9178326246977,1.3728024669356746
71,composite_30_conservative_dmonth,not_completed,0.06234840614943148,2305.6500097932426,1.097108207431894
71,composite_90_conservative_dmonth,early,0.07496104524948588,407.1737638243773,1.4127641014320438
71,composite_90_conservative_dmonth,not_completed,0.07496104524948588,1823.8276502157908,1.1046235458236455
72,composite_30,early,0.07336863062622716,542.8434775856723,1.3742251707308395
72,composite_30,not_completed,0.07336863062622716,2549.7835339480366,1.0864529288370814
72,readmit_30,early,0.07339562554403979,542.7124585334153,1.4009172719509633
72,readmit_30,not_completed,0.07339562554403979,2549.6930499349887,1.090846805559345
72,death_30,early,0.07272166299744925,544.3881097387925,1.4089059433118598
72,death_30,not_completed,0.07272166299744925,2563.6593116520307,1.088508346952649
72,composite_90,early,0.07770417958726189,451.10674992032153,1.4474869471489202
72,composite_90,not_completed,0.07770417958726189,2061.645925485061,1.1034692060952205
72,composite_30_conservative_dmonth,early,0.0763357220687229,509.37563237449956,1.4161761623866866
72,composite_30_conservative_dmonth,not_completed,0.0763357220687229,2298.598564287882,1.0926455947667273
72,composite_90_conservative_dmonth,early,0.0753860170792863,387.37320971101667,1.4757461945851154
72,composite_90_conservative_dmonth,not_completed,0.0753860170792863,1818.5004987138648,1.1107432180188963
73,composite_30,early,0.0904707052872273,525.7737700839726,1.3269554164913595
73,composite_30,not_completed,0.0904707052872273,2429.925598844191,1.087016616696598
73,readmit_30,early,0.09045611333695423,525.6346258366069,1.3340495114887019
73,readmit_30,not_completed,0.09045611333695423,2429.899179446661,1.088368705485171
73,death_30,early,0.090526236840439,527.1930173238565,1.3105304104851487
73,death_30,not_completed,0.090526236840439,2441.0165714380714,1.081368572203949
73,composite_90,early,0.07224323241725886,429.28607968658497,1.3819046933477446
73,composite_90,not_completed,0.07224323241725886,1946.0526586056064,1.0957743970261138
73,composite_30_conservative_dmonth,early,0.08479051670847568,485.14627259287903,1.344703071791396
73,composite_30_conservative_dmonth,not_completed,0.08479051670847568,2179.049669494384,1.0882788532434218
73,composite_90_conservative_dmonth,early,0.07885004326349397,361.7013846382051,1.3839631186348436
73,composite_90_conservative_dmonth,not_completed,0.07885004326349397,1637.9414050022144,1.1131750966131522
74,composite_30,early,0.07700377298165824,575.1952846408723,1.346401061951127
74,composite_30,not_completed,0.07700377298165824,2666.9235823599206,1.0801528453791416
74,readmit_30,early,0.07701484361384672,575.3450349780884,1.331214538403121
74,readmit_30,not_completed,0.07701484361384672,2666.9655947879414,1.0787046267676272
74,death_30,early,0.08146048346042714,576.1931762691819,1.3460152226767361
74,death_30,not_completed,0.08146048346042714,2678.925140858985,1.0774858478152993
74,composite_90,early,0.07492852639323945,473.0088745663882,1.309745205734719
74,composite_90,not_completed,0.07492852639323945,2175.3470959718925,1.0757393177267365
74,composite_30_conservative_dmonth,early,0.08447240171975848,531.6629752798848,1.3458862391496726
74,composite_30_conservative_dmonth,not_completed,0.08447240171975848,2436.056641978565,1.0805849708790423
74,composite_90_conservative_dmonth,early,0.07086726043031623,402.5147511145124,1.357055075928451
74,composite_90_conservative_dmonth,not_completed,0.07086726043031623,1905.1526628887987,1.0963556086575084
75,composite_30,early,0.07222357960342916,546.2337510920771,1.3497117320622851
75,composite_30,not_completed,0.07222357960342916,2479.6254128751016,1.071521317240062
75,readmit_30,early,0.07225756770107016,546.759208440493,1.3290886362651209
75,readmit_30,not_completed,0.07225756770107016,2479.698525034596,1.0704837212426916
75,death_30,early,0.07302755819939231,548.9284852896648,1.2860957291454505
75,death_30,not_completed,0.07302755819939231,2493.710704275198,1.066414593708995
75,composite_90,early,0.06840244621932519,459.160563359292,1.4059385742504098
75,composite_90,not_completed,0.06840244621932519,2024.2302226674765,1.0907362738795967
75,composite_30_conservative_dmonth,early,0.06535062207289294,515.1838219364919,1.4293731692094895
75,composite_30_conservative_dmonth,not_completed,0.06535062207289294,2261.5721658363564,1.0783180417803173
75,composite_90_conservative_dmonth,early,0.0694192016699468,397.0667381159515,1.425745263517992
75,composite_90_conservative_dmonth,not_completed,0.0694192016699468,1795.2144674233666,1.1073775199539393
76,composite_30,early,0.07673350073680976,560.0838015246725,1.3398022549884128
76,composite_30,not_completed,0.07673350073680976,2569.6457106625608,1.1000141788076816
76,readmit_30,early,0.07686582905861407,559.6591580344169,1.3518236289932095
76,readmit_30,not_completed,0.07686582905861407,2569.4439017193936,1.1063522505530545
76,death_30,early,0.07636653092245088,561.2167950045251,1.3220892760874705
76,death_30,not_completed,0.07636653092245088,2580.6379664354777,1.0997525786695723
76,composite_90,early,0.0844338385759495,457.5868355857795,1.3826528179577657
76,composite_90,not_completed,0.0844338385759495,2054.6193629611453,1.124117535957737
76,composite_30_conservative_dmonth,early,0.07137511239461432,512.988646899917,1.4136879255285941
76,composite_30_conservative_dmonth,not_completed,0.07137511239461432,2321.3754833787843,1.116485589129296
76,composite_90_conservative_dmonth,early,0.08811061528992827,382.3160486197868,1.3739157717953419
76,composite_90_conservative_dmonth,not_completed,0.08811061528992827,1774.7516624095024,1.1351043263450968
77,composite_30,early,0.08437842766405326,561.5913261987736,1.3435607087229353
77,composite_30,not_completed,0.08437842766405326,2522.3001068952467,1.0785890217882357
77,readmit_30,early,0.08439587326115265,561.5577198764423,1.3518975574688867
77,readmit_30,not_completed,0.08439587326115265,2522.131440288263,1.0841335049555934
77,death_30,early,0.08191453307325684,563.3623603303911,1.3555871276087021
77,death_30,not_completed,0.08191453307325684,2537.248354971461,1.0806434723259795
77,composite_90,early,0.08819290230688485,457.9879260499517,1.3660072543223758
77,composite_90,not_completed,0.08819290230688485,2036.3909016066011,1.0826591192671027
77,composite_30_conservative_dmonth,early,0.08505429315263012,517.098360809681,1.3218991923517096
77,composite_30_conservative_dmonth,not_completed,0.08505429315263012,2286.2769166922603,1.0840042781542056
77,composite_90_conservative_dmonth,early,0.11286644085844143,390.0223167242352,1.4525797509861922
77,composite_90_conservative_dmonth,not_completed,0.11286644085844143,1754.2096542590195,1.09943789537208
78,composite_30,early,0.06962895299683927,587.1770191357524,1.2824129896789074
78,composite_30,not_completed,0.06962895299683927,2698.7180690138466,1.083512578605679
78,readmit_30,early,0.0696134800473531,586.8521206288563,1.2814637198128842
78,readmit_30,not_completed,0.0696134800473531,2698.5888976069,1.0839315704059524
78,death_30,early,0.06876053327666039,589.143876302291,1.2693308404469434
78,death_30,not_completed,0.06876053327666039,2708.6866249824106,1.084268017809399
78,composite_90,early,0.07038885464169745,495.7390081707733,1.2637384996723493
78,composite_90,not_completed,0.07038885464169745,2206.230574888619,1.0768094772657906
78,composite_30_conservative_dmonth,early,0.07551172839683608,556.3981930150926,1.292341556396367
78,composite_30_conservative_dmonth,not_completed,0.07551172839683608,2441.5433201473534,1.0907423616602472
78,composite_90_conservative_dmonth,early,0.08395839703087814,427.0063582846574,1.3026662873031956
78,composite_90_conservative_dmonth,not_completed,0.08395839703087814,1904.9814380416428,1.0899795298943946
79,composite_30,early,0.06542634700316492,550.6356384528987,1.3143051103929135
79,composite_30,not_completed,0.06542634700316492,2463.6892149649134,1.0656811917462596
79,readmit_30,early,0.06549185694913091,550.2249772640588,1.328133705863581
79,readmit_30,not_completed,0.06549185694913091,2463.6242819726467,1.0681159371619378
79,death_30,early,0.06543341211850173,550.2936394981512,1.3238602212193715
79,death_30,not_completed,0.06543341211850173,2476.632153011902,1.0680586491418942
79,composite_90,early,0.07189491524674889,456.2490398508799,1.2712246370366231
79,composite_90,not_completed,0.07189491524674889,2006.9153241756394,1.0653394999857504
79,composite_30_conservative_dmonth,early,0.07025352852730142,509.8727896889849,1.309677047356381
79,composite_30_conservative_dmonth,not_completed,0.07025352852730142,2232.7550354753876,1.0673498354513844
79,composite_90_conservative_dmonth,early,0.0923722074056117,386.6350050497864,1.293537056889657
79,composite_90_conservative_dmonth,not_completed,0.0923722074056117,1734.6945801778897,1.0800350328435668
80,composite_30,early,0.09471847797488082,551.2683680343285,1.3421933408178741
80,composite_30,not_completed,0.09471847797488082,2533.0584640347233,1.0881614830884236
80,readmit_30,early,0.09467317372909775,551.1421200602766,1.3519398307650186
80,readmit_30,not_completed,0.09467317372909775,2533.0295600880063,1.0854552546173053
80,death_30,early,0.09508794413686414,552.1203800735925,1.34856081247684
80,death_30,not_completed,0.09508794413686414,2540.0255770647404,1.0864168374411505
80,composite_90,early,0.09507934102278937,460.99997575097916,1.3105024451671325
80,composite_90,not_completed,0.09507934102278937,2050.3144355650475,1.10457657155252
80,composite_30_conservative_dmonth,early,0.09582701880034444,522.5554326824966,1.3375306888827536
80,composite_30_conservative_dmonth,not_completed,0.09582701880034444,2319.0281807063598,1.0951345810709265
80,composite_90_conservative_dmonth,early,0.08985389525854709,393.34243640080143,1.3517596407862171
80,composite_90_conservative_dmonth,not_completed,0.08985389525854709,1772.8665768615629,1.1253899335763913
81,composite_30,early,0.08988565062578856,557.8793752988549,1.3274476254668854
81,composite_30,not_completed,0.08988565062578856,2508.1091612838036,1.0750411684083407
81,readmit_30,early,0.08988900685521665,557.9537331273912,1.31926269444065
81,readmit_30,not_completed,0.08988900685521665,2508.1094422594,1.075875490445894
81,death_30,early,0.09088660561760771,558.9725306028719,1.3212103907056023
81,death_30,not_completed,0.09088660561760771,2518.1299646249586,1.0737161734084206
81,composite_90,early,0.0875278718425128,470.3448966547658,1.3311912444859342
81,composite_90,not_completed,0.0875278718425128,2052.9892540025658,1.0938257785400547
81,composite_30_conservative_dmonth,early,0.08578653459514535,528.1485632812542,1.3468485252784375
81,composite_30_conservative_dmonth,not_completed,0.08578653459514535,2299.9713768280926,1.0861497283786836
81,composite_90_conservative_dmonth,early,0.09474972217545787,393.6927010112689,1.376342922610756
81,composite_90_conservative_dmonth,not_completed,0.09474972217545787,1765.0136997298227,1.09911305537238
82,composite_30,early,0.06574786996471062,553.1286815189741,1.2612385374544886
82,composite_30,not_completed,0.06574786996471062,2534.1494526408346,1.0738889826707245
82,readmit_30,early,0.06577142428155931,553.3625248739776,1.2509447380007221
82,readmit_30,not_completed,0.06577142428155931,2534.1958130201465,1.0763661298637122
82,death_30,early,0.06372586378791831,555.4065101457143,1.2508797985107742
82,death_30,not_completed,0.06372586378791831,2550.267269641121,1.073785670273115
82,composite_90,early,0.0699224730692764,466.79279727922244,1.3692286930266904
82,composite_90,not_completed,0.0699224730692764,2038.0487903176968,1.0888144903682833
82,composite_30_conservative_dmonth,early,0.06867092776115132,526.082656319943,1.2714453616663743
82,composite_30_conservative_dmonth,not_completed,0.06867092776115132,2282.2372293937437,1.082026296728031
82,composite_90_conservative_dmonth,early,0.09492684370854225,401.00230978207134,1.4602044481753864
82,composite_90_conservative_dmonth,not_completed,0.09492684370854225,1791.8499695502762,1.1021801718452726
83,composite_30,early,0.07433425634715438,553.8526810919992,1.3588063226477483
83,composite_30,not_completed,0.07433425634715438,2584.1604092009106,1.0859302119736156
83,readmit_30,early,0.07435808861971295,553.9546095068945,1.3393276400586485
83,readmit_30,not_completed,0.07435808861971295,2584.217658105807,1.0843788025266479
83,death_30,early,0.07454813612085506,556.0242063926261,1.3474075471132663
83,death_30,not_completed,0.07454813612085506,2597.1941482092006,1.084213000102686
83,composite_90,early,0.06281556971213416,460.38763422362734,1.295765334450756
83,composite_90,not_completed,0.06281556971213416,2114.3241080941257,1.0872892961659595
83,composite_30_conservative_dmonth,early,0.07472801208546062,515.6341433852831,1.3457828041904314
83,composite_30_conservative_dmonth,not_completed,0.07472801208546062,2360.152677994233,1.0896106145705438
83,composite_90_conservative_dmonth,early,0.07145400637559852,387.4718311229826,1.3503074100668426
83,composite_90_conservative_dmonth,not_completed,0.07145400637559852,1831.3508333049524,1.1028364693450898
84,composite_30,early,0.06782990117764,542.9933075813778,1.2682079485772695
84,composite_30,not_completed,0.06782990117764,2399.8317516693464,1.0954970876265813
84,readmit_30,early,0.06784282699853217,542.9479262523547,1.2673324041458935
84,readmit_30,not_completed,0.06784282699853217,2399.786649091857,1.1009006767045386
84,death_30,early,0.06961513052210075,544.3522708912611,1.2623704932717112
84,death_30,not_completed,0.06961513052210075,2411.9494986724612,1.095130976001281
84,composite_90,early,0.06727931422806487,447.47654787468457,1.2857640817020293
84,composite_90,not_completed,0.06727931422806487,1920.2599794517844,1.0909015590945568
84,composite_30_conservative_dmonth,early,0.068908856407439,507.20703166458713,1.240156783453016
84,composite_30_conservative_dmonth,not_completed,0.068908856407439,2154.182965725016,1.0904033778482645
84,composite_90_conservative_dmonth,early,0.0751277573422773,373.5364778277427,1.3435873137770933
84,composite_90_conservative_dmonth,not_completed,0.0751277573422773,1693.3388225700724,1.1019613221902753
85,composite_30,early,0.07476395693986225,585.3639148617632,1.3276268468021337
85,composite_30,not_completed,0.07476395693986225,2588.660297218339,1.0917326161342331
85,readmit_30,early,0.07477025718701016,585.3417342516884,1.3286676461023812
85,readmit_30,not_completed,0.07477025718701016,2588.6099949275026,1.0951652326979646
85,death_30,early,0.07358465804013611,587.05548860766,1.3351426506551103
85,death_30,not_completed,0.07358465804013611,2602.565669140629,1.0964201600623604
85,composite_90,early,0.08060886228333113,496.3827446455596,1.3667838040340476
85,composite_90,not_completed,0.08060886228333113,2100.854637887223,1.107155098717561
85,composite_30_conservative_dmonth,early,0.07459734605750026,545.8700750622093,1.3548155615069692
85,composite_30_conservative_dmonth,not_completed,0.07459734605750026,2344.8505527563957,1.0954767235084435
85,composite_90_conservative_dmonth,early,0.10079237253029405,428.8750271296924,1.4359535841728785
85,composite_90_conservative_dmonth,not_completed,0.10079237253029405,1855.8197881515912,1.1120183809831499
86,composite_30,early,0.07663520948246502,558.3200860577876,1.3106279154214553
86,composite_30,not_completed,0.07663520948246502,2628.7812314590915,1.082307768173338
86,readmit_30,early,0.07669501315215212,558.0505891183658,1.3282771293381748
86,readmit_30,not_completed,0.07669501315215212,2628.663031015543,1.0873799469842416
86,death_30,early,0.07582483914596293,559.8805355771357,1.31731993152288
86,death_30,not_completed,0.07582483914596293,2640.6674996046213,1.0800535122606973
86,composite_90,early,0.08251323698792802,465.6539667843671,1.3692382135985388
86,composite_90,not_completed,0.08251323698792802,2095.7067294194107,1.0984091216491876
86,composite_30_conservative_dmonth,early,0.07225038253704787,521.0818735068852,1.3340936328942141
86,composite_30_conservative_dmonth,not_completed,0.07225038253704787,2373.7975107029006,1.0858112227847099
86,composite_90_conservative_dmonth,early,0.0979444950563658,402.7885090785205,1.4196004138752567
86,composite_90_conservative_dmonth,not_completed,0.0979444950563658,1834.7903983991116,1.0999736572715628
87,composite_30,early,0.06707575316837289,578.1137418757139,1.3543071397815436
87,composite_30,not_completed,0.06707575316837289,2674.331767399399,1.075443687069102
87,readmit_30,early,0.06704492396076266,578.3384552897331,1.3466707385610335
87,readmit_30,not_completed,0.06704492396076266,2674.3424012350592,1.0735574771832732
87,death_30,early,0.06605303025597589,579.2114888496506,1.3497814214633281
87,death_30,not_completed,0.06605303025597589,2689.3803961468293,1.070993355980163
87,composite_90,early,0.06241427548621468,478.8138755536158,1.346250872588071
87,composite_90,not_completed,0.06241427548621468,2165.272876241889,1.0805798714165062
87,composite_30_conservative_dmonth,early,0.05735978683768503,544.252489686451,1.3343124574438041
87,composite_30_conservative_dmonth,not_completed,0.05735978683768503,2410.189007622052,1.079572241506737
87,composite_90_conservative_dmonth,early,0.07278692698165719,406.5289810123983,1.4173992939809592
87,composite_90_conservative_dmonth,not_completed,0.07278692698165719,1855.1112202967422,1.0994675041631414
88,composite_30,early,0.06270863774349662,561.2049397469156,1.3512977955618493
88,composite_30,not_completed,0.06270863774349662,2618.993985057651,1.0838905302455615
88,readmit_30,early,0.06271386291310098,561.3620363129069,1.3525570375480893
88,readmit_30,not_completed,0.06271386291310098,2618.977757404771,1.0868407521647192
88,death_30,early,0.06332228597489711,562.2473953375778,1.362229480511944
88,death_30,not_completed,0.06332228597489711,2631.9971807067045,1.0838042050537058
88,composite_90,early,0.0585302241658319,459.1085984752175,1.4329682635615661
88,composite_90,not_completed,0.0585302241658319,2147.1283556357544,1.0898178869573532
88,composite_30_conservative_dmonth,early,0.06348769658626024,523.1569713922693,1.378887644573372
88,composite_30_conservative_dmonth,not_completed,0.06348769658626024,2378.016821007651,1.0867716029712542
88,composite_90_conservative_dmonth,early,0.07440789322875113,393.07077848257086,1.4796907630288536
88,composite_90_conservative_dmonth,not_completed,0.07440789322875113,1899.1045760601787,1.0992719395651769
89,composite_30,early,0.07250698529582145,554.7720382901796,1.3926041315714648
89,composite_30,not_completed,0.07250698529582145,2501.739334415369,1.0903784294660332
89,readmit_30,early,0.07262893908153069,554.486187039337,1.3963601556401357
89,readmit_30,not_completed,0.07262893908153069,2501.6806388187506,1.0937343181236099
89,death_30,early,0.07256358267475654,556.6435390499078,1.386699113488579
89,death_30,not_completed,0.07256358267475654,2515.726585644138,1.0877201690174778
89,composite_90,early,0.07303728388780595,456.701443517289,1.4221000463388036
89,composite_90,not_completed,0.07303728388780595,2062.9072035483346,1.0865694225059424
89,composite_30_conservative_dmonth,early,0.08084843908946998,514.613388401597,1.3475191229263779
89,composite_30_conservative_dmonth,not_completed,0.08084843908946998,2272.949737220467,1.084707384077094
89,composite_90_conservative_dmonth,early,0.07375705186930541,392.1840036726557,1.4503258838095177
89,composite_90_conservative_dmonth,not_completed,0.07375705186930541,1807.8331889272256,1.1083355752513286
90,composite_30,early,0.08761666526865153,548.318992553391,1.2565361218860993
90,composite_30,not_completed,0.08761666526865153,2527.5164240824006,1.0599929858091877
90,readmit_30,early,0.08753990671072025,548.7011352196894,1.237084204955995
90,readmit_30,not_completed,0.08753990671072025,2527.592915765815,1.0560373638840843
90,death_30,early,0.08643394069975771,549.8114607890732,1.2325338931264522
90,death_30,not_completed,0.08643394069975771,2538.636826746021,1.0557025514878706
90,composite_90,early,0.08769077858782538,451.1504792922976,1.2697373098852824
90,composite_90,not_completed,0.08769077858782538,2046.7611592780192,1.0592362960601727
90,composite_30_conservative_dmonth,early,0.09206741161442242,508.5833771807172,1.250287673218062
90,composite_30_conservative_dmonth,not_completed,0.09206741161442242,2277.5062582727296,1.0626076358077106
90,composite_90_conservative_dmonth,early,0.10311247384715333,389.2210977348882,1.28019557353736
90,composite_90_conservative_dmonth,not_completed,0.10311247384715333,1780.6433656569548,1.0720216041399961
91,composite_30,early,0.07603988883198676,554.1848033247495,1.2912343337629564
91,composite_30,not_completed,0.07603988883198676,2521.5138289779534,1.0792437387302507
91,readmit_30,early,0.07605389208674562,554.1017601530302,1.2991165626409749
91,readmit_30,not_completed,0.07605389208674562,2521.4837521968675,1.0800244378648425
91,death_30,early,0.07566341759958763,556.2476519763591,1.2710301504990222
91,death_30,not_completed,0.07566341759958763,2530.5492281297174,1.073321982158295
91,composite_90,early,0.07930692634941675,462.1292522111336,1.3210513588576518
91,composite_90,not_completed,0.07930692634941675,2068.5726962910994,1.081134845203584
91,composite_30_conservative_dmonth,early,0.07775765693373063,518.2710968118087,1.3144477197441053
91,composite_30_conservative_dmonth,not_completed,0.07775765693373063,2290.308189798252,1.0911435147092803
91,composite_90_conservative_dmonth,early,0.09169271234642351,392.027476402088,1.2914800689798096
91,composite_90_conservative_dmonth,not_completed,0.09169271234642351,1812.3325448602652,1.0960445399837435
92,composite_30,early,0.0808959261585339,582.361704105748,1.3877329480458356
92,composite_30,not_completed,0.0808959261585339,2660.240211305122,1.0742273884639308
92,readmit_30,early,0.08086617195368216,582.5468916889562,1.3773748258273881
92,readmit_30,not_completed,0.08086617195368216,2660.277933432706,1.0751909450659312
92,death_30,early,0.08168459662135538,584.1615688101123,1.3855253263514486
92,death_30,not_completed,0.08168459662135538,2672.2314236965735,1.0730377675964862
92,composite_90,early,0.06800631890747083,486.6596245604985,1.3648813738696943
92,composite_90,not_completed,0.06800631890747083,2139.225182944452,1.0876622183219082
92,composite_30_conservative_dmonth,early,0.06424761770727598,543.4083630266692,1.343292413091949
92,composite_30_conservative_dmonth,not_completed,0.06424761770727598,2393.2146704319457,1.079572774189212
92,composite_90_conservative_dmonth,early,0.07978754039597405,423.85560536791866,1.4157815236690725
92,composite_90_conservative_dmonth,not_completed,0.07978754039597405,1880.6704303104113,1.1036309482072106
93,composite_30,early,0.10762494902173345,544.900171699098,1.4140672590965784
93,composite_30,not_completed,0.10762494902173345,2603.65201694349,1.1052005170517312
93,readmit_30,early,0.10760121869615502,545.0282599014085,1.4124663889943088
93,readmit_30,not_completed,0.10760121869615502,2603.650169174323,1.1063403232640945
93,death_30,early,0.10453619065471768,545.758798412725,1.412468663184018
93,death_30,not_completed,0.10453619065471768,2616.553884390316,1.1068220445863628
93,composite_90,early,0.10986573935760792,450.44982456299664,1.3276039038894076
93,composite_90,not_completed,0.10986573935760792,2108.72480856242,1.1258862790871316
93,composite_30_conservative_dmonth,early,0.10305061260216919,506.36178948559683,1.3719139212673772
93,composite_30_conservative_dmonth,not_completed,0.10305061260216919,2357.546476425947,1.1179705131257165
93,composite_90_conservative_dmonth,early,0.11883857799674134,396.72615614977536,1.3369921445575512
93,composite_90_conservative_dmonth,not_completed,0.11883857799674134,1875.7443542999722,1.1198520250651456
94,composite_30,early,0.07478611859028708,583.2419183292326,1.4321935937452146
94,composite_30,not_completed,0.07478611859028708,2506.02433710134,1.105253168496265
94,readmit_30,early,0.07476590925603933,583.4535025034747,1.4263557204030575
94,readmit_30,not_completed,0.07476590925603933,2506.0657111930846,1.1062171846316593
94,death_30,early,0.07537713224081334,585.011725559522,1.4312561811788578
94,death_30,not_completed,0.07537713224081334,2516.897628226525,1.1073671952555533
94,composite_90,early,0.07762768338392946,489.7999422966041,1.422148021601308
94,composite_90,not_completed,0.07762768338392946,2033.3667530170926,1.1074111657144154
94,composite_30_conservative_dmonth,early,0.0752155274919487,546.1178753253954,1.4220965815588458
94,composite_30_conservative_dmonth,not_completed,0.0752155274919487,2257.1095115060602,1.1127730857732057
94,composite_90_conservative_dmonth,early,0.08689939389827683,411.1911763083469,1.5603124003092559
94,composite_90_conservative_dmonth,not_completed,0.08689939389827683,1752.3713971864297,1.1120339610755408
95,composite_30,early,0.07338814564676432,593.37501034809,1.2635609032128143
95,composite_30,not_completed,0.07338814564676432,2526.2049014571194,1.0688599914851544
95,readmit_30,early,0.07350951621566394,593.4365448110169,1.2643529486152965
95,readmit_30,not_completed,0.07350951621566394,2526.2044930648003,1.071352196725508
95,death_30,early,0.07413092229586157,595.2535834910004,1.267809775253811
95,death_30,not_completed,0.07413092229586157,2542.149977844447,1.0719026199841726
95,composite_90,early,0.07659376159541174,490.9482406083996,1.3163668202531322
95,composite_90,not_completed,0.07659376159541174,2044.225812725584,1.0842678466193785
95,composite_30_conservative_dmonth,early,0.07882638565181478,554.8785488872754,1.2879086832618263
95,composite_30_conservative_dmonth,not_completed,0.07882638565181478,2299.2600001230808,1.076311168885053
95,composite_90_conservative_dmonth,early,0.08948490019295548,426.0037371130452,1.3787536135366703
95,composite_90_conservative_dmonth,not_completed,0.08948490019295548,1796.9574527204807,1.0910279146439519
96,composite_30,early,0.06873499174759538,549.8786376156128,1.33922450390217
96,composite_30,not_completed,0.06873499174759538,2564.9975805923505,1.081896551507468
96,readmit_30,early,0.06869790737621406,549.6498210512527,1.3259102589949991
96,readmit_30,not_completed,0.06869790737621406,2564.822222822153,1.0884821678217973
96,death_30,early,0.06457022812554171,550.7760209213894,1.3297525157912338
96,death_30,not_completed,0.06457022812554171,2576.9447599548243,1.0867043905055345
96,composite_90,early,0.07855086615086423,452.448711416457,1.3638499403946305
96,composite_90,not_completed,0.07855086615086423,2091.035200412807,1.0906185182072654
96,composite_30_conservative_dmonth,early,0.07540752202208033,512.3656215262198,1.3509359690798592
96,composite_30_conservative_dmonth,not_completed,0.07540752202208033,2341.021658915905,1.0884813509902163
96,composite_90_conservative_dmonth,early,0.0993008700349499,388.8412277375439,1.4404330508323788
96,composite_90_conservative_dmonth,not_completed,0.0993008700349499,1835.7113616004706,1.1091135701980577
97,composite_30,early,0.0569520487594009,516.985670740608,1.3423033201219359
97,composite_30,not_completed,0.0569520487594009,2579.1612166803625,1.0760048666839512
97,readmit_30,early,0.0569673045242737,516.9303387253051,1.3358589952584516
97,readmit_30,not_completed,0.0569673045242737,2579.1020696110436,1.079489313730701
97,death_30,early,0.05849559064105536,517.994339947131,1.3524560787647024
97,death_30,not_completed,0.05849559064105536,2593.157590689258,1.0781938244865301
97,composite_90,early,0.06977064395165546,431.674441903629,1.3338290091859926
97,composite_90,not_completed,0.06977064395165546,2068.6735605354725,1.0742013480168047
97,composite_30_conservative_dmonth,early,0.06089528284947972,483.87436761712934,1.3445155947562417
97,composite_30_conservative_dmonth,not_completed,0.06089528284947972,2341.3143264715254,1.0776595169519139
97,composite_90_conservative_dmonth,early,0.08720724190929702,372.62696116568463,1.369552526889399
97,composite_90_conservative_dmonth,not_completed,0.08720724190929702,1792.5586679171247,1.0823583600373619
98,composite_30,early,0.08101585210339626,575.5805385303556,1.3734350664734545
98,composite_30,not_completed,0.08101585210339626,2656.073082226002,1.0842782966308264
98,readmit_30,early,0.08112414746656697,575.6044412874504,1.3695285887329056
98,readmit_30,not_completed,0.08112414746656697,2655.9395172503996,1.091839533287057
98,death_30,early,0.0815963941083696,577.4193443692459,1.3892144795144559
98,death_30,not_completed,0.0815963941083696,2669.0906914959055,1.0818797194470129
98,composite_90,early,0.07195660532691829,477.27259653171313,1.3254311580290512
98,composite_90,not_completed,0.07195660532691829,2170.981183687476,1.096422201863429
98,composite_30_conservative_dmonth,early,0.07775981063413265,540.3087784088184,1.3310466105345982
98,composite_30_conservative_dmonth,not_completed,0.07775981063413265,2415.0015135307444,1.0855628911882025
98,composite_90_conservative_dmonth,early,0.09146530418309302,404.15962581942773,1.4040942572232795
98,composite_90_conservative_dmonth,not_completed,0.09146530418309302,1841.4556458072964,1.1154076136735143
99,composite_30,early,0.054645696575187634,610.0216733665084,1.3595721496258302
99,composite_30,not_completed,0.054645696575187634,2616.7408449780246,1.0974756550250524
99,readmit_30,early,0.05469398990051726,610.30811701111,1.3625228284963065
99,readmit_30,not_completed,0.05469398990051726,2616.799557099385,1.0975691264932965
99,death_30,early,0.055256109505213966,611.0674261228961,1.3631418928383334
99,death_30,not_completed,0.055256109505213966,2629.7320488504092,1.0994243568627031
99,composite_90,early,0.06979281182945911,510.93727727100463,1.34692613870954
99,composite_90,not_completed,0.06979281182945911,2118.1816529242415,1.1018113431318026
99,composite_30_conservative_dmonth,early,0.07385519940827821,569.3870028973334,1.335360857352561
99,composite_30_conservative_dmonth,not_completed,0.07385519940827821,2348.088247236057,1.0956907425750877
99,composite_90_conservative_dmonth,early,0.07754753287087858,442.6138931172695,1.4125919767214237
99,composite_90_conservative_dmonth,not_completed,0.07754753287087858,1854.6539290104738,1.1336495873579795
100,composite_30,early,0.09758048438279326,569.9319189660567,1.3110245247085115
100,composite_30,not_completed,0.09758048438279326,2626.6879132437184,1.0921151508258637
100,readmit_30,early,0.09756540321754133,569.8977713937439,1.310790451935574
100,readmit_30,not_completed,0.09756540321754133,2626.6675301600044,1.0930315788309681
100,death_30,early,0.0970306704270224,572.1176261395217,1.3070746777280977
100,death_30,not_completed,0.0970306704270224,2639.7406358372587,1.0904877289567405
100,composite_90,early,0.08392611586899988,485.70835326872367,1.33327323223924
100,composite_90,not_completed,0.08392611586899988,2162.7681645122193,1.0986557574484013
100,composite_30_conservative_dmonth,early,0.10088554980371378,542.7306097585112,1.3381568446956713
100,composite_30_conservative_dmonth,not_completed,0.10088554980371378,2422.435693668861,1.1044477417842855
100,composite_90_conservative_dmonth,early,0.09392379389702843,410.8798875557609,1.4045517257495022
100,composite_90_conservative_dmonth,not_completed,0.09392379389702843,1866.5245597571036,1.1259724625443115
101,composite_30,early,0.07814754726948167,554.1012796457103,1.3101959395273215
101,composite_30,not_completed,0.07814754726948167,2517.7477030609157,1.0845518255144027
101,readmit_30,early,0.07803031649310448,553.9749521054674,1.3169811397358044
101,readmit_30,not_completed,0.07803031649310448,2517.67196303721,1.0874788026452022
101,death_30,early,0.07856419509839653,555.6455022471722,1.321297004238735
101,death_30,not_completed,0.07856419509839653,2529.64461005667,1.083960197551696
101,composite_90,early,0.08261820338916334,458.887379368006,1.3386278945522574
101,composite_90,not_completed,0.08261820338916334,2042.5368077698874,1.1017238424971247
101,composite_30_conservative_dmonth,early,0.08586656769949338,509.5917188589782,1.362364113475628
101,composite_30_conservative_dmonth,not_completed,0.08586656769949338,2287.357157474637,1.1000102330980437
101,composite_90_conservative_dmonth,early,0.08699612627944031,386.92651115990975,1.3874934596617092
101,composite_90_conservative_dmonth,not_completed,0.08699612627944031,1806.3908771762456,1.11458441261533
102,composite_30,early,0.0657696897099279,567.1773652904976,1.2451854722292104
102,composite_30,not_completed,0.0657696897099279,2571.51482109738,1.0605482427927433
102,readmit_30,early,0.0658079061431711,566.7825185398195,1.262574456749584
102,readmit_30,not_completed,0.0658079061431711,2571.3592689403667,1.0683408467349211
102,death_30,early,0.06454355281562724,567.7802455244979,1.2552122541611004
102,death_30,not_completed,0.06454355281562724,2582.3728102052005,1.0643533609349067
102,composite_90,early,0.08069643526654009,471.87615888088476,1.2278262596478862
102,composite_90,not_completed,0.08069643526654009,2065.656873516295,1.0693168940553823
102,composite_30_conservative_dmonth,early,0.07080647055977836,522.6668740761526,1.222383910117042
102,composite_30_conservative_dmonth,not_completed,0.07080647055977836,2330.365523802574,1.0749669362770276
102,composite_90_conservative_dmonth,early,0.09690530216521115,395.34587197839437,1.2878556681734221
102,composite_90_conservative_dmonth,not_completed,0.09690530216521115,1778.4118770417224,1.080092585440203
103,composite_30,early,0.10324369571153628,555.7212900595214,1.5041124250104576
103,composite_30,not_completed,0.10324369571153628,2525.9871935808837,1.0922375218948424
103,readmit_30,early,0.10323629416173166,555.9606510465621,1.493662634763724
103,readmit_30,not_completed,0.10323629416173166,2526.0404982291,1.0887065113687824
103,death_30,early,0.10372938078052939,555.1602970126753,1.5228885695699517
103,death_30,not_completed,0.10372938078052939,2536.93014587146,1.0934441525891958
103,composite_90,early,0.10161076407914263,457.7601695792581,1.6762132329352561
103,composite_90,not_completed,0.10161076407914263,2051.7222547571323,1.111602645244623
103,composite_30_conservative_dmonth,early,0.10265120676936462,518.4067558619888,1.7520967016679456
103,composite_30_conservative_dmonth,not_completed,0.10265120676936462,2301.5317256762905,1.110820693043119
103,composite_90_conservative_dmonth,early,0.11161090384573678,385.070273997216,1.7121589088915936
103,composite_90_conservative_dmonth,not_completed,0.11161090384573678,1818.4780085769232,1.1186346028333147
104,composite_30,early,0.06315209631769782,584.5131479609546,1.2888203500335096
104,composite_30,not_completed,0.06315209631769782,2572.362003756716,1.069692417874723
104,readmit_30,early,0.06301928710440077,585.0623531684507,1.257853864466594
104,readmit_30,not_completed,0.06301928710440077,2572.429441879109,1.0702282642430123
104,death_30,early,0.06449425008802051,585.5707798071422,1.288741631519176
104,death_30,not_completed,0.06449425008802051,2583.3928857543547,1.0694297269237016
104,composite_90,early,0.08302976942681226,476.5195330292469,1.2591553632472927
104,composite_90,not_completed,0.08302976942681226,2090.6678383700846,1.0674958969845805
104,composite_30_conservative_dmonth,early,0.07256616686647985,547.0795373759014,1.2764865125658562
104,composite_30_conservative_dmonth,not_completed,0.07256616686647985,2350.5350139538305,1.0656569163308551
104,composite_90_conservative_dmonth,early,0.09072942639140506,403.0924902927675,1.318903651882928
104,composite_90_conservative_dmonth,not_completed,0.09072942639140506,1796.1603258812067,1.0896480282710115
105,composite_30,early,0.07126306545933095,567.4626159993823,1.4101367486683716
105,composite_30,not_completed,0.07126306545933095,2520.519968997364,1.0962170579117794
105,readmit_30,early,0.07130816164972142,567.5283609797635,1.402176190280167
105,readmit_30,not_completed,0.07130816164972142,2520.4654964973342,1.1002258446002766
105,death_30,early,0.06996215274106625,569.647405308739,1.399290615683226
105,death_30,not_completed,0.06996215274106625,2533.5186912588224,1.0965105669120094
105,composite_90,early,0.07531315965966702,470.2605927965798,1.3325509673179132
105,composite_90,not_completed,0.07531315965966702,2065.0186168046666,1.0831091601407223
105,composite_30_conservative_dmonth,early,0.07131240427757005,527.3655048820095,1.3665338450691344
105,composite_30_conservative_dmonth,not_completed,0.07131240427757005,2277.571701913992,1.0974941486242968
105,composite_90_conservative_dmonth,early,0.09003261642355222,391.69235137382964,1.4607649695986529
105,composite_90_conservative_dmonth,not_completed,0.09003261642355222,1750.9556690627953,1.0992200768563745
106,composite_30,early,0.05947191328407089,526.5920835848299,1.3851658148891806
106,composite_30,not_completed,0.05947191328407089,2496.0393160831245,1.0770437824028476
106,readmit_30,early,0.059440262213561766,526.691600600485,1.3722720727070459
106,readmit_30,not_completed,0.059440262213561766,2496.015044682184,1.0778493025704357
106,death_30,early,0.06189812254854238,527.8214047857739,1.3800323578577827
106,death_30,not_completed,0.06189812254854238,2510.0690296975986,1.0779524103043059
106,composite_90,early,0.062252491552897984,430.51600313661766,1.5389807443060637
106,composite_90,not_completed,0.062252491552897984,2018.9185547944917,1.0986843945436788
106,composite_30_conservative_dmonth,early,0.05852948177305903,492.837447653687,1.3764357953800253
106,composite_30_conservative_dmonth,not_completed,0.05852948177305903,2275.8657454477207,1.0846116943531863
106,composite_90_conservative_dmonth,early,0.08814523590828639,365.01363430131073,1.5930583443833832
106,composite_90_conservative_dmonth,not_completed,0.08814523590828639,1704.9668696747292,1.0982171125985696
107,composite_30,early,0.08058443384688309,563.2001413301882,1.2932959098937657
107,composite_30,not_completed,0.08058443384688309,2621.3543420370606,1.077575049233376
107,readmit_30,early,0.08066220121602895,562.875962914923,1.3038110753182368
107,readmit_30,not_completed,0.08066220121602895,2621.184451056143,1.082239140606922
107,death_30,early,0.0797862302984518,565.0018450678682,1.3159809512736358
107,death_30,not_completed,0.0797862302984518,2635.269339010923,1.0788065895145964
107,composite_90,early,0.0720665248648912,465.47292140504726,1.33806689053394
107,composite_90,not_completed,0.0720665248648912,2132.3182393174534,1.0831681894677787
107,composite_30_conservative_dmonth,early,0.07601887692755435,527.9806380872698,1.3337933116013847
107,composite_30_conservative_dmonth,not_completed,0.07601887692755435,2377.2645258997195,1.0882956377809647
107,composite_90_conservative_dmonth,early,0.08687501228918323,397.5355662502231,1.4067731957452714
107,composite_90_conservative_dmonth,not_completed,0.08687501228918323,1844.2230916634094,1.0915216140292516
108,composite_30,early,0.07176713941183897,530.0295601181663,1.2229287424371196
108,composite_30,not_completed,0.07176713941183897,2436.491069215489,1.070171565741262
108,readmit_30,early,0.0718303612939386,529.7197723722786,1.2300328100536113
108,readmit_30,not_completed,0.0718303612939386,2436.321722849966,1.0764707459251497
108,death_30,early,0.06993322740360304,530.9690357966668,1.2303303636000913
108,death_30,not_completed,0.06993322740360304,2450.449357564222,1.0716758901961505
108,composite_90,early,0.06600248116765327,438.97707624632835,1.3058321366065309
108,composite_90,not_completed,0.06600248116765327,1982.3901159643503,1.0804651798824891
108,composite_30_conservative_dmonth,early,0.06523389010285323,496.65484289334626,1.2572742485494954
108,composite_30_conservative_dmonth,not_completed,0.06523389010285323,2223.288472198528,1.0859091013740108
108,composite_90_conservative_dmonth,early,0.08565779210720947,366.7742425935391,1.299708680121413
108,composite_90_conservative_dmonth,not_completed,0.08565779210720947,1690.3854069351532,1.0886071967537152
109,composite_30,early,0.08494658858235439,539.3587791844201,1.4087095108517422
109,composite_30,not_completed,0.08494658858235439,2470.9060107718947,1.0895970535579758
109,readmit_30,early,0.0848283414705507,539.2323076887293,1.3998161175375752
109,readmit_30,not_completed,0.0848283414705507,2470.913871585627,1.0866953742001761
109,death_30,early,0.08156640563844376,540.1682218944312,1.4174345986938748
109,death_30,not_completed,0.08156640563844376,2482.8799595013843,1.0887602507503218
109,composite_90,early,0.08486879983644184,442.85960640374896,1.419679580598879
109,composite_90,not_completed,0.08486879983644184,1998.900275736679,1.104781824427504
109,composite_30_conservative_dmonth,early,0.08247918351478017,499.45405492585144,1.3898175822993055
109,composite_30_conservative_dmonth,not_completed,0.08247918351478017,2234.934189496144,1.0952396606773651
109,composite_90_conservative_dmonth,early,0.1016278896419605,379.8201312624913,1.5029143244349121
109,composite_90_conservative_dmonth,not_completed,0.1016278896419605,1746.651405706719,1.1212609554311137
110,composite_30,early,0.08036794025763956,574.5598112810309,1.371466929032988
110,composite_30,not_completed,0.08036794025763956,2600.1337386242503,1.0819306981279475
110,readmit_30,early,0.08037055882154255,574.3057617083531,1.3861530958325083
110,readmit_30,not_completed,0.08037055882154255,2600.045961007774,1.0841417855539477
110,death_30,early,0.07947209198252027,576.5485202329716,1.3597517279187743
110,death_30,not_completed,0.07947209198252027,2613.1320332798437,1.079183574347897
110,composite_90,early,0.07774416449975351,469.68007811439463,1.2974319421157448
110,composite_90,not_completed,0.07774416449975351,2111.3624880773973,1.073115435591808
110,composite_30_conservative_dmonth,early,0.07629881562860863,528.9833046863579,1.3525866635296089
110,composite_30_conservative_dmonth,not_completed,0.07629881562860863,2370.1530529245742,1.0790136062439946
110,composite_90_conservative_dmonth,early,0.09867509369872142,401.5972796432527,1.3739205829174148
110,composite_90_conservative_dmonth,not_completed,0.09867509369872142,1826.147905918053,1.0857936443155258
111,composite_30,early,0.07291057584879053,584.4773786513837,1.2950585219849593
111,composite_30,not_completed,0.07291057584879053,2483.748105183332,1.0927113403229947
111,readmit_30,early,0.07290882093142788,584.3461913732884,1.28311176944203
111,readmit_30,not_completed,0.07290882093142788,2483.693096833427,1.0908007577446832
111,death_30,early,0.07273922866339633,584.0271586730994,1.3108093163725574
111,death_30,not_completed,0.07273922866339633,2498.659210882946,1.0919800553851562
111,composite_90,early,0.0842143958311159,489.4230553580653,1.322189886051813
111,composite_90,not_completed,0.0842143958311159,1990.496865418053,1.1176098400733658
111,composite_30_conservative_dmonth,early,0.07239978359025843,546.1491621989267,1.3079503596178936
111,composite_30_conservative_dmonth,not_completed,0.07239978359025843,2219.4141134618826,1.1049195146182378
111,composite_90_conservative_dmonth,early,0.09696102890844781,424.6068285178462,1.3610910310586153
111,composite_90_conservative_dmonth,not_completed,0.09696102890844781,1740.6802546818456,1.111237737858299
112,composite_30,early,0.0808958875055989,552.4521474284718,1.3347941699472634
112,composite_30,not_completed,0.0808958875055989,2473.696397902703,1.0851919973355006
112,readmit_30,early,0.08095709169679073,552.6273928519499,1.3221944137963377
112,readmit_30,not_completed,0.08095709169679073,2473.7087343515364,1.085218301647547
112,death_30,early,0.08020764276160629,553.359036312969,1.340616045469407
112,death_30,not_completed,0.08020764276160629,2486.6670735857692,1.0870498637408625
112,composite_90,early,0.08276378409510615,443.15926422419767,1.3712551295651336
112,composite_90,not_completed,0.08276378409510615,1976.888668688964,1.0905736211067223
112,composite_30_conservative_dmonth,early,0.08255478153685113,506.1963369663977,1.3356172707208462
112,composite_30_conservative_dmonth,not_completed,0.08255478153685113,2232.8151673287807,1.0874376623096464
112,composite_90_conservative_dmonth,early,0.08393560639907391,365.13290057530907,1.4679219488627777
112,composite_90_conservative_dmonth,not_completed,0.08393560639907391,1675.5537223367971,1.112559489340598
113,composite_30,early,0.08817480628910325,579.4877353831589,1.3831793197383653
113,composite_30,not_completed,0.08817480628910325,2411.9096623456408,1.1137581664940015
113,readmit_30,early,0.08817652693348212,579.4933083717721,1.3736415650357983
113,readmit_30,not_completed,0.08817652693348212,2411.877478088671,1.1161833944148072
113,death_30,early,0.08640375609615314,582.1730841396035,1.3441625399274066
113,death_30,not_completed,0.08640375609615314,2421.11928347803,1.1101252278635905
113,composite_90,early,0.10163012475391066,474.76640720687357,1.4240229697642188
113,composite_90,not_completed,0.10163012475391066,1945.0728416598986,1.1159232179107677
113,composite_30_conservative_dmonth,early,0.09677405959140246,538.8940344879294,1.391661977212073
113,composite_30_conservative_dmonth,not_completed,0.09677405959140246,2183.8890798789807,1.1135394010072552
113,composite_90_conservative_dmonth,early,0.10257541695953902,420.18841213884275,1.434574672566807
113,composite_90_conservative_dmonth,not_completed,0.10257541695953902,1762.9587192571457,1.1275849213033189
114,composite_30,early,0.07008070790421413,568.1123564978723,1.3641867470446054
114,composite_30,not_completed,0.07008070790421413,2585.459779560186,1.089384025531275
114,readmit_30,early,0.06989816558677539,568.2005750762942,1.3558047584260742
114,readmit_30,not_completed,0.06989816558677539,2585.4518127776346,1.0894815288343271
114,death_30,early,0.0675060928439718,568.8370098263086,1.3743086294592834
114,death_30,not_completed,0.0675060928439718,2594.379260551439,1.0932831819588464
114,composite_90,early,0.08922274142964476,474.16314143056104,1.3868882068562187
114,composite_90,not_completed,0.08922274142964476,2085.639365068879,1.0933589385792548
114,composite_30_conservative_dmonth,early,0.07327498969964784,537.2653594209496,1.3582869560483863
114,composite_30_conservative_dmonth,not_completed,0.07327498969964784,2342.288578904905,1.103918868941257
114,composite_90_conservative_dmonth,early,0.08019145592842729,410.7700818869969,1.413889123472104
114,composite_90_conservative_dmonth,not_completed,0.08019145592842729,1831.2901192558236,1.1199064593913262
115,composite_30,early,0.05592620848233145,559.2795040709716,1.2846084460388731
115,composite_30,not_completed,0.05592620848233145,2637.356563819318,1.0661252871805993
115,readmit_30,early,0.0559030421429351,559.1496198846737,1.314561482866901
115,readmit_30,not_completed,0.0559030421429351,2637.2614249685284,1.069688175581635
115,death_30,early,0.05594348283028533,561.0123700602942,1.297815128610331
115,death_30,not_completed,0.05594348283028533,2648.236550205642,1.069404466466262
115,composite_90,early,0.06890116042304663,471.4328376009813,1.3412721030091088
115,composite_90,not_completed,0.06890116042304663,2141.3385955481135,1.0737664150132102
115,composite_30_conservative_dmonth,early,0.06078546992208056,530.1501509814781,1.3133763949719144
115,composite_30_conservative_dmonth,not_completed,0.06078546992208056,2403.543158132292,1.0676972900319475
115,composite_90_conservative_dmonth,early,0.06998016065407232,400.4678925416972,1.356081648713587
115,composite_90_conservative_dmonth,not_completed,0.06998016065407232,1825.4501991228965,1.0786603452388985
116,composite_30,early,0.08297138944862881,556.7535582363583,1.3206788480510467
116,composite_30,not_completed,0.08297138944862881,2462.992690216523,1.0859103684965714
116,readmit_30,early,0.083024335681977,557.0272662110613,1.3051292824364875
116,readmit_30,not_completed,0.083024335681977,2463.066042888903,1.0821271258884408
116,death_30,early,0.0827784193479629,558.6640149976017,1.3179358854412166
116,death_30,not_completed,0.0827784193479629,2473.9403270735243,1.085725226097039
116,composite_90,early,0.07864493655651686,467.6337237006772,1.3209222925799158
116,composite_90,not_completed,0.07864493655651686,1989.106883839172,1.0887413024419617
116,composite_30_conservative_dmonth,early,0.07830054069253217,519.5841640004314,1.304079168231713
116,composite_30_conservative_dmonth,not_completed,0.07830054069253217,2245.1567280094387,1.0851299448038876
116,composite_90_conservative_dmonth,early,0.09035604116674285,399.4550381826301,1.3668534675651938
116,composite_90_conservative_dmonth,not_completed,0.09035604116674285,1743.0354297782694,1.0993673985884174
117,composite_30,early,0.08443344438141477,562.9348038189052,1.4626105760792567
117,composite_30,not_completed,0.08443344438141477,2385.2440090938035,1.1105217849082005
117,readmit_30,early,0.08445090679146318,562.2538154535625,1.4609373410131068
117,readmit_30,not_completed,0.08445090679146318,2385.0045161751673,1.1133466189457988
117,death_30,early,0.08493856974245105,565.0161325839584,1.4344660626871928
117,death_30,not_completed,0.08493856974245105,2396.277241611447,1.1084163376755216
117,composite_90,early,0.09173248521210395,468.8209481214004,1.4461355332922163
117,composite_90,not_completed,0.09173248521210395,1957.3258769302438,1.1160595759207557
117,composite_30_conservative_dmonth,early,0.08533749568650528,524.3218602822021,1.47592521689478
117,composite_30_conservative_dmonth,not_completed,0.08533749568650528,2158.0702994116286,1.1174783645438373
117,composite_90_conservative_dmonth,early,0.12104416414064255,403.0197521008608,1.476748267494326
117,composite_90_conservative_dmonth,not_completed,0.12104416414064255,1710.449626937974,1.1154997155255724
118,composite_30,early,0.07487757269290769,564.105196152861,1.2057920702840477
118,composite_30,not_completed,0.07487757269290769,2545.6193203359894,1.0558878577024016
118,readmit_30,early,0.07494203510961644,564.1006435389493,1.2045039942133278
118,readmit_30,not_completed,0.07494203510961644,2545.6237391027757,1.0565807239588976
118,death_30,early,0.07291177927548406,565.2604323114224,1.207210724439562
118,death_30,not_completed,0.07291177927548406,2557.670866783501,1.054647233351351
118,composite_90,early,0.08682048056915098,468.3323407535259,1.2477129091581274
118,composite_90,not_completed,0.08682048056915098,2050.532184748467,1.0738617548127563
118,composite_30_conservative_dmonth,early,0.08383566392203366,525.3971348065824,1.2381370233141282
118,composite_30_conservative_dmonth,not_completed,0.08383566392203366,2310.5519457267287,1.0690264069592748
118,composite_90_conservative_dmonth,early,0.09733081858044672,390.78380951348555,1.3651317881485094
118,composite_90_conservative_dmonth,not_completed,0.09733081858044672,1769.1832554560524,1.100302748928622
119,composite_30,early,0.07893476033469725,606.9782360626083,1.3139769264916126
119,composite_30,not_completed,0.07893476033469725,2599.2210675811557,1.0749536104885453
119,readmit_30,early,0.07892040893421713,606.7991924070818,1.308598753976707
119,readmit_30,not_completed,0.07892040893421713,2599.090677906023,1.0809617580652728
119,death_30,early,0.07739448854629126,607.8345688849776,1.3166096910200673
119,death_30,not_completed,0.07739448854629126,2611.161625518708,1.0767997734202663
119,composite_90,early,0.0793194702010447,504.94543812734054,1.4133097252463864
119,composite_90,not_completed,0.0793194702010447,2159.1997267437737,1.0802524754030887
119,composite_30_conservative_dmonth,early,0.0854689135966487,569.1354342661526,1.314961897349051
119,composite_30_conservative_dmonth,not_completed,0.0854689135966487,2391.2929630507606,1.0736187515147346
119,composite_90_conservative_dmonth,early,0.07615929638297257,425.40823885790064,1.4668187432571922
119,composite_90_conservative_dmonth,not_completed,0.07615929638297257,1876.8879474050682,1.099667751633423
120,composite_30,early,0.06655295379881132,538.5873377944325,1.3514221522970795
120,composite_30,not_completed,0.06655295379881132,2576.7516846105736,1.0926574781531047
120,readmit_30,early,0.06658505123294176,538.8681168748867,1.3620726273458323
120,readmit_30,not_completed,0.06658505123294176,2576.7925045879756,1.0946948921611268
120,death_30,early,0.06698916234863317,540.482867278423,1.3626541135312265
120,death_30,not_completed,0.06698916234863317,2589.722475422848,1.0935508901775872
120,composite_90,early,0.07609249946400247,447.751240311419,1.3986062555690035
120,composite_90,not_completed,0.07609249946400247,2087.6498025521446,1.105109411941691
120,composite_30_conservative_dmonth,early,0.06781015332390855,500.79634942695543,1.410877942387252
120,composite_30_conservative_dmonth,not_completed,0.06781015332390855,2323.909708949048,1.0908757683946178
120,composite_90_conservative_dmonth,early,0.10079146407780687,377.69515238274965,1.4603302837151397
120,composite_90_conservative_dmonth,not_completed,0.10079146407780687,1822.4300524589391,1.121410581840725
121,composite_30,early,0.08177729589589992,569.3088455097658,1.3363738670838317
121,composite_30,not_completed,0.08177729589589992,2638.8324555972617,1.082735836982349
121,readmit_30,early,0.0818155296139546,569.3548289591627,1.3377372308357194
121,readmit_30,not_completed,0.0818155296139546,2638.8532900428677,1.0800402978222603
121,death_30,early,0.08086396152402905,571.1215095655353,1.335746883794844
121,death_30,not_completed,0.08086396152402905,2651.810479834633,1.0810837742114168
121,composite_90,early,0.08562946144745257,472.63597021378564,1.310111757921073
121,composite_90,not_completed,0.08562946144745257,2197.783064651454,1.0960044720702413
121,composite_30_conservative_dmonth,early,0.08105810257892776,532.267453629529,1.342407710746517
121,composite_30_conservative_dmonth,not_completed,0.08105810257892776,2421.5707310802536,1.093947047756173
121,composite_90_conservative_dmonth,early,0.09147811657335925,401.18177000767764,1.4126648700748388
121,composite_90_conservative_dmonth,not_completed,0.09147811657335925,1937.671702555048,1.1086540344739442
122,composite_30,early,0.0657539015231674,542.3470958369147,1.2998434568479182
122,composite_30,not_completed,0.0657539015231674,2359.9736973397626,1.0869001671240417
122,readmit_30,early,0.06576075762882679,542.267352010407,1.3021237611326808
122,readmit_30,not_completed,0.06576075762882679,2359.9196679780657,1.0908580784588564
122,death_30,early,0.06660136185931374,543.1695838517841,1.2994747724236868
122,death_30,not_completed,0.06660136185931374,2373.914286454241,1.0890689005987158
122,composite_90,early,0.09154084534301654,454.90233467961804,1.3409556424539018
122,composite_90,not_completed,0.09154084534301654,1924.1951468553887,1.0904016595242971
122,composite_30_conservative_dmonth,early,0.07543412041222604,504.76931450381267,1.39154461421004
122,composite_30_conservative_dmonth,not_completed,0.07543412041222604,2128.783243097814,1.0917645206530657
122,composite_90_conservative_dmonth,early,0.09916885099137242,382.265818710103,1.3427374167315256
122,composite_90_conservative_dmonth,not_completed,0.09916885099137242,1646.9358247648722,1.111900616408271
123,composite_30,early,0.06229787034361387,542.0902574762916,1.4212476217263594
123,composite_30,not_completed,0.06229787034361387,2490.7094523459537,1.0976124156508609
123,readmit_30,early,0.06219788245420882,542.5171280020409,1.421883648632964
123,readmit_30,not_completed,0.06219788245420882,2490.740328595131,1.0973106098916987
123,death_30,early,0.06476723999945086,544.751138122516,1.384547283593053
123,death_30,not_completed,0.06476723999945086,2499.7865446786786,1.0954778929114584
123,composite_90,early,0.06790463982762654,446.67219386638925,1.419654268659128
123,composite_90,not_completed,0.06790463982762654,2021.0976422109493,1.0978786957221915
123,composite_30_conservative_dmonth,early,0.06507282581167043,507.6030641113322,1.3638782790928774
123,composite_30_conservative_dmonth,not_completed,0.06507282581167043,2265.07003858559,1.097559585865353
123,composite_90_conservative_dmonth,early,0.0853229811469473,374.5626598549641,1.4289198658242421
123,composite_90_conservative_dmonth,not_completed,0.0853229811469473,1724.2848549374764,1.096757495096603
124,composite_30,early,0.08331591113435131,566.3406530539542,1.4426556062015305
124,composite_30,not_completed,0.08331591113435131,2561.632083530531,1.104129642562118
124,readmit_30,early,0.08332170357136642,566.6168604679864,1.4334892144719236
124,readmit_30,not_completed,0.08332170357136642,2561.5726046215636,1.112099499624578
124,death_30,early,0.08284913486429445,567.4447955906088,1.431873965783601
124,death_30,not_completed,0.08284913486429445,2572.644923912995,1.1020709713463401
124,composite_90,early,0.0927283766239587,471.4345952041101,1.4416186496046826
124,composite_90,not_completed,0.0927283766239587,2031.8808918854406,1.1076313431376903
124,composite_30_conservative_dmonth,early,0.08063336669568998,524.0167973202971,1.408078253616809
124,composite_30_conservative_dmonth,not_completed,0.08063336669568998,2306.778834404414,1.1059815000664421
124,composite_90_conservative_dmonth,early,0.1107724568640818,397.9196361160636,1.4183035500607077
124,composite_90_conservative_dmonth,not_completed,0.1107724568640818,1751.8465212650433,1.1176108874354098
125,composite_30,early,0.08520095317174523,572.6520944533726,1.3096139530422928
125,composite_30,not_completed,0.08520095317174523,2652.195738624083,1.0800777684388552
125,readmit_30,early,0.08519962973352409,572.8637307542491,1.288209437325563
125,readmit_30,not_completed,0.08519962973352409,2652.2595874571643,1.0727327643348774
125,death_30,early,0.08314731434544487,573.8639975651892,1.2920587007593718
125,death_30,not_completed,0.08314731434544487,2663.2418510164466,1.076403513240759
125,composite_90,early,0.08572122378357477,477.9824727680509,1.3313590180916766
125,composite_90,not_completed,0.08572122378357477,2162.3132742042435,1.0799487740854914
125,composite_30_conservative_dmonth,early,0.08441305918888328,531.2812777004946,1.3628748187883475
125,composite_30_conservative_dmonth,not_completed,0.08441305918888328,2405.0927838149096,1.081150252768655
125,composite_90_conservative_dmonth,early,0.10149630657060742,415.1430501673858,1.3614647958604396
125,composite_90_conservative_dmonth,not_completed,0.10149630657060742,1892.2934309260468,1.089579415278017
126,composite_30,early,0.07973000935022813,550.0325663675162,1.4103067488344854
126,composite_30,not_completed,0.07973000935022813,2501.1872945360888,1.1109348754901287
126,readmit_30,early,0.07971634998139436,550.305752403178,1.4034553448050855
126,readmit_30,not_completed,0.07971634998139436,2501.2488612074917,1.109800690507938
126,death_30,early,0.08021829213731592,551.3074602825881,1.4021341329509298
126,death_30,not_completed,0.08021829213731592,2514.238192675587,1.108512347493131
126,composite_90,early,0.0806827779223257,448.00895066013715,1.437584405024771
126,composite_90,not_completed,0.0806827779223257,2038.6335400148846,1.109893137396587
126,composite_30_conservative_dmonth,early,0.08688714405877106,511.9127626334171,1.4200289425488495
126,composite_30_conservative_dmonth,not_completed,0.08688714405877106,2259.2838678564035,1.1084611254984953
126,composite_90_conservative_dmonth,early,0.09032994684609166,380.7969842887081,1.429091467358505
126,composite_90_conservative_dmonth,not_completed,0.09032994684609166,1805.4377936191818,1.1177339942655218
127,composite_30,early,0.073013908805495,573.1352294570376,1.2939956555735614
127,composite_30,not_completed,0.073013908805495,2595.6499619818424,1.09647439900404
127,readmit_30,early,0.0729428591855618,573.1461107588825,1.28769233586909
127,readmit_30,not_completed,0.0729428591855618,2595.5876790427737,1.1018853243712392
127,death_30,early,0.07354625891032182,573.9015630585432,1.2831878308559157
127,death_30,not_completed,0.07354625891032182,2602.566793838015,1.0974002758752113
127,composite_90,early,0.08735005939475583,479.11352749148216,1.3205556149063342
127,composite_90,not_completed,0.08735005939475583,2150.6184614100002,1.0997017884070346
127,composite_30_conservative_dmonth,early,0.08477783243972954,538.6688896147683,1.2810594753819202
127,composite_30_conservative_dmonth,not_completed,0.08477783243972954,2369.686396654868,1.0936286925891157
127,composite_90_conservative_dmonth,early,0.08612060523320662,407.0560071526209,1.3534732812981498
127,composite_90_conservative_dmonth,not_completed,0.08612060523320662,1872.4960798859715,1.119679336618971
128,composite_30,early,0.07369519730297446,541.0379740630054,1.3533001440325119
128,composite_30,not_completed,0.07369519730297446,2464.7781370358634,1.0938466583645639
128,readmit_30,early,0.07369519730297446,541.0379740630054,1.3533001440325119
128,readmit_30,not_completed,0.07369519730297446,2464.7781370358634,1.0938466583645639
128,death_30,early,0.07355539766910363,542.2084409911855,1.345082569368977
128,death_30,not_completed,0.07355539766910363,2474.7686270886356,1.092423817321655
128,composite_90,early,0.07214530787362163,448.04126272497837,1.3456978160894757
128,composite_90,not_completed,0.07214530787362163,1958.3790477540983,1.0867591513034172
128,composite_30_conservative_dmonth,early,0.07099126336808424,505.90358816182743,1.3422480611453542
128,composite_30_conservative_dmonth,not_completed,0.07099126336808424,2220.9331925385477,1.0910848106686994
128,composite_90_conservative_dmonth,early,0.0992181827933597,383.1653878491038,1.4423373230858088
128,composite_90_conservative_dmonth,not_completed,0.0992181827933597,1666.241966470965,1.0954791315120307
129,composite_30,early,0.05849113540596282,576.6312924602167,1.2545426505901698
129,composite_30,not_completed,0.05849113540596282,2516.3313580473373,1.0784569450965078
129,readmit_30,early,0.05850048366306363,576.7042474388262,1.2548089862704916
129,readmit_30,not_completed,0.05850048366306363,2516.3199082348524,1.0790636439415997
129,death_30,early,0.058331704720061016,576.8150100845629,1.2500711194552008
129,death_30,not_completed,0.058331704720061016,2525.3846482106346,1.0757230006824232
129,composite_90,early,0.06062264187489651,469.9672431439078,1.3363661536007014
129,composite_90,not_completed,0.06062264187489651,2033.289642523935,1.0870621122677577
129,composite_30_conservative_dmonth,early,0.06320419119587194,525.6030867865917,1.2796360715464823
129,composite_30_conservative_dmonth,not_completed,0.06320419119587194,2286.2601892326975,1.08434934874385
129,composite_90_conservative_dmonth,early,0.07607894287515064,402.0416290043382,1.3622527734065022
129,composite_90_conservative_dmonth,not_completed,0.07607894287515064,1735.3349459379574,1.0887688275305398
130,composite_30,early,0.06134559597291403,563.4159894976588,1.2981475644432667
130,composite_30,not_completed,0.06134559597291403,2539.2069021952007,1.081239817092497
130,readmit_30,early,0.06131057445990419,563.901662200605,1.2599370870283149
130,readmit_30,not_completed,0.06131057445990419,2539.3368890999623,1.07835022517213
130,death_30,early,0.060953833618149565,563.766313242486,1.285773106950469
130,death_30,not_completed,0.060953833618149565,2551.337914865322,1.0782624386090607
130,composite_90,early,0.06223048669691255,453.96840246189373,1.3299863274629975
130,composite_90,not_completed,0.06223048669691255,2066.338989426517,1.0848576129228262
130,composite_30_conservative_dmonth,early,0.06285454017121833,525.0625489515298,1.316878258154565
130,composite_30_conservative_dmonth,not_completed,0.06285454017121833,2317.349987752997,1.0759140212485498
130,composite_90_conservative_dmonth,early,0.07005636369905872,389.8005707309792,1.3623991728109506
130,composite_90_conservative_dmonth,not_completed,0.07005636369905872,1756.4072812321479,1.0832987308941069
131,composite_30,early,0.08935684152263068,522.7272067142661,1.3778172126787755
131,composite_30,not_completed,0.08935684152263068,2421.6893905517595,1.097673849597745
131,readmit_30,early,0.08941078389440943,522.483699640873,1.4064920647398815
131,readmit_30,not_completed,0.08941078389440943,2421.53977028411,1.1072540237144015
131,death_30,early,0.08647372674474411,524.5926278449768,1.411548924874191
131,death_30,not_completed,0.08647372674474411,2433.551393967539,1.105687742975801
131,composite_90,early,0.09254130747149603,437.52659936497787,1.358531830661018
131,composite_90,not_completed,0.09254130747149603,1910.8676248318766,1.1054376128035706
131,composite_30_conservative_dmonth,early,0.08277703982174228,483.4864588761302,1.3963112670337503
131,composite_30_conservative_dmonth,not_completed,0.08277703982174228,2145.715178888736,1.1118151946403632
131,composite_90_conservative_dmonth,early,0.10758376141828128,370.17727258581635,1.4504958963165573
131,composite_90_conservative_dmonth,not_completed,0.10758376141828128,1625.9107930444059,1.1119258163474017
132,composite_30,early,0.08379365405965258,573.2983175682026,1.3092388831210606
132,composite_30,not_completed,0.08379365405965258,2487.8376390685403,1.0802079024703601
132,readmit_30,early,0.08369833250752327,573.4430065022948,1.3154645100896185
132,readmit_30,not_completed,0.08369833250752327,2487.912674057927,1.0798981297022037
132,death_30,early,0.08443119187093978,575.5126789062665,1.2905730533448716
132,death_30,not_completed,0.08443119187093978,2497.936629581893,1.0734130436281357
132,composite_90,early,0.0987521666664123,470.49136965502913,1.384194109307126
132,composite_90,not_completed,0.0987521666664123,1989.7504286399958,1.0909307014691134
132,composite_30_conservative_dmonth,early,0.09506297867851787,530.0022596230644,1.3191588761277289
132,composite_30_conservative_dmonth,not_completed,0.09506297867851787,2246.770214414603,1.0816146591337186
132,composite_90_conservative_dmonth,early,0.09284892712011285,403.15537166230115,1.420453701723128
132,composite_90_conservative_dmonth,not_completed,0.09284892712011285,1727.5469043874414,1.1049199169603006
133,composite_30,early,0.09405431578654949,537.2870062189221,1.359058291133836
133,composite_30,not_completed,0.09405431578654949,2417.0213974648323,1.0861645213482773
133,readmit_30,early,0.09409399779971686,537.7143339008663,1.335359674581191
133,readmit_30,not_completed,0.09409399779971686,2417.032155786817,1.090276188064163
133,death_30,early,0.09197806328483063,539.704743894561,1.3350890331729244
133,death_30,not_completed,0.09197806328483063,2429.1372918325255,1.0826899460748967
133,composite_90,early,0.09613462841460438,447.5028777517928,1.2952777096348764
133,composite_90,not_completed,0.09613462841460438,1978.2221263300287,1.088544487422156
133,composite_30_conservative_dmonth,early,0.09427648392549058,503.66672036751714,1.359006829343559
133,composite_30_conservative_dmonth,not_completed,0.09427648392549058,2201.077749805819,1.087764645311496
133,composite_90_conservative_dmonth,early,0.11062067063475675,382.3476248699453,1.3335795747180146
133,composite_90_conservative_dmonth,not_completed,0.11062067063475675,1688.3310193385598,1.0959749304753215
134,composite_30,early,0.08519875160146068,583.768088738312,1.3693061211011852
134,composite_30,not_completed,0.08519875160146068,2519.598654088008,1.0845338330094445
134,readmit_30,early,0.08525628866355205,583.9578773990498,1.3731578489188123
134,readmit_30,not_completed,0.08525628866355205,2519.694123622568,1.0839253614038071
134,death_30,early,0.08442428882687798,584.6277066883986,1.3936415850247663
134,death_30,not_completed,0.08442428882687798,2531.641367792732,1.0810796650120906
134,composite_90,early,0.07877117862036957,500.7080448427193,1.4254848691704816
134,composite_90,not_completed,0.07877117862036957,2046.4541247001694,1.097633518548195
134,composite_30_conservative_dmonth,early,0.08481978909933821,556.2562248980504,1.4177094838126802
134,composite_30_conservative_dmonth,not_completed,0.08481978909933821,2259.400805501475,1.0896845191164728
134,composite_90_conservative_dmonth,early,0.08749300355554579,423.4501982189199,1.4871300464536399
134,composite_90_conservative_dmonth,not_completed,0.08749300355554579,1763.4555578731993,1.1000689007454527
135,composite_30,early,0.08026666322388001,552.8596947303832,1.3930837594389964
135,composite_30,not_completed,0.08026666322388001,2512.8190273925497,1.0872642788141424
135,readmit_30,early,0.08021452620160628,552.6025508711326,1.4069035589648267
135,readmit_30,not_completed,0.08021452620160628,2512.7325230416836,1.0898025861374305
135,death_30,early,0.07956435427235166,554.6220438602721,1.3985499415377447
135,death_30,not_completed,0.07956435427235166,2522.7782651949697,1.0869568955189768
135,composite_90,early,0.08326413197512779,452.4602062788579,1.4388428542134741
135,composite_90,not_completed,0.08326413197512779,1961.4424714004724,1.1138888517577694
135,composite_30_conservative_dmonth,early,0.08616124785391623,517.2126676586164,1.375924318716014
135,composite_30_conservative_dmonth,not_completed,0.08616124785391623,2260.2225271388565,1.1112048481994714
135,composite_90_conservative_dmonth,early,0.09119328162402777,384.2320492870936,1.5286704144896652
135,composite_90_conservative_dmonth,not_completed,0.09119328162402777,1705.1914643828102,1.142510962353779
136,composite_30,early,0.06617197834088001,549.3540730400997,1.324544755496232
136,composite_30,not_completed,0.06617197834088001,2505.137445220698,1.0780079257969906
136,readmit_30,early,0.06628321667170864,549.7249115931135,1.3145371873451996
136,readmit_30,not_completed,0.06628321667170864,2505.228404204152,1.0788112753654264
136,death_30,early,0.06615922488479759,549.9535043138076,1.2961029277259106
136,death_30,not_completed,0.06615922488479759,2515.3277690865393,1.0696021882996334
136,composite_90,early,0.06679055777950248,461.0494435108091,1.3319460535871586
136,composite_90,not_completed,0.06679055777950248,2039.0802556800536,1.0862378498522232
136,composite_30_conservative_dmonth,early,0.06654257893181989,514.8820435302898,1.3106252615240095
136,composite_30_conservative_dmonth,not_completed,0.06654257893181989,2268.1070843130888,1.0802327131566902
136,composite_90_conservative_dmonth,early,0.08189779813252587,396.71711002491975,1.427096500742875
136,composite_90_conservative_dmonth,not_completed,0.08189779813252587,1764.9380393331633,1.0998576275854075
137,composite_30,early,0.0977483763501972,541.7620720371136,1.3029619602985907
137,composite_30,not_completed,0.0977483763501972,2459.281553837573,1.080110348594288
137,readmit_30,early,0.0977176556345964,541.6338989822078,1.3060460504672748
137,readmit_30,not_completed,0.0977176556345964,2459.1834797296297,1.085438807862211
137,death_30,early,0.09800331741691357,543.6219333233136,1.301860324934724
137,death_30,not_completed,0.09800331741691357,2472.2059912884993,1.082786617351218
137,composite_90,early,0.10845039150893335,448.20449501658356,1.3081958363949824
137,composite_90,not_completed,0.10845039150893335,1998.1797404695733,1.0866187349216805
137,composite_30_conservative_dmonth,early,0.09942295224380582,501.7922278474838,1.283378492675817
137,composite_30_conservative_dmonth,not_completed,0.09942295224380582,2212.0605282500633,1.0870459311560894
137,composite_90_conservative_dmonth,early,0.1128366955248068,387.7548985242536,1.374443214593595
137,composite_90_conservative_dmonth,not_completed,0.1128366955248068,1715.0653279370918,1.1062657840270187
138,composite_30,early,0.08120250990638715,575.83923961374,1.2291945309426786
138,composite_30,not_completed,0.08120250990638715,2578.697167579088,1.0632419086733553
138,readmit_30,early,0.08129449833388984,575.7617463519377,1.2310209507923182
138,readmit_30,not_completed,0.08129449833388984,2578.6734883929475,1.0647324968222036
138,death_30,early,0.08301014425943097,576.602714146139,1.230755367388285
138,death_30,not_completed,0.08301014425943097,2593.6448951582406,1.0653328148936763
138,composite_90,early,0.09939763064053479,464.3082359647538,1.3336028846955728
138,composite_90,not_completed,0.09939763064053479,2028.9291577082245,1.1084428051535191
138,composite_30_conservative_dmonth,early,0.10228322929530907,532.6770521359822,1.2899097097841097
138,composite_30_conservative_dmonth,not_completed,0.10228322929530907,2301.114123369553,1.0897131358133574
138,composite_90_conservative_dmonth,early,0.10015224009712784,402.1248265400718,1.2963993715703277
138,composite_90_conservative_dmonth,not_completed,0.10015224009712784,1786.0074214992635,1.0956568369705335
139,composite_30,early,0.07676128713184263,581.2275027792792,1.257728255301318
139,composite_30,not_completed,0.07676128713184263,2548.183397586594,1.0810600151936212
139,readmit_30,early,0.07683928197546963,581.374454564857,1.257391648693673
139,readmit_30,not_completed,0.07683928197546963,2548.215439198872,1.080563381720995
139,death_30,early,0.07708465526219148,582.6942002912015,1.257587987498287
139,death_30,not_completed,0.07708465526219148,2562.2535195506175,1.0816868060507498
139,composite_90,early,0.07204495549813059,486.0947921496176,1.2327584425804963
139,composite_90,not_completed,0.07204495549813059,2055.5686051999205,1.0782274112440644
139,composite_30_conservative_dmonth,early,0.07456144008339453,542.929921546438,1.2795456035154136
139,composite_30_conservative_dmonth,not_completed,0.07456144008339453,2299.192894250475,1.0822334775238331
139,composite_90_conservative_dmonth,early,0.07755361847488819,405.2871816758066,1.2815923913560354
139,composite_90_conservative_dmonth,not_completed,0.07755361847488819,1755.1870810785765,1.1011604263502182
140,composite_30,early,0.08201947740673589,549.6463697148272,1.3688394303908724
140,composite_30,not_completed,0.08201947740673589,2470.54809734532,1.0929071624076419
140,readmit_30,early,0.08206301603438361,549.6155409143392,1.3663202404936046
140,readmit_30,not_completed,0.08206301603438361,2470.458198456474,1.1015352800154634
140,death_30,early,0.08278509321771704,551.685013586849,1.3405426441957693
140,death_30,not_completed,0.08278509321771704,2479.5578376518447,1.0927610620735588
140,composite_90,early,0.09050770130365356,445.49447411355186,1.3307551919999494
140,composite_90,not_completed,0.09050770130365356,2003.910723403453,1.105280086767567
140,composite_30_conservative_dmonth,early,0.09388710887208826,507.15091398730715,1.347908299845107
140,composite_30_conservative_dmonth,not_completed,0.09388710887208826,2224.564948922346,1.0941842420206485
140,composite_90_conservative_dmonth,early,0.09414919769821503,374.4475429906748,1.3612758115093102
140,composite_90_conservative_dmonth,not_completed,0.09414919769821503,1726.0275321339675,1.1095477061418857
141,composite_30,early,0.08246487274264674,534.0793427983393,1.338560914119844
141,composite_30,not_completed,0.08246487274264674,2473.200559689271,1.0728569832274186
141,readmit_30,early,0.08251559821615977,534.0646123401419,1.293292155649079
141,readmit_30,not_completed,0.08251559821615977,2473.16149349217,1.0721091641548377
141,death_30,early,0.0826646305713321,535.6772643666675,1.3272305629812962
141,death_30,not_completed,0.0826646305713321,2489.125069763717,1.0715708033632168
141,composite_90,early,0.08091272833284764,436.59331348182485,1.3709580227057925
141,composite_90,not_completed,0.08091272833284764,1984.240731024036,1.080173820189499
141,composite_30_conservative_dmonth,early,0.09043240512502286,487.5630159155027,1.3468118646581597
141,composite_30_conservative_dmonth,not_completed,0.09043240512502286,2210.3114667909617,1.0770275842704353
141,composite_90_conservative_dmonth,early,0.08576633891168718,372.1747458513976,1.4485601451481378
141,composite_90_conservative_dmonth,not_completed,0.08576633891168718,1711.147264743069,1.096723856150044
142,composite_30,early,0.06870479431455265,534.2909341646863,1.3304524676997176
142,composite_30,not_completed,0.06870479431455265,2406.119952213666,1.0915425814315103
142,readmit_30,early,0.06873564652543557,534.298642031335,1.3349757856417255
142,readmit_30,not_completed,0.06873564652543557,2406.058558807199,1.1005845075281688
142,death_30,early,0.06877934090088679,535.3086841432097,1.3270544480925612
142,death_30,not_completed,0.06877934090088679,2414.127908572967,1.091329176226026
142,composite_90,early,0.06558966698515574,441.94067058553355,1.371812359839663
142,composite_90,not_completed,0.06558966698515574,1922.1093412759265,1.1068459906288133
142,composite_30_conservative_dmonth,early,0.06824503380758686,497.0981843202264,1.3446729030924611
142,composite_30_conservative_dmonth,not_completed,0.06824503380758686,2154.1960252169692,1.0989384426790605
142,composite_90_conservative_dmonth,early,0.08969940804834449,376.0016595703043,1.3896697062370045
142,composite_90_conservative_dmonth,not_completed,0.08969940804834449,1683.1556941418285,1.1177069693334059
143,composite_30,early,0.07816696901257404,566.9697860579682,1.4638043875591722
143,composite_30,not_completed,0.07816696901257404,2591.039946229071,1.1127539562706081
143,readmit_30,early,0.07800819193540512,566.2002306328907,1.4864235831897143
143,readmit_30,not_completed,0.07800819193540512,2590.952328238598,1.105974037328319
143,death_30,early,0.0774386149790973,568.3398386180266,1.4939504616131802
143,death_30,not_completed,0.0774386149790973,2604.022946499575,1.1010482119074827
143,composite_90,early,0.0923626136529434,471.3921297310399,1.4117603198688287
143,composite_90,not_completed,0.0923626136529434,2107.753979911307,1.0958780057485042
143,composite_30_conservative_dmonth,early,0.08917628032082953,532.197154816101,1.3653608184062753
143,composite_30_conservative_dmonth,not_completed,0.08917628032082953,2353.5035033516465,1.0947540561305191
143,composite_90_conservative_dmonth,early,0.08354898784400736,403.9037281982303,1.5000694241939734
143,composite_90_conservative_dmonth,not_completed,0.08354898784400736,1836.3640141189744,1.1201261021083904
144,composite_30,early,0.05996008192606763,596.3799180047121,1.3168777700025078
144,composite_30,not_completed,0.05996008192606763,2682.7100367496487,1.092812962975956
144,readmit_30,early,0.06012355920986307,596.019172116154,1.3415047738181713
144,readmit_30,not_completed,0.06012355920986307,2682.4583482919443,1.1013951522433132
144,death_30,early,0.06031299798592525,598.2311875745013,1.3390765037778671
144,death_30,not_completed,0.06031299798592525,2694.6366880119194,1.0949747544119688
144,composite_90,early,0.06644688833371039,494.72594500778484,1.3622413868412742
144,composite_90,not_completed,0.06644688833371039,2187.4542996793666,1.1087665753837477
144,composite_30_conservative_dmonth,early,0.06631485721956398,558.1706088500399,1.3596947155679624
144,composite_30_conservative_dmonth,not_completed,0.06631485721956398,2422.4795062257544,1.0986258607392745
144,composite_90_conservative_dmonth,early,0.06994318642096511,434.09115703215986,1.4272333709851142
144,composite_90_conservative_dmonth,not_completed,0.06994318642096511,1906.3042855773222,1.1201055031775673
145,composite_30,early,0.05444605997299503,547.2306326334812,1.3889883563410106
145,composite_30,not_completed,0.05444605997299503,2393.567570252884,1.0991065212730498
145,readmit_30,early,0.05429890260604847,547.0856205905345,1.4043751661614505
145,readmit_30,not_completed,0.05429890260604847,2393.576171701655,1.102429998986438
145,death_30,early,0.053724268216295674,548.1648470398874,1.4026426157495941
145,death_30,not_completed,0.053724268216295674,2406.5530594889474,1.0990460514251033
145,composite_90,early,0.05696018290288318,457.75747091017826,1.3674194983049712
145,composite_90,not_completed,0.05696018290288318,1977.958943422167,1.105764290735127
145,composite_30_conservative_dmonth,early,0.050863251507534006,512.2278546992469,1.3217198778692656
145,composite_30_conservative_dmonth,not_completed,0.050863251507534006,2184.8695162082104,1.0995086896891346
145,composite_90_conservative_dmonth,early,0.07228820587592787,382.7165622070674,1.46120701760304
145,composite_90_conservative_dmonth,not_completed,0.07228820587592787,1723.799838496517,1.1258340929230737
146,composite_30,early,0.07124267672011274,567.2570540253266,1.30399067619549
146,composite_30,not_completed,0.07124267672011274,2531.0167401198187,1.0904045468985488
146,readmit_30,early,0.07124267672011274,567.2570540253266,1.30399067619549
146,readmit_30,not_completed,0.07124267672011274,2531.0167401198187,1.0904045468985488
146,death_30,early,0.0709850640663448,569.0517638563971,1.3129846581325202
146,death_30,not_completed,0.0709850640663448,2542.9466584714637,1.0916165998309844
146,composite_90,early,0.07997626878715061,474.74869255845937,1.397948843189878
146,composite_90,not_completed,0.07997626878715061,2045.0412086722672,1.0875374393895472
146,composite_30_conservative_dmonth,early,0.07812550769249436,532.9636209781338,1.3485594920685708
146,composite_30_conservative_dmonth,not_completed,0.07812550769249436,2283.0879090715057,1.0884064011276138
146,composite_90_conservative_dmonth,early,0.08831236366110673,402.35286521320387,1.4127076271298113
146,composite_90_conservative_dmonth,not_completed,0.08831236366110673,1777.7177315713448,1.1145850693822423
147,composite_30,early,0.08717716079016909,575.7048638957148,1.338014363089585
147,composite_30,not_completed,0.08717716079016909,2531.795942790108,1.0865203321720784
147,readmit_30,early,0.08723224413241128,575.1201413404616,1.3734248470810793
147,readmit_30,not_completed,0.08723224413241128,2531.4868093651753,1.1045496409201243
147,death_30,early,0.08573719460174152,577.5885023755719,1.3563048178033026
147,death_30,not_completed,0.08573719460174152,2542.70635504929,1.09488954760331
147,composite_90,early,0.07188138377169802,488.37088962849214,1.3087366037903885
147,composite_90,not_completed,0.07188138377169802,2063.976042129943,1.0822522010226732
147,composite_30_conservative_dmonth,early,0.08328534576391414,540.9671822619157,1.3749528818688166
147,composite_30_conservative_dmonth,not_completed,0.08328534576391414,2296.7384755073595,1.1036914081347566
147,composite_90_conservative_dmonth,early,0.09232038240817562,416.39242129681463,1.3891192529333725
147,composite_90_conservative_dmonth,not_completed,0.09232038240817562,1807.6539629139277,1.1087716501001412
148,composite_30,early,0.0797009623889376,569.5265590705533,1.3015769147363312
148,composite_30,not_completed,0.0797009623889376,2565.8282438550514,1.080463714281786
148,readmit_30,early,0.0797245049626104,569.3466007134136,1.3056676496527697
148,readmit_30,not_completed,0.0797245049626104,2565.742135500809,1.081884997500472
148,death_30,early,0.0782205330250817,571.262537931757,1.2920247867225576
148,death_30,not_completed,0.0782205330250817,2575.842247854818,1.078719171634629
148,composite_90,early,0.08867873778137697,469.21914549383376,1.373109578653371
148,composite_90,not_completed,0.08867873778137697,2100.731059826132,1.09342425423049
148,composite_30_conservative_dmonth,early,0.08392960326920348,530.9712312919315,1.3384043848103901
148,composite_30_conservative_dmonth,not_completed,0.08392960326920348,2343.6024564566014,1.092514158784796
148,composite_90_conservative_dmonth,early,0.11400189348735729,401.7885845072721,1.374799127086708
148,composite_90_conservative_dmonth,not_completed,0.11400189348735729,1841.8654472602714,1.103494195473816
149,composite_30,early,0.09181983330101863,586.2848784827631,1.350649026334047
149,composite_30,not_completed,0.09181983330101863,2543.78702056291,1.083872948542706
149,readmit_30,early,0.09187218662210343,586.5223720925991,1.3441501145326535
149,readmit_30,not_completed,0.09187218662210343,2543.8122084725333,1.0836096735704903
149,death_30,early,0.09201005647278616,587.3381760568479,1.3611184069852362
149,death_30,not_completed,0.09201005647278616,2555.8333956205715,1.0808232603590013
149,composite_90,early,0.09153036540539447,484.1656308966677,1.4867816203736046
149,composite_90,not_completed,0.09153036540539447,2097.5412124703043,1.1082231954877304
149,composite_30_conservative_dmonth,early,0.0911116094550803,547.1319992033125,1.428995616321051
149,composite_30_conservative_dmonth,not_completed,0.0911116094550803,2306.78748240276,1.0867146255886693
149,composite_90_conservative_dmonth,early,0.10674471524923362,418.93235371888426,1.4918612802576485
149,composite_90_conservative_dmonth,not_completed,0.10674471524923362,1827.5150504988715,1.116625461158697
150,composite_30,early,0.07191465562236127,514.1682886756528,1.3335385500207764
150,composite_30,not_completed,0.07191465562236127,2460.0515644806014,1.0766373981562296
150,readmit_30,early,0.0719011779206272,514.3506683777689,1.3256823745519195
150,readmit_30,not_completed,0.0719011779206272,2460.0588407809296,1.0782358113879837
150,death_30,early,0.072418065107683,514.2389736112411,1.3270573124592957
150,death_30,not_completed,0.072418065107683,2474.0829701340026,1.074107379834393
150,composite_90,early,0.06925580095615774,432.05943202070694,1.4438725343482115
150,composite_90,not_completed,0.06925580095615774,1984.9713501519652,1.0898290583463652
150,composite_30_conservative_dmonth,early,0.06943194109342202,483.2753965619042,1.400181549067789
150,composite_30_conservative_dmonth,not_completed,0.06943194109342202,2207.072468689965,1.0806855722694164
150,composite_90_conservative_dmonth,early,0.08393772139043242,367.39913482756157,1.5241180360340048
150,composite_90_conservative_dmonth,not_completed,0.08393772139043242,1688.678023660771,1.1091664291361358
151,composite_30,early,0.08680949889231653,575.4782012320993,1.2982471717527095
151,composite_30,not_completed,0.08680949889231653,2470.6413121797086,1.0792790936491785
151,readmit_30,early,0.08668884213546876,575.588279702429,1.2978648864786442
151,readmit_30,not_completed,0.08668884213546876,2470.6505069475697,1.0813337891337924
151,death_30,early,0.08625278095474062,575.2984270717574,1.3128820629700915
151,death_30,not_completed,0.08625278095474062,2481.573076343564,1.0811274440961804
151,composite_90,early,0.08912754577208604,479.732825164155,1.2955367148889034
151,composite_90,not_completed,0.08912754577208604,1997.9063658339194,1.0839545564698974
151,composite_30_conservative_dmonth,early,0.09190658014531332,539.373936403768,1.2695873526604917
151,composite_30_conservative_dmonth,not_completed,0.09190658014531332,2234.72721946446,1.080682046118867
151,composite_90_conservative_dmonth,early,0.0938679089747215,415.0168016820637,1.3332213440464427
151,composite_90_conservative_dmonth,not_completed,0.0938679089747215,1751.797865379108,1.0940190391988547
152,composite_30,early,0.07306513573427292,580.4161116615353,1.296967594250542
152,composite_30,not_completed,0.07306513573427292,2572.339906649049,1.0703290786432602
152,readmit_30,early,0.07309462359775881,580.41657058663,1.2912088349437687
152,readmit_30,not_completed,0.07309462359775881,2572.297952918386,1.0741591841772749
152,death_30,early,0.07074358873953525,582.2561218044696,1.3167719828414326
152,death_30,not_completed,0.07074358873953525,2585.2917811648103,1.0728951734180248
152,composite_90,early,0.0859971339944815,484.4633916289028,1.3647051316779828
152,composite_90,not_completed,0.0859971339944815,2094.0664241157683,1.0853387184654684
152,composite_30_conservative_dmonth,early,0.07794319204564559,537.1466785303081,1.335223917008613
152,composite_30_conservative_dmonth,not_completed,0.07794319204564559,2332.1789274094326,1.078186118123
152,composite_90_conservative_dmonth,early,0.07977652720639791,416.1355616241676,1.4208510948979174
152,composite_90_conservative_dmonth,not_completed,0.07977652720639791,1838.8460979215133,1.1037256950520093
153,composite_30,early,0.07855671227037336,538.5130026470375,1.3164602753328503
153,composite_30,not_completed,0.07855671227037336,2427.770279377732,1.0851082075322562
153,readmit_30,early,0.07868702690208135,537.9313397529686,1.3414436300846029
153,readmit_30,not_completed,0.07868702690208135,2427.578440134368,1.0927329408383109
153,death_30,early,0.0781402495417635,537.9515930013781,1.328298472189011
153,death_30,not_completed,0.0781402495417635,2441.634339372116,1.0874592776417544
153,composite_90,early,0.08328082203207081,444.8963298532115,1.3115593026869918
153,composite_90,not_completed,0.08328082203207081,1953.7361844538564,1.0986970592124725
153,composite_30_conservative_dmonth,early,0.07493009290353114,497.23153647588447,1.3308211370153487
153,composite_30_conservative_dmonth,not_completed,0.07493009290353114,2186.609564952492,1.0955148968010324
153,composite_90_conservative_dmonth,early,0.08825384479169313,369.30293063324547,1.402823601356226
153,composite_90_conservative_dmonth,not_completed,0.08825384479169313,1695.6677524451447,1.106758712972552
154,composite_30,early,0.09310385974978486,563.686072335505,1.4292144202772052
154,composite_30,not_completed,0.09310385974978486,2494.984031136002,1.1027238075730739
154,readmit_30,early,0.09312217511088793,564.8557144082297,1.3785202349687986
154,readmit_30,not_completed,0.09312217511088793,2495.1741984107002,1.096677441363368
154,death_30,early,0.09249673645251644,564.3485315480833,1.4097667674458672
154,death_30,not_completed,0.09249673645251644,2511.1507544201504,1.1008785389952418
154,composite_90,early,0.09554578491104704,472.16221211056205,1.4851052353408785
154,composite_90,not_completed,0.09554578491104704,2016.0412065505343,1.1164025849386996
154,composite_30_conservative_dmonth,early,0.09162339789351714,523.4249591183054,1.4186638325760452
154,composite_30_conservative_dmonth,not_completed,0.09162339789351714,2248.9707565367817,1.1145194716403068
154,composite_90_conservative_dmonth,early,0.09781312479367536,391.6684804920682,1.5488011208491188
154,composite_90_conservative_dmonth,not_completed,0.09781312479367536,1767.0806276187755,1.1271535904116732
155,composite_30,early,0.10335484518115289,532.0160264041465,1.2938179789770403
155,composite_30,not_completed,0.10335484518115289,2464.0950230528815,1.0754238860133274
155,readmit_30,early,0.10331517608207402,532.4013952883861,1.2796521838737747
155,readmit_30,not_completed,0.10331517608207402,2464.213826627339,1.0730710151608718
155,death_30,early,0.10107668677941034,533.2731902190969,1.2614358024196055
155,death_30,not_completed,0.10107668677941034,2475.15086765524,1.070068383445726
155,composite_90,early,0.1020350725266288,442.7885151999472,1.240656841276113
155,composite_90,not_completed,0.1020350725266288,2002.4928065700876,1.0789478808085589
155,composite_30_conservative_dmonth,early,0.10792240719233843,493.4544032871478,1.3036675316365918
155,composite_30_conservative_dmonth,not_completed,0.10792240719233843,2217.1376072087,1.0862509504666285
155,composite_90_conservative_dmonth,early,0.11735257800392733,373.3300522563113,1.3000176566718513
155,composite_90_conservative_dmonth,not_completed,0.11735257800392733,1698.1113864510269,1.1067433404985934
156,composite_30,early,0.09507110202954296,557.8141498192941,1.3658076369008838
156,composite_30,not_completed,0.09507110202954296,2480.943422483634,1.089395473855155
156,readmit_30,early,0.09503581818232727,558.0534315214861,1.3613554895823194
156,readmit_30,not_completed,0.09503581818232727,2481.0003068743104,1.0886343507037004
156,death_30,early,0.09610795553682788,557.8967449407436,1.362115975992337
156,death_30,not_completed,0.09610795553682788,2489.95313399644,1.088209887850336
156,composite_90,early,0.09875140974670178,466.330243561111,1.4513442078112466
156,composite_90,not_completed,0.09875140974670178,2023.314196818139,1.0940821081911158
156,composite_30_conservative_dmonth,early,0.1001095574838985,523.9747036873981,1.3953690738547178
156,composite_30_conservative_dmonth,not_completed,0.1001095574838985,2278.9756590831985,1.0947429073332418
156,composite_90_conservative_dmonth,early,0.11532663504738226,402.25660952253315,1.4606251363904872
156,composite_90_conservative_dmonth,not_completed,0.11532663504738226,1768.2234845204052,1.1088195223354675
157,composite_30,early,0.05193218844466132,575.2492111009141,1.3652975566081234
157,composite_30,not_completed,0.05193218844466132,2583.1975019692495,1.073742963011119
157,readmit_30,early,0.0519206063305339,575.675844336231,1.3395285551531175
157,readmit_30,not_completed,0.0519206063305339,2583.3001521172773,1.0715556876742707
157,death_30,early,0.052555166264370304,576.2875798899356,1.3692099959752748
157,death_30,not_completed,0.052555166264370304,2592.2330333241102,1.0739472411695117
157,composite_90,early,0.07377635815351952,482.37134195689634,1.3227579576434314
157,composite_90,not_completed,0.07377635815351952,2077.3028781526364,1.080095559339771
157,composite_30_conservative_dmonth,early,0.061271607353644425,539.8559319174349,1.3601845813650475
157,composite_30_conservative_dmonth,not_completed,0.061271607353644425,2343.315668948689,1.0754191850629795
157,composite_90_conservative_dmonth,early,0.08370524196997914,421.98691739275677,1.3777955961347663
157,composite_90_conservative_dmonth,not_completed,0.08370524196997914,1808.0633656989642,1.0929033584073762
158,composite_30,early,0.08861457779209374,537.7931834732024,1.357805213175712
158,composite_30,not_completed,0.08861457779209374,2448.2353961798894,1.0804590566403796
158,readmit_30,early,0.08866046832327786,537.3335794994761,1.402654770786387
158,readmit_30,not_completed,0.08866046832327786,2448.1149912669766,1.0832871992429973
158,death_30,early,0.08707821092036183,539.6572054447155,1.3610478656661227
158,death_30,not_completed,0.08707821092036183,2462.179327024142,1.080604704314059
158,composite_90,early,0.08953084320686755,438.5157651427591,1.327330974086433
158,composite_90,not_completed,0.08953084320686755,1951.0058400303053,1.096657062888147
158,composite_30_conservative_dmonth,early,0.08405015084262552,497.2012194076847,1.3712706717782726
158,composite_30_conservative_dmonth,not_completed,0.08405015084262552,2186.2802737907978,1.0848383860036825
158,composite_90_conservative_dmonth,early,0.08947182451251552,377.427277196551,1.3053692076283832
158,composite_90_conservative_dmonth,not_completed,0.08947182451251552,1703.1352274074302,1.1107451605903433
159,composite_30,early,0.08334792315546459,523.4899207102627,1.495007533891305
159,composite_30,not_completed,0.08334792315546459,2482.396491857129,1.0987407723707525
159,readmit_30,early,0.08333745349906177,523.7483516089002,1.4995115889979043
159,readmit_30,not_completed,0.08333745349906177,2482.4104948555205,1.0989702168954605
159,death_30,early,0.0831961603922106,524.7272563123332,1.4867734019607124
159,death_30,not_completed,0.0831961603922106,2493.462568939705,1.0980465434421853
159,composite_90,early,0.07091003973586626,436.72509123019523,1.376404521834172
159,composite_90,not_completed,0.07091003973586626,2008.6277009341413,1.1181087643256407
159,composite_30_conservative_dmonth,early,0.07697416702129585,488.77641571808755,1.4656136276618565
159,composite_30_conservative_dmonth,not_completed,0.07697416702129585,2249.4526920045514,1.1162096614606756
159,composite_90_conservative_dmonth,early,0.06978215239292324,364.9772380900668,1.473746513449869
159,composite_90_conservative_dmonth,not_completed,0.06978215239292324,1749.3977332667253,1.137785322242835
160,composite_30,early,0.07203759805192798,588.337293962248,1.4025153915110402
160,composite_30,not_completed,0.07203759805192798,2669.9442016649327,1.079885356617776
160,readmit_30,early,0.07197830401964375,588.2535115281843,1.4118876091203254
160,readmit_30,not_completed,0.07197830401964375,2669.903261545847,1.0811953206525884
160,death_30,early,0.0707987535769841,588.9894929182299,1.4024212670165153
160,death_30,not_completed,0.0707987535769841,2681.8535019739666,1.0806358714776338
160,composite_90,early,0.07540448194923934,495.5018740872473,1.408861815681672
160,composite_90,not_completed,0.07540448194923934,2154.947651830018,1.0900785504363153
160,composite_30_conservative_dmonth,early,0.06871923010265038,551.5889982188279,1.424177875367864
160,composite_30_conservative_dmonth,not_completed,0.06871923010265038,2416.82902546642,1.0904283314447596
160,composite_90_conservative_dmonth,early,0.0803454459785759,426.89590371528726,1.4564418183941548
160,composite_90_conservative_dmonth,not_completed,0.0803454459785759,1857.5321840972897,1.1165713711671366
161,composite_30,early,0.11168290112080549,574.9756025555197,1.3296846549987962
161,composite_30,not_completed,0.11168290112080549,2616.863546263855,1.0801248657515403
161,readmit_30,early,0.11178055019760869,575.3184811688411,1.3178699513486805
161,readmit_30,not_completed,0.11178055019760869,2616.9246571569856,1.077523498300473
161,death_30,early,0.11307431994963678,575.7580926274787,1.3400225118503772
161,death_30,not_completed,0.11307431994963678,2630.7520329413005,1.0812078604916049
161,composite_90,early,0.10709934309644763,481.8073595349995,1.397110848892523
161,composite_90,not_completed,0.10709934309644763,2098.786696507282,1.0935249654555776
161,composite_30_conservative_dmonth,early,0.11321213102430469,534.9611589093713,1.3760801349688934
161,composite_30_conservative_dmonth,not_completed,0.11321213102430469,2360.9808168576687,1.0864878483207534
161,composite_90_conservative_dmonth,early,0.10723568065030223,412.4494776890565,1.4448046591797368
161,composite_90_conservative_dmonth,not_completed,0.10723568065030223,1815.7677932171732,1.1186401039792488
162,composite_30,early,0.07082528759772237,559.5909549893398,1.3248913757017307
162,composite_30,not_completed,0.07082528759772237,2611.4384299221038,1.0779022089114905
162,readmit_30,early,0.07073530845625163,559.390271836357,1.3082977726182752
162,readmit_30,not_completed,0.07073530845625163,2611.3465847800376,1.0796569360181676
162,death_30,early,0.0708140347046622,561.0298698502099,1.3416951682191516
162,death_30,not_completed,0.0708140347046622,2624.321898472438,1.0789812835687185
162,composite_90,early,0.06078047702471161,470.2426723680948,1.315954849854504
162,composite_90,not_completed,0.06078047702471161,2095.6246976452926,1.0757738685417304
162,composite_30_conservative_dmonth,early,0.06225089543374203,528.8023794455606,1.3068560097663657
162,composite_30_conservative_dmonth,not_completed,0.06225089543374203,2366.417535818152,1.0817402643756668
162,composite_90_conservative_dmonth,early,0.07055192277353056,407.29727263354494,1.3497686134986793
162,composite_90_conservative_dmonth,not_completed,0.07055192277353056,1862.575553342424,1.0780301984991127
163,composite_30,early,0.06590150663154706,554.4091157444709,1.3538810066620817
163,composite_30,not_completed,0.06590150663154706,2520.1083079440714,1.0786178723380233
163,readmit_30,early,0.06596370285440022,554.3221616359561,1.3555076384368903
163,readmit_30,not_completed,0.06596370285440022,2520.089445193375,1.0772929448115305
163,death_30,early,0.06235662372655117,556.6195964098665,1.344519908969584
163,death_30,not_completed,0.06235662372655117,2532.1514966058758,1.073495238966306
163,composite_90,early,0.06757121494050523,464.3607004494727,1.3264952181184197
163,composite_90,not_completed,0.06757121494050523,2044.1539676949199,1.0919338244203003
163,composite_30_conservative_dmonth,early,0.06794815062292352,518.826266029464,1.322543747558863
163,composite_30_conservative_dmonth,not_completed,0.06794815062292352,2290.140872840205,1.0791542688945701
163,composite_90_conservative_dmonth,early,0.075885747704318,407.21036086755174,1.3637962620464075
163,composite_90_conservative_dmonth,not_completed,0.075885747704318,1769.0914957951466,1.0934876671895701
164,composite_30,early,0.074819305755649,585.455281999954,1.3382964727222062
164,composite_30,not_completed,0.074819305755649,2597.021022515438,1.085399632579915
164,readmit_30,early,0.07475768815753245,585.5497299508049,1.3364944298011228
164,readmit_30,not_completed,0.07475768815753245,2597.0501094083716,1.0858612777617738
164,death_30,early,0.07507625987513931,586.4983624197755,1.335884497122793
164,death_30,not_completed,0.07507625987513931,2610.0480494435083,1.0845113883830046
164,composite_90,early,0.07103028527823875,491.9086174746241,1.3513332680599155
164,composite_90,not_completed,0.07103028527823875,2126.2685253186196,1.0820236606350402
164,composite_30_conservative_dmonth,early,0.06733092134175186,551.6622528508391,1.35481800305858
164,composite_30_conservative_dmonth,not_completed,0.06733092134175186,2357.0735516174495,1.080195043130851
164,composite_90_conservative_dmonth,early,0.07299743401126663,414.17048071638754,1.3846379891229972
164,composite_90_conservative_dmonth,not_completed,0.07299743401126663,1862.1060915183002,1.095397205351035
165,composite_30,early,0.07019534304816309,544.9626602269636,1.4029939147752728
165,composite_30,not_completed,0.07019534304816309,2533.477327197565,1.1050189785922802
165,readmit_30,early,0.07016730749814795,544.9530423614709,1.403721021656484
165,readmit_30,not_completed,0.07016730749814795,2533.468917443018,1.1039436759734291
165,death_30,early,0.06712555454213552,545.4487068239257,1.4123992744238503
165,death_30,not_completed,0.06712555454213552,2546.3483045752514,1.1067406307467524
165,composite_90,early,0.07333426871256739,441.47180125052824,1.3910297736708643
165,composite_90,not_completed,0.07333426871256739,2040.9288147247444,1.1046553566314077
165,composite_30_conservative_dmonth,early,0.0761239199874223,496.65070335810765,1.3893733287365844
165,composite_30_conservative_dmonth,not_completed,0.0761239199874223,2278.8031906754777,1.1025867088660806
165,composite_90_conservative_dmonth,early,0.10266944308517592,374.51944600557897,1.4566935521939126
165,composite_90_conservative_dmonth,not_completed,0.10266944308517592,1729.7681460628667,1.1203677950494628
166,composite_30,early,0.07660859064529231,572.0410475535444,1.3235001855858437
166,composite_30,not_completed,0.07660859064529231,2430.2442748582216,1.086532942109892
166,readmit_30,early,0.07662483826042077,572.0768186506375,1.338859300532812
166,readmit_30,not_completed,0.07662483826042077,2430.3370034838176,1.0788652330875514
166,death_30,early,0.07731093809493139,572.125163949193,1.3234357761121032
166,death_30,not_completed,0.07731093809493139,2444.27075515376,1.0844707242950793
166,composite_90,early,0.07225875085441527,482.92569142699875,1.3702988572024775
166,composite_90,not_completed,0.07225875085441527,1987.2252230701702,1.0902424994062123
166,composite_30_conservative_dmonth,early,0.07972838153203778,531.0192163813088,1.393404961702913
166,composite_30_conservative_dmonth,not_completed,0.07972838153203778,2212.879222773383,1.0943350191608134
166,composite_90_conservative_dmonth,early,0.07148636645786878,411.2446912479511,1.3991788661372604
166,composite_90_conservative_dmonth,not_completed,0.07148636645786878,1753.2595520547343,1.096451044976747
167,composite_30,early,0.10042861537935494,586.2569541397007,1.2658393690809282
167,composite_30,not_completed,0.10042861537935494,2595.953944492949,1.0808186859447348
167,readmit_30,early,0.10040460521244739,586.1230987137654,1.2776452318027267
167,readmit_30,not_completed,0.10040460521244739,2595.882144050665,1.085480015509085
167,death_30,early,0.10163327948371417,588.2184089834079,1.2701958827225692
167,death_30,not_completed,0.10163327948371417,2606.9286497131816,1.0824555690456028
167,composite_90,early,0.09110947993917606,479.74213563596936,1.3469677132831066
167,composite_90,not_completed,0.09110947993917606,2080.6209357112416,1.0995017103234022
167,composite_30_conservative_dmonth,early,0.094524618024106,540.040493174566,1.2913588886340261
167,composite_30_conservative_dmonth,not_completed,0.094524618024106,2336.929123564318,1.0884554351944613
167,composite_90_conservative_dmonth,early,0.08338519701192508,404.8016703638072,1.3665275576776938
167,composite_90_conservative_dmonth,not_completed,0.08338519701192508,1806.8189740003863,1.0970460961160713
168,composite_30,early,0.06690414380871612,567.3108353489633,1.344604983100906
168,composite_30,not_completed,0.06690414380871612,2580.4784796941262,1.0707990513598054
168,readmit_30,early,0.06687163135054636,567.3521973844767,1.3407593951523757
168,readmit_30,not_completed,0.06687163135054636,2580.4705170246825,1.0711517752067459
168,death_30,early,0.06752774111123104,569.1920091308813,1.3320855264254612
168,death_30,not_completed,0.06752774111123104,2592.4433598720643,1.0706514429076512
168,composite_90,early,0.06410914978078999,464.4298922373142,1.4072992588258604
168,composite_90,not_completed,0.06410914978078999,2070.222619192368,1.0859569163343195
168,composite_30_conservative_dmonth,early,0.06671652106985934,528.7851413413202,1.3228274050256852
168,composite_30_conservative_dmonth,not_completed,0.06671652106985934,2339.2816101245803,1.0741584040109668
168,composite_90_conservative_dmonth,early,0.07317202105876468,389.4048234599557,1.4758815470094357
168,composite_90_conservative_dmonth,not_completed,0.07317202105876468,1817.8055067493096,1.104278023109488
169,composite_30,early,0.0773695040489036,556.604320494983,1.315628541421509
169,composite_30,not_completed,0.0773695040489036,2541.1019090246864,1.0753869419344022
169,readmit_30,early,0.07732170625634166,556.682981066285,1.3103852079518783
169,readmit_30,not_completed,0.07732170625634166,2541.0897824005306,1.0787702535695718
169,death_30,early,0.07737747701154658,557.8709291495705,1.3038519687538255
169,death_30,not_completed,0.07737747701154658,2556.151291132608,1.0762143546248695
169,composite_90,early,0.08282362180691394,461.9621647602228,1.3272757847992902
169,composite_90,not_completed,0.08282362180691394,2073.1274061935665,1.0931743183879854
169,composite_30_conservative_dmonth,early,0.09275779932101148,523.4353684456031,1.322662741043158
169,composite_30_conservative_dmonth,not_completed,0.09275779932101148,2320.901243356227,1.0876554438244128
169,composite_90_conservative_dmonth,early,0.08162602618080331,387.5638313523633,1.3825978746531913
169,composite_90_conservative_dmonth,not_completed,0.08162602618080331,1800.9174878209894,1.1050883799239706
170,composite_30,early,0.080854502707894,557.1404891600092,1.4174941602384932
170,composite_30,not_completed,0.080854502707894,2515.4710276973797,1.104098886965247
170,readmit_30,early,0.0807732026919494,556.9025183932744,1.4240923463496205
170,readmit_30,not_completed,0.0807732026919494,2515.2884359597047,1.117201957264253
170,death_30,early,0.0812517636042926,556.8411133863884,1.3904744732617138
170,death_30,not_completed,0.0812517636042926,2527.528331628593,1.093999840998891
170,composite_90,early,0.08438355081316995,466.0481647453815,1.4387188430238778
170,composite_90,not_completed,0.08438355081316995,2076.497765446302,1.1010007450113155
170,composite_30_conservative_dmonth,early,0.08088383235806149,527.5465318109473,1.4047480935210521
170,composite_30_conservative_dmonth,not_completed,0.08088383235806149,2283.5251120938756,1.098902557585263
170,composite_90_conservative_dmonth,early,0.10483662618136701,405.7067519778838,1.488971719773916
170,composite_90_conservative_dmonth,not_completed,0.10483662618136701,1821.253130860786,1.121265234483878
171,composite_30,early,0.0698818507049616,556.0556491540304,1.34345314424076
171,composite_30,not_completed,0.0698818507049616,2522.1229558516866,1.085347776411455
171,readmit_30,early,0.06979697698960836,556.1366146630679,1.3524147324864793
171,readmit_30,not_completed,0.06979697698960836,2522.1779095878705,1.084334467882262
171,death_30,early,0.06857946378028597,556.1331851544128,1.3419756591425398
171,death_30,not_completed,0.06857946378028597,2531.15547164977,1.0827601408042729
171,composite_90,early,0.07893445549237595,455.4394293359082,1.3348219517044237
171,composite_90,not_completed,0.07893445549237595,2036.1757070501185,1.0995986273580047
171,composite_30_conservative_dmonth,early,0.07673151666673697,520.533524088057,1.3470678179012652
171,composite_30_conservative_dmonth,not_completed,0.07673151666673697,2283.1347574548777,1.0891532910894126
171,composite_90_conservative_dmonth,early,0.0866818266248133,377.0352945956806,1.4428443219793279
171,composite_90_conservative_dmonth,not_completed,0.0866818266248133,1715.9117601008943,1.124194284422693
172,composite_30,early,0.08131438216233845,549.516589928176,1.481802632832875
172,composite_30,not_completed,0.08131438216233845,2620.9268888838214,1.0879008574450284
172,readmit_30,early,0.08142169442735218,548.9845353149681,1.4871309308990526
172,readmit_30,not_completed,0.08142169442735218,2620.7770115904655,1.0887192741291318
172,death_30,early,0.08197105469816618,551.3818486433493,1.4859393371991556
172,death_30,not_completed,0.08197105469816618,2632.8791936797206,1.0878806058676838
172,composite_90,early,0.0784922985036044,460.9374274724299,1.5375750895395
172,composite_90,not_completed,0.0784922985036044,2144.002111509789,1.0928688430280278
172,composite_30_conservative_dmonth,early,0.08078156352246708,515.3584811387415,1.4625340789672203
172,composite_30_conservative_dmonth,not_completed,0.08078156352246708,2392.9583134621807,1.0835557265059095
172,composite_90_conservative_dmonth,early,0.0825154734783975,393.5860510853906,1.5081159899564844
172,composite_90_conservative_dmonth,not_completed,0.0825154734783975,1856.9828640442122,1.0946881301079212
173,composite_30,early,0.0788238586653284,559.433771478469,1.3312373450392128
173,composite_30,not_completed,0.0788238586653284,2558.060491602663,1.0775398549089155
173,readmit_30,early,0.0788238586653284,559.433771478469,1.3312373450392128
173,readmit_30,not_completed,0.0788238586653284,2558.060491602663,1.0775398549089155
173,death_30,early,0.0804567256893937,561.2965319992636,1.3389135091230557
173,death_30,not_completed,0.0804567256893937,2571.9959269802293,1.076491764343514
173,composite_90,early,0.07928472552647554,467.47600728128964,1.339446509228811
173,composite_90,not_completed,0.07928472552647554,2073.3825623079847,1.0791352799089668
173,composite_30_conservative_dmonth,early,0.08181206855441242,521.4233051038605,1.37094620210063
173,composite_30_conservative_dmonth,not_completed,0.08181206855441242,2297.0396250737545,1.081016005609941
173,composite_90_conservative_dmonth,early,0.10620023376917997,395.8165686808942,1.4464263260888768
173,composite_90_conservative_dmonth,not_completed,0.10620023376917997,1757.238626815512,1.09832883584264
174,composite_30,early,0.06898161041035644,571.2717891082448,1.3078872126559122
174,composite_30,not_completed,0.06898161041035644,2494.035314116928,1.0858395424278322
174,readmit_30,early,0.06897322925587536,571.0896509757584,1.3059150405956848
174,readmit_30,not_completed,0.06897322925587536,2494.018291293402,1.086912475896539
174,death_30,early,0.06758113119283649,571.9853800667539,1.3238704316563208
174,death_30,not_completed,0.06758113119283649,2503.9806726830866,1.087758631300947
174,composite_90,early,0.06668846884809872,473.77962419764435,1.3558734573072633
174,composite_90,not_completed,0.06668846884809872,2019.1350637048224,1.09458566594341
174,composite_30_conservative_dmonth,early,0.06613300454507598,535.3382866213635,1.3507402420748122
174,composite_30_conservative_dmonth,not_completed,0.06613300454507598,2261.8913751893515,1.0999981692616552
174,composite_90_conservative_dmonth,early,0.084708756848674,393.05141547060043,1.4151175367671316
174,composite_90_conservative_dmonth,not_completed,0.084708756848674,1741.7181289468424,1.1165523958175905
175,composite_30,early,0.07086826574647573,573.2766323012298,1.341607661110341
175,composite_30,not_completed,0.07086826574647573,2631.347999153042,1.0919951906393754
175,readmit_30,early,0.0709361228747205,573.2834176339393,1.3494417160648209
175,readmit_30,not_completed,0.0709361228747205,2631.324465833644,1.0945535136029962
175,death_30,early,0.0671354933002107,574.5010928069933,1.3437238413579549
175,death_30,not_completed,0.0671354933002107,2642.3754657105555,1.0910811866396108
175,composite_90,early,0.0703919943839089,479.52702468487075,1.3641031273466924
175,composite_90,not_completed,0.0703919943839089,2159.66742174026,1.088798995012608
175,composite_30_conservative_dmonth,early,0.07759830421280708,536.5421712397219,1.3607812921466849
175,composite_30_conservative_dmonth,not_completed,0.07759830421280708,2386.1862874175044,1.1043598245312811
175,composite_90_conservative_dmonth,early,0.075927175614491,414.47436263100155,1.3960733763361501
175,composite_90_conservative_dmonth,not_completed,0.075927175614491,1915.431688839968,1.1087716194072321
176,composite_30,early,0.07081648265355506,572.4329209378781,1.3425334626130283
176,composite_30,not_completed,0.07081648265355506,2608.976411160077,1.077021228000146
176,readmit_30,early,0.07078405048663178,572.5348890168807,1.3430052110503483
176,readmit_30,not_completed,0.07078405048663178,2608.9675905170798,1.0782860688689062
176,death_30,early,0.07096761152119109,573.2097394280142,1.3489717819577285
176,death_30,not_completed,0.07096761152119109,2623.9175773653583,1.08079057697994
176,composite_90,early,0.07652938528415996,478.04916612838304,1.3091895556553417
176,composite_90,not_completed,0.07652938528415996,2110.1851263415765,1.0860955427737558
176,composite_30_conservative_dmonth,early,0.06821231901816566,536.626752859569,1.287666719060358
176,composite_30_conservative_dmonth,not_completed,0.06821231901816566,2354.15688879971,1.0832002633288764
176,composite_90_conservative_dmonth,early,0.08983767460327734,413.9589963109754,1.4281003056173287
176,composite_90_conservative_dmonth,not_completed,0.08983767460327734,1869.0028799515806,1.0965701591286112
177,composite_30,early,0.08569273946553264,592.5195314011135,1.3700913561919972
177,composite_30,not_completed,0.08569273946553264,2484.394001758962,1.0935942982301337
177,readmit_30,early,0.08575127397514218,592.5797622694231,1.3670747340234424
177,readmit_30,not_completed,0.08575127397514218,2484.3863316251627,1.0938453275186821
177,death_30,early,0.08550507080498947,594.8221184858371,1.3734901463825395
177,death_30,not_completed,0.08550507080498947,2497.4604882105577,1.094685846045596
177,composite_90,early,0.07600122627104079,482.43470919558416,1.411448556951082
177,composite_90,not_completed,0.07600122627104079,2023.4624418442368,1.097887093037282
177,composite_30_conservative_dmonth,early,0.07935154432353653,544.0695326746103,1.387854417230838
177,composite_30_conservative_dmonth,not_completed,0.07935154432353653,2262.1515805502763,1.1012118213167559
177,composite_90_conservative_dmonth,early,0.0953107901756957,414.0732923696866,1.3979936363286432
177,composite_90_conservative_dmonth,not_completed,0.0953107901756957,1768.2977853765997,1.1176453863767934
178,composite_30,early,0.08989856240142122,532.1099542155226,1.3650154359967421
178,composite_30,not_completed,0.08989856240142122,2402.9514365115238,1.0864479209641722
178,readmit_30,early,0.08982880586573588,532.0998544411461,1.3686062876724872
178,readmit_30,not_completed,0.08982880586573588,2402.955314703731,1.0864256514312052
178,death_30,early,0.09275108025458266,533.4845204987136,1.3580542996953024
178,death_30,not_completed,0.09275108025458266,2411.0360108782875,1.0846354903083664
178,composite_90,early,0.09096882264846347,442.7813802743497,1.340507134888234
178,composite_90,not_completed,0.09096882264846347,1959.1603838178007,1.0993163529544063
178,composite_30_conservative_dmonth,early,0.09512882690524088,498.63020335842134,1.3386636009629482
178,composite_30_conservative_dmonth,not_completed,0.09512882690524088,2186.199956038067,1.0870069577963808
178,composite_90_conservative_dmonth,early,0.09642621336415938,378.2368570848268,1.3578638476910005
178,composite_90_conservative_dmonth,not_completed,0.09642621336415938,1706.2201633534626,1.1008617103335563
179,composite_30,early,0.06895727963454151,551.7486804872855,1.3326135192348958
179,composite_30,not_completed,0.06895727963454151,2620.2184559870016,1.0754860343534856
179,readmit_30,early,0.06893830647630808,551.6266561989278,1.2984959964835034
179,readmit_30,not_completed,0.06893830647630808,2620.206705068554,1.0755980354341084
179,death_30,early,0.06953833324525119,551.8226312107251,1.3278029679256285
179,death_30,not_completed,0.06953833324525119,2633.206792647066,1.0789682863147572
179,composite_90,early,0.06855753565154851,454.9422873600714,1.2932997813612812
179,composite_90,not_completed,0.06855753565154851,2154.0968733919394,1.0845713071095782
179,composite_30_conservative_dmonth,early,0.06971085130085615,518.0922270343232,1.333661873251494
179,composite_30_conservative_dmonth,not_completed,0.06971085130085615,2403.17688589806,1.0766119669792278
179,composite_90_conservative_dmonth,early,0.08259496295598345,379.0423091190561,1.3657274715355059
179,composite_90_conservative_dmonth,not_completed,0.08259496295598345,1882.0740636738208,1.0937025289291564
180,composite_30,early,0.06805257796116906,570.7389148866221,1.2874170443565667
180,composite_30,not_completed,0.06805257796116906,2554.957016974723,1.077472833321436
180,readmit_30,early,0.0679589542371129,570.8549679013112,1.2814408285766619
180,readmit_30,not_completed,0.0679589542371129,2554.876464975189,1.0856875809797621
180,death_30,early,0.07004608223763714,572.0749214009551,1.279535486380731
180,death_30,not_completed,0.07004608223763714,2568.006694346974,1.0789260684103317
180,composite_90,early,0.07700957146233779,468.62620266517104,1.3138037949486543
180,composite_90,not_completed,0.07700957146233779,2079.981978096429,1.0924687086943228
180,composite_30_conservative_dmonth,early,0.07467860637352129,526.2241977222956,1.2953209988693886
180,composite_30_conservative_dmonth,not_completed,0.07467860637352129,2315.8992088644277,1.0816911592297056
180,composite_90_conservative_dmonth,early,0.09288560349674682,401.06920923593054,1.3139403346518763
180,composite_90_conservative_dmonth,not_completed,0.09288560349674682,1785.9952701205764,1.101318636744086
181,composite_30,early,0.06917016121177774,528.2878552975054,1.3156773399884323
181,composite_30,not_completed,0.06917016121177774,2309.8439113840623,1.0906201014415124
181,readmit_30,early,0.06914125576423487,528.2933596808365,1.3170776795740253
181,readmit_30,not_completed,0.06914125576423487,2309.812674940077,1.0947317559834941
181,death_30,early,0.0675039645506301,529.2375100446139,1.322185585936151
181,death_30,not_completed,0.0675039645506301,2320.7985485046484,1.0941691071458821
181,composite_90,early,0.09203607973917355,437.96828014288127,1.2771225257732512
181,composite_90,not_completed,0.09203607973917355,1879.3140855661163,1.085491358548113
181,composite_30_conservative_dmonth,early,0.07384509131327109,497.8661697359339,1.2901263286897942
181,composite_30_conservative_dmonth,not_completed,0.07384509131327109,2103.091883058014,1.0891870002701742
181,composite_90_conservative_dmonth,early,0.08566643814168655,371.1820686495958,1.3264347874894256
181,composite_90_conservative_dmonth,not_completed,0.08566643814168655,1658.4562087336974,1.0851358160550468
182,composite_30,early,0.09561069677570735,568.0680067494552,1.3635424776525058
182,composite_30,not_completed,0.09561069677570735,2567.5029076282003,1.0956147458351295
182,readmit_30,early,0.09572881456524422,568.1445055852987,1.3631529309022583
182,readmit_30,not_completed,0.09572881456524422,2567.4647484993875,1.0968162704930255
182,death_30,early,0.09625831996296319,568.1382668032312,1.368939179341247
182,death_30,not_completed,0.09625831996296319,2581.4741119477126,1.093731773459687
182,composite_90,early,0.08286324083164177,473.72688243848745,1.401569581201121
182,composite_90,not_completed,0.08286324083164177,2078.6880189269827,1.0957052411383337
182,composite_30_conservative_dmonth,early,0.09556548525170408,532.3946080826297,1.3773928177287593
182,composite_30_conservative_dmonth,not_completed,0.09556548525170408,2311.4183280413727,1.1011472485994995
182,composite_90_conservative_dmonth,early,0.09432334168073962,411.9815756226987,1.3662342370491687
182,composite_90_conservative_dmonth,not_completed,0.09432334168073962,1812.5241904901995,1.1151270395375263
183,composite_30,early,0.07354414323191873,569.5052210135286,1.4188354999755954
183,composite_30,not_completed,0.07354414323191873,2610.846635031925,1.107876411706294
183,readmit_30,early,0.07362649215835677,569.5233868534705,1.4129211381480595
183,readmit_30,not_completed,0.07362649215835677,2610.7744077032658,1.1102037826051852
183,death_30,early,0.07018570636575054,570.9631124914257,1.3959882348980268
183,death_30,not_completed,0.07018570636575054,2625.981367104258,1.1070323992710882
183,composite_90,early,0.07091195037013193,477.4992391874968,1.4033087692664787
183,composite_90,not_completed,0.07091195037013193,2137.0486720142353,1.1117608769931546
183,composite_30_conservative_dmonth,early,0.06925915246567303,530.3324469547731,1.3771755216321542
183,composite_30_conservative_dmonth,not_completed,0.06925915246567303,2387.194157607879,1.1123850129162094
183,composite_90_conservative_dmonth,early,0.08927093105890993,409.8235447620016,1.5096919369493471
183,composite_90_conservative_dmonth,not_completed,0.08927093105890993,1865.5625798120227,1.1386946155609567
184,composite_30,early,0.07251861080058025,563.7623442090946,1.2706405996612138
184,composite_30,not_completed,0.07251861080058025,2496.153810469198,1.08468358963883
184,readmit_30,early,0.07246573633410469,563.5680565842964,1.2972690788274412
184,readmit_30,not_completed,0.07246573633410469,2496.1164319665304,1.0858782081635443
184,death_30,early,0.07311749762244887,563.4146539270617,1.2907039390802948
184,death_30,not_completed,0.07311749762244887,2508.0006745917153,1.089506123936126
184,composite_90,early,0.0720197734850624,463.32370925557564,1.3176899689847632
184,composite_90,not_completed,0.0720197734850624,2026.4369246234648,1.091421780050935
184,composite_30_conservative_dmonth,early,0.06746524035256093,524.1412375123003,1.2885935027376227
184,composite_30_conservative_dmonth,not_completed,0.06746524035256093,2278.3160958731287,1.0815342915091126
184,composite_90_conservative_dmonth,early,0.08100370404691656,395.9944736257397,1.3679177928810797
184,composite_90_conservative_dmonth,not_completed,0.08100370404691656,1789.44930733356,1.0860597554888674
185,composite_30,early,0.09254063639800493,583.9472458404622,1.328016429660296
185,composite_30,not_completed,0.09254063639800493,2565.0688597651774,1.079375817616488
185,readmit_30,early,0.09259281381726883,584.3583215309234,1.3284044282645469
185,readmit_30,not_completed,0.09259281381726883,2565.0714417930626,1.0838221843616598
185,death_30,early,0.09158498221163897,583.9047817554532,1.3412445200192502
185,death_30,not_completed,0.09158498221163897,2576.076896206823,1.07984629652901
185,composite_90,early,0.10021570009488358,482.00111928237607,1.3415956653935197
185,composite_90,not_completed,0.10021570009488358,2057.1832525039736,1.0860493840089682
185,composite_30_conservative_dmonth,early,0.0938801939479217,545.4206031436075,1.3268617495125403
185,composite_30_conservative_dmonth,not_completed,0.0938801939479217,2325.02244248445,1.085077695833048
185,composite_90_conservative_dmonth,early,0.11019437719525885,407.37220980018617,1.4140386938497755
185,composite_90_conservative_dmonth,not_completed,0.11019437719525885,1753.9626455459386,1.0960405274336524
186,composite_30,early,0.08051602851444262,572.1107829282463,1.297198366094845
186,composite_30,not_completed,0.08051602851444262,2572.5390390436705,1.0872231861924515
186,readmit_30,early,0.08065587659325048,572.232364379218,1.2980538938182609
186,readmit_30,not_completed,0.08065587659325048,2572.5243528328474,1.0897099389333822
186,death_30,early,0.07969559519051937,574.1618205925546,1.3061063412962488
186,death_30,not_completed,0.07969559519051937,2585.618663415241,1.0834259433464477
186,composite_90,early,0.06680926070519418,474.7437651401601,1.317226142212576
186,composite_90,not_completed,0.06680926070519418,2115.5551262815034,1.0971522775480176
186,composite_30_conservative_dmonth,early,0.07600769819288564,535.1832843890734,1.3053718741533729
186,composite_30_conservative_dmonth,not_completed,0.07600769819288564,2354.7101855006954,1.0872627776207713
186,composite_90_conservative_dmonth,early,0.06489066539634472,403.3300131799462,1.3554298178210964
186,composite_90_conservative_dmonth,not_completed,0.06489066539634472,1864.453254040639,1.1094971010557353
187,composite_30,early,0.08137955570465162,561.8767292906573,1.260585367267106
187,composite_30,not_completed,0.08137955570465162,2509.174786631107,1.0757005195539022
187,readmit_30,early,0.0813718040593476,562.0766267753063,1.2462663489590244
187,readmit_30,not_completed,0.0813718040593476,2509.224684804108,1.074817410779729
187,death_30,early,0.07922003156127438,562.8213613660404,1.2646850845442086
187,death_30,not_completed,0.07922003156127438,2522.151571490926,1.0773634629976976
187,composite_90,early,0.08570506012944995,465.8166447538236,1.2836160389832652
187,composite_90,not_completed,0.08570506012944995,2025.4208487390356,1.079992805971358
187,composite_30_conservative_dmonth,early,0.07970303919612215,521.841225719407,1.2825401359741568
187,composite_30_conservative_dmonth,not_completed,0.07970303919612215,2272.035322521171,1.0824283362188172
187,composite_90_conservative_dmonth,early,0.08978670475598158,387.7963670881391,1.3619251186493218
187,composite_90_conservative_dmonth,not_completed,0.08978670475598158,1717.8745647260293,1.1117285526699034
188,composite_30,early,0.09644369337120484,548.9245040377343,1.2796077389056286
188,composite_30,not_completed,0.09644369337120484,2452.7502780671593,1.0782691701596705
188,readmit_30,early,0.09644526433634351,549.2528855133814,1.2730074319533073
188,readmit_30,not_completed,0.09644526433634351,2452.8322872702925,1.079147256713897
188,death_30,early,0.09610876887100213,549.7627501238429,1.2776863685889879
188,death_30,not_completed,0.09610876887100213,2458.7267659448044,1.0815336769553012
188,composite_90,early,0.08993268330172888,448.95055071602064,1.3577860939427144
188,composite_90,not_completed,0.08993268330172888,1986.75261075196,1.1004601489877106
188,composite_30_conservative_dmonth,early,0.09695009418712137,512.2119372672357,1.3252575739924375
188,composite_30_conservative_dmonth,not_completed,0.09695009418712137,2235.7832624492435,1.0872447688896945
188,composite_90_conservative_dmonth,early,0.08790647822670378,385.36019015182467,1.3856156458325943
188,composite_90_conservative_dmonth,not_completed,0.08790647822670378,1769.7937250827958,1.1138191920595137
189,composite_30,early,0.08443441191034627,544.3167447560345,1.3199958638675964
189,composite_30,not_completed,0.08443441191034627,2441.436626329957,1.0755784099106165
189,readmit_30,early,0.08438058692203236,544.3608351108511,1.337933481627966
189,readmit_30,not_completed,0.08438058692203236,2441.38136302539,1.082257393252084
189,death_30,early,0.08487682768195097,545.3669975232,1.3328355106580028
189,death_30,not_completed,0.08487682768195097,2454.455325823272,1.0779773710288592
189,composite_90,early,0.10222377458660822,454.12387202555095,1.3651133085887663
189,composite_90,not_completed,0.10222377458660822,1961.3051652435734,1.0851198245102294
189,composite_30_conservative_dmonth,early,0.0861988576121462,505.56246661630564,1.3694467207622665
189,composite_30_conservative_dmonth,not_completed,0.0861988576121462,2222.460406374243,1.0829610415326216
189,composite_90_conservative_dmonth,early,0.11186384166480037,376.2071547694602,1.453289238123294
189,composite_90_conservative_dmonth,not_completed,0.11186384166480037,1718.2605401180938,1.0915631835513102
190,composite_30,early,0.08517927548359508,577.0114051564306,1.4032322723737585
190,composite_30,not_completed,0.08517927548359508,2570.02898267649,1.110861148674541
190,readmit_30,early,0.08512074742452543,576.4495249374063,1.4154542424379062
190,readmit_30,not_completed,0.08512074742452543,2569.79526167806,1.117487050784061
190,death_30,early,0.0857417150802576,578.6582426489642,1.4074246229893477
190,death_30,not_completed,0.0857417150802576,2583.9133903635247,1.1177253255815347
190,composite_90,early,0.09965691751959378,484.51672477758706,1.389938723988409
190,composite_90,not_completed,0.09965691751959378,2074.1115458299128,1.124804895253636
190,composite_30_conservative_dmonth,early,0.09652170122188175,535.9247250301507,1.4376079061921487
190,composite_30_conservative_dmonth,not_completed,0.09652170122188175,2313.911958542943,1.1240325173121888
190,composite_90_conservative_dmonth,early,0.09720780978715908,411.190646771944,1.4596492713807114
190,composite_90_conservative_dmonth,not_completed,0.09720780978715908,1809.9427963696558,1.1459052246271406
191,composite_30,early,0.08062138038198258,572.9613048085947,1.346474352510724
191,composite_30,not_completed,0.08062138038198258,2545.033172839911,1.0854022203831115
191,readmit_30,early,0.08056536168118279,573.3990645778748,1.3329915860527473
191,readmit_30,not_completed,0.08056536168118279,2545.2145633069713,1.081742938844589
191,death_30,early,0.0799691517148475,574.9376640877432,1.3107921738625592
191,death_30,not_completed,0.0799691517148475,2554.2832612219713,1.0760708226294757
191,composite_90,early,0.08580024376724549,470.2218478218185,1.3251693131397813
191,composite_90,not_completed,0.08580024376724549,2058.3564078078157,1.0825630426933424
191,composite_30_conservative_dmonth,early,0.07483948308277825,531.7783782272866,1.3570206532555846
191,composite_30_conservative_dmonth,not_completed,0.07483948308277825,2316.988996942702,1.0903773508331847
191,composite_90_conservative_dmonth,early,0.09314704455007708,406.5428044659121,1.352095078382849
191,composite_90_conservative_dmonth,not_completed,0.09314704455007708,1819.1782510385015,1.096679755373332
192,composite_30,early,0.0889852220619446,554.4871240880026,1.2870620656713267
192,composite_30,not_completed,0.0889852220619446,2529.0948652517945,1.0795456786694988
192,readmit_30,early,0.08900525029224156,554.8164426180485,1.2634956713900258
192,readmit_30,not_completed,0.08900525029224156,2529.2144078436304,1.0765112337313856
192,death_30,early,0.0862981476564805,555.4420983638895,1.2898600369491169
192,death_30,not_completed,0.0862981476564805,2541.9736776022655,1.0803331476327038
192,composite_90,early,0.09030830705428118,445.79847747133607,1.2823648644599377
192,composite_90,not_completed,0.09030830705428118,2039.1724998361549,1.0898871658603195
192,composite_30_conservative_dmonth,early,0.09749703333859579,506.3821163456788,1.3062961409416858
192,composite_30_conservative_dmonth,not_completed,0.09749703333859579,2285.711361156692,1.108947005407074
192,composite_90_conservative_dmonth,early,0.09509412167096665,382.3431382749694,1.3753502873621146
192,composite_90_conservative_dmonth,not_completed,0.09509412167096665,1807.8922892144712,1.1057797600153256
193,composite_30,early,0.07606639792494999,581.504245722553,1.3151279202809805
193,composite_30,not_completed,0.07606639792494999,2574.957054981804,1.0823619891344003
193,readmit_30,early,0.076104299550083,581.4448112750968,1.3276890271747612
193,readmit_30,not_completed,0.076104299550083,2574.903943314774,1.0847178511189421
193,death_30,early,0.07672609159135331,583.7106149972831,1.3032284049747427
193,death_30,not_completed,0.07672609159135331,2587.0255825412796,1.0813762614270819
193,composite_90,early,0.08652646844468241,483.2942949144987,1.3940523860323957
193,composite_90,not_completed,0.08652646844468241,2105.90492526048,1.0920237477319368
193,composite_30_conservative_dmonth,early,0.09064983883745006,540.1997834270685,1.3445300166277874
193,composite_30_conservative_dmonth,not_completed,0.09064983883745006,2327.8259407313667,1.0866264672660306
193,composite_90_conservative_dmonth,early,0.08122040644476196,410.1951500324196,1.4443588551570845
193,composite_90_conservative_dmonth,not_completed,0.08122040644476196,1860.788705850581,1.1088540975064312
194,composite_30,early,0.055011661332637136,554.1479695456358,1.4272839961051358
194,composite_30,not_completed,0.055011661332637136,2585.223311590989,1.1012258937441062
194,readmit_30,early,0.05493517701824788,554.5942482921553,1.404846380596681
194,readmit_30,not_completed,0.05493517701824788,2585.33245968659,1.0995964034961596
194,death_30,early,0.05769292439043924,557.1498784520048,1.3659889433280445
194,death_30,not_completed,0.05769292439043924,2600.4487435507885,1.09613192185033
194,composite_90,early,0.06766221091423644,468.75142010634795,1.3861142146168082
194,composite_90,not_completed,0.06766221091423644,2130.6957429933273,1.1022268282881105
194,composite_30_conservative_dmonth,early,0.058851579210705066,520.9873277858053,1.386893772038196
194,composite_30_conservative_dmonth,not_completed,0.058851579210705066,2364.45253510765,1.0989679779141655
194,composite_90_conservative_dmonth,early,0.07870491364356189,400.3862657307366,1.4152257461768505
194,composite_90_conservative_dmonth,not_completed,0.07870491364356189,1845.3654194035978,1.118466779198062
195,composite_30,early,0.0685079888952507,578.7402139868727,1.3269901074462036
195,composite_30,not_completed,0.0685079888952507,2616.4418012676933,1.0745357035492915
195,readmit_30,early,0.06857372939941153,578.6081526083227,1.3368475140007232
195,readmit_30,not_completed,0.06857372939941153,2616.368381937493,1.0791770520898847
195,death_30,early,0.06565999434217133,579.3984180876299,1.328111531007906
195,death_30,not_completed,0.06565999434217133,2628.341993449119,1.0750307390089804
195,composite_90,early,0.05692604179421328,487.3083207638047,1.3286379155681225
195,composite_90,not_completed,0.05692604179421328,2126.307921406824,1.085231927223513
195,composite_30_conservative_dmonth,early,0.06519761125456013,542.5570524822958,1.344804247345376
195,composite_30_conservative_dmonth,not_completed,0.06519761125456013,2371.46496870996,1.0815758459146805
195,composite_90_conservative_dmonth,early,0.07716070039038214,416.4083184973277,1.3708933647610613
195,composite_90_conservative_dmonth,not_completed,0.07716070039038214,1830.1488244536542,1.1057019012816338
196,composite_30,early,0.07408321404392555,552.876518278203,1.3042788043736777
196,composite_30,not_completed,0.07408321404392555,2492.093430011872,1.0827381317635514
196,readmit_30,early,0.07405635736300775,553.3436677982031,1.2897973191318444
196,readmit_30,not_completed,0.07405635736300775,2492.2298178529795,1.0820135542801477
196,death_30,early,0.0744503346866366,555.4383142466563,1.2878938929048025
196,death_30,not_completed,0.0744503346866366,2506.26018361005,1.0785812551372826
196,composite_90,early,0.06832887682488124,445.68800003923326,1.4734961143404683
196,composite_90,not_completed,0.06832887682488124,1978.8799950872165,1.0997232478051528
196,composite_30_conservative_dmonth,early,0.07138674054592382,506.47330038448223,1.368373587860115
196,composite_30_conservative_dmonth,not_completed,0.07138674054592382,2229.020959476711,1.0884677882524434
196,composite_90_conservative_dmonth,early,0.07963427312679895,381.3201883258769,1.5049010992413963
196,composite_90_conservative_dmonth,not_completed,0.07963427312679895,1654.7384704074268,1.1111947997453193
197,composite_30,early,0.07614733138747744,563.2383141066058,1.3413514272672573
197,composite_30,not_completed,0.07614733138747744,2599.1041040274567,1.0784776618524914
197,readmit_30,early,0.07618008800940274,563.3287848650601,1.3350142633949882
197,readmit_30,not_completed,0.07618008800940274,2599.1276961216763,1.077326348802851
197,death_30,early,0.07201843883230652,564.3542776394005,1.3426787071635775
197,death_30,not_completed,0.07201843883230652,2612.122337959575,1.0772883709611851
197,composite_90,early,0.06917611107988866,460.7607288379212,1.3173220648983364
197,composite_90,not_completed,0.06917611107988866,2097.3685716583113,1.0876747771295838
197,composite_30_conservative_dmonth,early,0.06828177487452344,526.0816168088909,1.3313308500787304
197,composite_30_conservative_dmonth,not_completed,0.06828177487452344,2356.215431761242,1.0788452347713413
197,composite_90_conservative_dmonth,early,0.07739295085756383,380.5420979911991,1.493861460421868
197,composite_90_conservative_dmonth,not_completed,0.07739295085756383,1823.2105363776463,1.0995810267953656
198,composite_30,early,0.0964351339878538,538.3133738196234,1.3081424743308598
198,composite_30,not_completed,0.0964351339878538,2425.1408012710585,1.0737908376476426
198,readmit_30,early,0.09646173676960715,538.2808872647073,1.3053666532837822
198,readmit_30,not_completed,0.09646173676960715,2425.13158699811,1.0738170648203935
198,death_30,early,0.09483407112077773,540.3745012893432,1.2908616985037182
198,death_30,not_completed,0.09483407112077773,2438.109052608805,1.0763199689804273
198,composite_90,early,0.09959957385417478,449.51806916359186,1.4007327045241156
198,composite_90,not_completed,0.09959957385417478,1980.0774034737046,1.0877363090417407
198,composite_30_conservative_dmonth,early,0.09787631637799149,506.83821731897586,1.2914042620814663
198,composite_30_conservative_dmonth,not_completed,0.09787631637799149,2208.108641161573,1.0811630870024986
198,composite_90_conservative_dmonth,early,0.11562885385288947,372.62344863951154,1.4371221144575792
198,composite_90_conservative_dmonth,not_completed,0.11562885385288947,1709.8338433564652,1.1024003976682761
199,composite_30,early,0.08536067215505921,570.0230404335767,1.2958964579274868
199,composite_30,not_completed,0.08536067215505921,2550.8113746803647,1.0847132907496797
199,readmit_30,early,0.08533583051888753,570.0423945965027,1.2961453536576473
199,readmit_30,not_completed,0.08533583051888753,2550.787289761483,1.0876775041147266
199,death_30,early,0.08579118289818752,570.9474709846563,1.297800420571779
199,death_30,not_completed,0.08579118289818752,2566.7866292869444,1.0867081507162009
199,composite_90,early,0.08928690325398855,468.64411398006644,1.305227988460682
199,composite_90,not_completed,0.08928690325398855,2045.1460427063582,1.0940548340938285
199,composite_30_conservative_dmonth,early,0.08039438895285057,526.4779303793944,1.3098582081874175
199,composite_30_conservative_dmonth,not_completed,0.08039438895285057,2308.6873036023303,1.096667293665099
199,composite_90_conservative_dmonth,early,0.10166301947990596,398.0725866194875,1.3404831717649908
199,composite_90_conservative_dmonth,not_completed,0.10166301947990596,1749.1867144854375,1.0976467499721543
200,composite_30,early,0.07640976065266751,575.514515502172,1.3234914151549373
200,composite_30,not_completed,0.07640976065266751,2506.7976924780223,1.0838230541815175
200,readmit_30,early,0.07631276306539599,575.5980510793812,1.323715392286176
200,readmit_30,not_completed,0.07631276306539599,2506.7245658425354,1.087546604842
200,death_30,early,0.07689786141611402,576.6856456950942,1.3145413375811112
200,death_30,not_completed,0.07689786141611402,2515.808313052478,1.0817236329557267
200,composite_90,early,0.07732739446518662,478.158804006946,1.3798662292405812
200,composite_90,not_completed,0.07732739446518662,2034.6043847525248,1.0932126574048258
200,composite_30_conservative_dmonth,early,0.08593602669502216,537.3987523856515,1.3868994402069117
200,composite_30_conservative_dmonth,not_completed,0.08593602669502216,2258.6263648524427,1.0919572771869315
200,composite_90_conservative_dmonth,early,0.08024807060057046,415.361318256337,1.413211403736101
200,composite_90_conservative_dmonth,not_completed,0.08024807060057046,1767.2680842521743,1.116471551810176
201,composite_30,early,0.07866364718645952,588.3402813433927,1.3442536772746116
201,composite_30,not_completed,0.07866364718645952,2647.1379117558836,1.0700496847497112
201,readmit_30,early,0.07853678052659718,588.4169207957596,1.3461114618671641
201,readmit_30,not_completed,0.07853678052659718,2647.0371306002576,1.0748112478145613
201,death_30,early,0.07903737374468689,589.5811424317379,1.3370049477446928
201,death_30,not_completed,0.07903737374468689,2651.2022414609473,1.0734011913670765
201,composite_90,early,0.094872452888897,482.50791588233426,1.39372913769765
201,composite_90,not_completed,0.094872452888897,2135.1609030003383,1.0846862474237442
201,composite_30_conservative_dmonth,early,0.0752011074292885,550.8770501700176,1.3932915362304834
201,composite_30_conservative_dmonth,not_completed,0.0752011074292885,2397.907638462497,1.0839178506297409
201,composite_90_conservative_dmonth,early,0.10773312346620002,411.2850201567749,1.3567195032690609
201,composite_90_conservative_dmonth,not_completed,0.10773312346620002,1860.2427983350326,1.0862158205946413
202,composite_30,early,0.06613742190094693,576.1089579330138,1.394229526141862
202,composite_30,not_completed,0.06613742190094693,2653.449047946657,1.0813582770117252
202,readmit_30,early,0.06615221456238879,576.1421419102018,1.4121253711451267
202,readmit_30,not_completed,0.06615221456238879,2653.4343888274234,1.085929335162453
202,death_30,early,0.06550839862108834,576.9763565292429,1.4149016604028415
202,death_30,not_completed,0.06550839862108834,2668.4236002344383,1.0836780553017975
202,composite_90,early,0.08530636396791849,479.9263515040906,1.3809227908310049
202,composite_90,not_completed,0.08530636396791849,2125.8470515652766,1.0859353009441348
202,composite_30_conservative_dmonth,early,0.06780139954010429,533.1011703872782,1.3864564689047543
202,composite_30_conservative_dmonth,not_completed,0.06780139954010429,2365.628743179732,1.0799009204798493
202,composite_90_conservative_dmonth,early,0.09970193159901132,412.281151990892,1.5158498062904764
202,composite_90_conservative_dmonth,not_completed,0.09970193159901132,1833.5412959702899,1.1028480269095349
203,composite_30,early,0.08601591886831073,557.4048268668685,1.3770143210899843
203,composite_30,not_completed,0.08601591886831073,2459.905928077252,1.0884726948024952
203,readmit_30,early,0.08605093185228163,557.3787013408189,1.3928497461096967
203,readmit_30,not_completed,0.08605093185228163,2459.8677309190407,1.0920898559328804
203,death_30,early,0.08381520040443201,557.4960683085313,1.3830274864224164
203,death_30,not_completed,0.08381520040443201,2473.9322645706357,1.087165006228473
203,composite_90,early,0.08314147602908721,463.1113064605103,1.403818771940273
203,composite_90,not_completed,0.08314147602908721,2015.8319704452808,1.0948495629388195
203,composite_30_conservative_dmonth,early,0.08022957884590941,518.860251978772,1.370732475519822
203,composite_30_conservative_dmonth,not_completed,0.08022957884590941,2226.8051411371657,1.093967665715392
203,composite_90_conservative_dmonth,early,0.10280752763701403,407.2250425545355,1.4839649676152824
203,composite_90_conservative_dmonth,not_completed,0.10280752763701403,1754.5885684161517,1.119240569621173
204,composite_30,early,0.06821207256760731,587.022799750406,1.3579187585575623
204,composite_30,not_completed,0.06821207256760731,2605.2072864165816,1.1149730447812036
204,readmit_30,early,0.06829435028823298,587.2895911115344,1.3645647164613295
204,readmit_30,not_completed,0.06829435028823298,2605.202171264348,1.1122578624101214
204,death_30,early,0.06846743168538348,588.5845695818083,1.3599411946503568
204,death_30,not_completed,0.06846743168538348,2614.334535950171,1.1051898506803775
204,composite_90,early,0.07019244952236253,491.09335919159093,1.3805593604404638
204,composite_90,not_completed,0.07019244952236253,2117.6008757107343,1.1105166117027787
204,composite_30_conservative_dmonth,early,0.06912872682079975,544.7373848811876,1.388564146791164
204,composite_30_conservative_dmonth,not_completed,0.06912872682079975,2343.0860733900768,1.1226010916840894
204,composite_90_conservative_dmonth,early,0.08086623713267801,414.49271519480675,1.4365538073531143
204,composite_90_conservative_dmonth,not_completed,0.08086623713267801,1805.5434964046392,1.1324954661778266
205,composite_30,early,0.0845378182325427,532.3926538445809,1.3362331717805982
205,composite_30,not_completed,0.0845378182325427,2461.9475149452082,1.074842913484585
205,readmit_30,early,0.0844212633380133,532.5419968299967,1.3318054602408178
205,readmit_30,not_completed,0.0844212633380133,2461.932697288005,1.073831309881372
205,death_30,early,0.08531238525018055,533.6480404183737,1.312823178010798
205,death_30,not_completed,0.08531238525018055,2476.0071597697624,1.0715560525572216
205,composite_90,early,0.1014809895296171,439.031582460207,1.3045092247633427
205,composite_90,not_completed,0.1014809895296171,1979.357520581989,1.070280792937783
205,composite_30_conservative_dmonth,early,0.08886733984275792,497.8302238480536,1.3284444958132844
205,composite_30_conservative_dmonth,not_completed,0.08886733984275792,2217.1559836978854,1.0780699872390795
205,composite_90_conservative_dmonth,early,0.10800742545480539,391.28485876500105,1.3422418208495301
205,composite_90_conservative_dmonth,not_completed,0.10800742545480539,1722.4475195196114,1.078661929446162
206,composite_30,early,0.06634880652735571,540.194574147411,1.2909685643145543
206,composite_30,not_completed,0.06634880652735571,2594.026016927109,1.0733024067731114
206,readmit_30,early,0.06637752058289328,540.2845953598256,1.2996302635568788
206,readmit_30,not_completed,0.06637752058289328,2594.0342967861484,1.0740382632390475
206,death_30,early,0.06704282149609588,541.1878836920464,1.3055013198954892
206,death_30,not_completed,0.06704282149609588,2608.078443872167,1.0720938272392357
206,composite_90,early,0.0711606445895187,449.5477288560763,1.3276101655768133
206,composite_90,not_completed,0.0711606445895187,2106.1803463869755,1.080215222713716
206,composite_30_conservative_dmonth,early,0.06775991840468969,503.99490422184795,1.3163446482826584
206,composite_30_conservative_dmonth,not_completed,0.06775991840468969,2331.030030857039,1.0812851345609784
206,composite_90_conservative_dmonth,early,0.07221977378093754,376.9398782646001,1.3498533673486817
206,composite_90_conservative_dmonth,not_completed,0.07221977378093754,1809.1644164404083,1.0892301064832326
207,composite_30,early,0.08091837080670385,558.583910954133,1.3544347152589484
207,composite_30,not_completed,0.08091837080670385,2535.8371781758233,1.086371458993341
207,readmit_30,early,0.08087731998095228,559.0051694296433,1.3302408119722626
207,readmit_30,not_completed,0.08087731998095228,2535.881322337999,1.0849903654545112
207,death_30,early,0.07903223442624231,559.6478072112827,1.3440195455299364
207,death_30,not_completed,0.07903223442624231,2545.7796156670843,1.087089174698971
207,composite_90,early,0.0840745002574049,458.8541851075926,1.3887940595542412
207,composite_90,not_completed,0.0840745002574049,1990.63704375372,1.099242316763854
207,composite_30_conservative_dmonth,early,0.0859589598057811,522.9956233123505,1.3360477659029695
207,composite_30_conservative_dmonth,not_completed,0.0859589598057811,2300.777428968249,1.0881921589170627
207,composite_90_conservative_dmonth,early,0.09834187649330547,390.7485353820505,1.4425156116489946
207,composite_90_conservative_dmonth,not_completed,0.09834187649330547,1732.1637838847007,1.1321133157971086
208,composite_30,early,0.07382915540078563,549.9565543757067,1.3643306151610184
208,composite_30,not_completed,0.07382915540078563,2466.4654179186705,1.1018816485964285
208,readmit_30,early,0.07367314749719475,550.1686234941297,1.3552258147050833
208,readmit_30,not_completed,0.07367314749719475,2466.5346027261444,1.1021916854935696
208,death_30,early,0.07255991692891543,551.1163108502545,1.3645397720852503
208,death_30,not_completed,0.07255991692891543,2475.5023551006016,1.1024158046097148
208,composite_90,early,0.07254888077738297,455.8347366313384,1.4232770218055677
208,composite_90,not_completed,0.07254888077738297,2024.6921871665427,1.1053846665128901
208,composite_30_conservative_dmonth,early,0.07395479012750536,515.9440700649295,1.3765129213895637
208,composite_30_conservative_dmonth,not_completed,0.07395479012750536,2265.414470025179,1.1074137649451707
208,composite_90_conservative_dmonth,early,0.09952662517944715,386.51896817170524,1.4510405908729282
208,composite_90_conservative_dmonth,not_completed,0.09952662517944715,1734.7775900447539,1.105692130498742
209,composite_30,early,0.0817845884180731,562.5481735647822,1.283892149749825
209,composite_30,not_completed,0.0817845884180731,2373.857663981915,1.082820491191672
209,readmit_30,early,0.08177276693906822,562.523974208927,1.2821421306689327
209,readmit_30,not_completed,0.08177276693906822,2373.8518632622304,1.0831511361559665
209,death_30,early,0.08341417344887138,562.1961414076558,1.2851414783263073
209,death_30,not_completed,0.08341417344887138,2384.676690838958,1.0915905534455856
209,composite_90,early,0.07781015723866948,469.74258339305726,1.3309478166108692
209,composite_90,not_completed,0.07781015723866948,1938.8535676050187,1.0896385943657476
209,composite_30_conservative_dmonth,early,0.08514362323034398,519.1666892916359,1.2833791757677073
209,composite_30_conservative_dmonth,not_completed,0.08514362323034398,2151.61422383728,1.0944462079777317
209,composite_90_conservative_dmonth,early,0.08506777066416912,405.0564262316177,1.3395545669168565
209,composite_90_conservative_dmonth,not_completed,0.08506777066416912,1717.694601684932,1.0984583359397242
210,composite_30,early,0.07716974465582278,547.4709070792381,1.3831065422620972
210,composite_30,not_completed,0.07716974465582278,2539.2504533799297,1.077994216990794
210,readmit_30,early,0.07706189883043484,547.1756825630285,1.383445801614561
210,readmit_30,not_completed,0.07706189883043484,2539.1600086852154,1.0826636811729489
210,death_30,early,0.07653504578831151,548.3116559098577,1.3908049971399918
210,death_30,not_completed,0.07653504578831151,2549.1946380324525,1.0780472182646568
210,composite_90,early,0.09191228970344033,460.25400823237953,1.3000815361911795
210,composite_90,not_completed,0.09191228970344033,2083.7879380941454,1.0741044972286535
210,composite_30_conservative_dmonth,early,0.08514745674171047,510.5410629601042,1.4032577855280388
210,composite_30_conservative_dmonth,not_completed,0.08514745674171047,2310.404367511716,1.0772804008977364
210,composite_90_conservative_dmonth,early,0.08709392039906874,390.71608006125047,1.363631645241676
210,composite_90_conservative_dmonth,not_completed,0.08709392039906874,1782.551033539214,1.08230661842123
211,composite_30,early,0.08252874180044406,554.6709292666848,1.3992035567836187
211,composite_30,not_completed,0.08252874180044406,2455.5405655150553,1.0948752763163079
211,readmit_30,early,0.08255929008280682,554.9054781907989,1.3910503596640893
211,readmit_30,not_completed,0.08255929008280682,2455.5860229373384,1.0945907002722668
211,death_30,early,0.08051525707884137,554.5204631320657,1.404988397607264
211,death_30,not_completed,0.08051525707884137,2465.55090227414,1.095421630165927
211,composite_90,early,0.08928893148760268,457.4535195538238,1.3895840030417121
211,composite_90,not_completed,0.08928893148760268,1999.760447726626,1.096826603672529
211,composite_30_conservative_dmonth,early,0.09292453194704661,514.0073313714962,1.3749224546317886
211,composite_30_conservative_dmonth,not_completed,0.09292453194704661,2230.5626125328868,1.0960898180034282
211,composite_90_conservative_dmonth,early,0.08763161664939417,395.79904063248466,1.4535920424633642
211,composite_90_conservative_dmonth,not_completed,0.08763161664939417,1775.4486332671763,1.1084545851080012
212,composite_30,early,0.09802410844877167,577.5676682001422,1.4678675009829616
212,composite_30,not_completed,0.09802410844877167,2545.631558512499,1.0879057482137953
212,readmit_30,early,0.09802859738323848,577.5522019337595,1.4800236510619063
212,readmit_30,not_completed,0.09802859738323848,2545.6267365548692,1.0891261307301814
212,death_30,early,0.09771309017114459,577.3216825158547,1.4742338643400112
212,death_30,not_completed,0.09771309017114459,2556.5751374157626,1.0897587492300873
212,composite_90,early,0.09470283732567517,482.2058040773289,1.5191949055558744
212,composite_90,not_completed,0.09470283732567517,2058.7301222275523,1.0970988876928434
212,composite_30_conservative_dmonth,early,0.09568239224327967,541.1264101048814,1.387727234241171
212,composite_30_conservative_dmonth,not_completed,0.09568239224327967,2312.8928586872257,1.082896920149553
212,composite_90_conservative_dmonth,early,0.1060851571840922,409.9500059226124,1.5137769188147243
212,composite_90_conservative_dmonth,not_completed,0.1060851571840922,1822.621133447554,1.1058528367639575
213,composite_30,early,0.06622252246403797,539.8051786731902,1.3630133514693246
213,composite_30,not_completed,0.06622252246403797,2406.7236723574683,1.0896170925540232
213,readmit_30,early,0.0663617317547288,540.0210801415525,1.3634465345701918
213,readmit_30,not_completed,0.0663617317547288,2406.792254296093,1.086365932267902
213,death_30,early,0.06647981702952394,542.0264481363006,1.369644864771373
213,death_30,not_completed,0.06647981702952394,2417.8627262047785,1.0828450595183807
213,composite_90,early,0.05975336989583989,452.9150512846391,1.2843891298713348
213,composite_90,not_completed,0.05975336989583989,1978.1940942142257,1.0880541380159618
213,composite_30_conservative_dmonth,early,0.06787127314231968,504.60011679221196,1.3021767117926064
213,composite_30_conservative_dmonth,not_completed,0.06787127314231968,2192.2816107266513,1.0807909703025966
213,composite_90_conservative_dmonth,early,0.0708843788194934,388.5015881269921,1.4165825973119788
213,composite_90_conservative_dmonth,not_completed,0.0708843788194934,1761.6634344960762,1.1119206667063237
214,composite_30,early,0.07320226854546087,574.6828583394873,1.2820687702053477
214,composite_30,not_completed,0.07320226854546087,2607.2489494451597,1.0683204436981981
214,readmit_30,early,0.07321047158520859,574.926702632768,1.2661667000743866
214,readmit_30,not_completed,0.07321047158520859,2607.294872530388,1.0700672696027096
214,death_30,early,0.07330522446919471,575.7676762523716,1.2870508323748406
214,death_30,not_completed,0.07330522446919471,2621.2666477872795,1.0694921285001526
214,composite_90,early,0.07745368470060726,473.9409164754977,1.4254467641353579
214,composite_90,not_completed,0.07745368470060726,2113.967889736732,1.0953351024808067
214,composite_30_conservative_dmonth,early,0.07726760620684076,539.7995962616685,1.2924151829464063
214,composite_30_conservative_dmonth,not_completed,0.07726760620684076,2388.223389810365,1.0752260625860004
214,composite_90_conservative_dmonth,early,0.09049339664120706,405.4103876974439,1.4574300618484133
214,composite_90_conservative_dmonth,not_completed,0.09049339664120706,1875.5400749936407,1.1110675316026177
215,composite_30,early,0.07159281915985975,573.4849272895361,1.2654963686744742
215,composite_30,not_completed,0.07159281915985975,2654.1842247946106,1.069710673006057
215,readmit_30,early,0.0716282901023775,573.4355027469808,1.2678733552779042
215,readmit_30,not_completed,0.0716282901023775,2654.165381429869,1.0695187326184137
215,death_30,early,0.07203552384833063,575.2152961431073,1.2669212795075162
215,death_30,not_completed,0.07203552384833063,2664.178346639321,1.069182585597178
215,composite_90,early,0.0776422480874171,476.50397195696985,1.369644507181674
215,composite_90,not_completed,0.0776422480874171,2181.9575899664264,1.0838105488538727
215,composite_30_conservative_dmonth,early,0.06818745872748432,543.0223513029006,1.3060352892322904
215,composite_30_conservative_dmonth,not_completed,0.06818745872748432,2433.9833680325364,1.07541790759442
215,composite_90_conservative_dmonth,early,0.07850877515072668,411.05275283476556,1.4113725227324325
215,composite_90_conservative_dmonth,not_completed,0.07850877515072668,1927.7887018545089,1.0945328918562247
216,composite_30,early,0.07278632554627093,569.8443772961531,1.3507178529888357
216,composite_30,not_completed,0.07278632554627093,2492.91104088002,1.081714091199728
216,readmit_30,early,0.07276086686214378,570.3861825313431,1.3162847199334582
216,readmit_30,not_completed,0.07276086686214378,2493.0267668845268,1.0754934706113353
216,death_30,early,0.07270624683117761,571.2584888402491,1.3296380778485648
216,death_30,not_completed,0.07270624683117761,2503.0491294597664,1.0770447148309112
216,composite_90,early,0.07370247535249187,464.0059009271373,1.3944820855912106
216,composite_90,not_completed,0.07370247535249187,1970.7912158728209,1.1036808058352516
216,composite_30_conservative_dmonth,early,0.0701907625976046,530.3946020063794,1.3133123172144452
216,composite_30_conservative_dmonth,not_completed,0.0701907625976046,2229.0215686611946,1.0900049416050908
216,composite_90_conservative_dmonth,early,0.08341590777455878,395.0106187870625,1.506304579522888
216,composite_90_conservative_dmonth,not_completed,0.08341590777455878,1686.5584443299074,1.1155648848760615
217,composite_30,early,0.08761254544718194,574.1052909032413,1.2722948249594355
217,composite_30,not_completed,0.08761254544718194,2519.7153398382147,1.0759657482495895
217,readmit_30,early,0.08760949718090527,574.3170516819889,1.2720410437807945
217,readmit_30,not_completed,0.08760949718090527,2519.7646953255207,1.0759256257557688
217,death_30,early,0.08674438883182452,575.1593806619982,1.272695626880392
217,death_30,not_completed,0.08674438883182452,2533.760626519474,1.07464031768113
217,composite_90,early,0.08706229053002806,480.86607035453306,1.2943454445423548
217,composite_90,not_completed,0.08706229053002806,2057.8179557463036,1.0784613148989395
217,composite_30_conservative_dmonth,early,0.08805617335248093,536.7790346231938,1.313542317021188
217,composite_30_conservative_dmonth,not_completed,0.08805617335248093,2280.3782836298724,1.0862763367683073
217,composite_90_conservative_dmonth,early,0.09686652835259947,415.61008065121575,1.3021112673274249
217,composite_90_conservative_dmonth,not_completed,0.09686652835259947,1802.8504550414054,1.089594252329432
218,composite_30,early,0.08442530020909467,589.112422599597,1.2749525080211481
218,composite_30,not_completed,0.08442530020909467,2504.860302288369,1.0833180450076623
218,readmit_30,early,0.08438384076813878,589.0464301796344,1.2783622291853862
218,readmit_30,not_completed,0.08438384076813878,2504.8436828343893,1.084978045520952
218,death_30,early,0.08393530574775052,591.2165756926926,1.2604316212032156
218,death_30,not_completed,0.08393530574775052,2517.930615418915,1.0810237848584656
218,composite_90,early,0.08953765330820841,490.96748296164105,1.3259235889121956
218,composite_90,not_completed,0.08953765330820841,2079.8033517092913,1.0899383303458503
218,composite_30_conservative_dmonth,early,0.08731406621021875,551.8068811224005,1.2808622248003103
218,composite_30_conservative_dmonth,not_completed,0.08731406621021875,2290.988955941047,1.0858962357242283
218,composite_90_conservative_dmonth,early,0.10091984526888674,416.19845487588134,1.3546499592939716
218,composite_90_conservative_dmonth,not_completed,0.10091984526888674,1817.8764542455706,1.0976430906541823
219,composite_30,early,0.06724221631112995,565.7480551378135,1.3816101839440553
219,composite_30,not_completed,0.06724221631112995,2510.9236545428544,1.0820030797373383
219,readmit_30,early,0.06719348075335126,566.2060457508356,1.3938284208801173
219,readmit_30,not_completed,0.06719348075335126,2511.0138167435684,1.0813199399954436
219,death_30,early,0.06765999696612035,567.179118745692,1.3731883954795285
219,death_30,not_completed,0.06765999696612035,2525.0727152044915,1.0790213174492111
219,composite_90,early,0.06400367226639214,468.66508525178614,1.4194446910737726
219,composite_90,not_completed,0.06400367226639214,2056.0597648978423,1.0895224612582548
219,composite_30_conservative_dmonth,early,0.059059797951158684,524.849912752175,1.3543457954489606
219,composite_30_conservative_dmonth,not_completed,0.059059797951158684,2276.079587714701,1.0847309182453921
219,composite_90_conservative_dmonth,early,0.08468107490063898,400.4212615787631,1.4920008366990816
219,composite_90_conservative_dmonth,not_completed,0.08468107490063898,1793.987308137741,1.1008569114563183
220,composite_30,early,0.06674080542171272,567.1527701648068,1.2429641549720654
220,composite_30,not_completed,0.06674080542171272,2572.176198609436,1.0793229320086155
220,readmit_30,early,0.06676215359520965,567.0450361276341,1.2380127783413788
220,readmit_30,not_completed,0.06676215359520965,2572.0928189654014,1.0848766310977582
220,death_30,early,0.06748478004696985,567.1161311202654,1.2390523445885042
220,death_30,not_completed,0.06748478004696985,2585.166341199537,1.0784882658762347
220,composite_90,early,0.07778635961805838,467.1454322218189,1.343924844417656
220,composite_90,not_completed,0.07778635961805838,2092.9930129682434,1.0988114690317052
220,composite_30_conservative_dmonth,early,0.07506481032174125,523.6974101825409,1.2944841178109763
220,composite_30_conservative_dmonth,not_completed,0.07506481032174125,2303.9691509658583,1.0912957254649867
220,composite_90_conservative_dmonth,early,0.08501758221024182,399.55800369498945,1.3775249984383804
220,composite_90_conservative_dmonth,not_completed,0.08501758221024182,1826.9244651091171,1.1089624775987192
221,composite_30,early,0.06123842755401775,547.6477471926984,1.3963931842829784
221,composite_30,not_completed,0.06123842755401775,2566.9260856767296,1.082962503389472
221,readmit_30,early,0.061298751561267066,547.5639771215989,1.3909173998985922
221,readmit_30,not_completed,0.061298751561267066,2566.9070823747743,1.0883582879476583
221,death_30,early,0.0587938763072517,547.8332329766365,1.3877694596501537
221,death_30,not_completed,0.0587938763072517,2582.006936332092,1.0827131472533782
221,composite_90,early,0.07072741039940893,450.38263921373584,1.4221707818294398
221,composite_90,not_completed,0.07072741039940893,2051.6601141097676,1.1088105070510623
221,composite_30_conservative_dmonth,early,0.06564673982617635,511.8814828864526,1.3617247029849622
221,composite_30_conservative_dmonth,not_completed,0.06564673982617635,2321.8265224041334,1.0867327965837432
221,composite_90_conservative_dmonth,early,0.09881552171459515,387.5494022654318,1.4513423544450845
221,composite_90_conservative_dmonth,not_completed,0.09881552171459515,1783.6489225928133,1.1113792089873498
222,composite_30,early,0.08976445999059428,606.3981037710166,1.2704311918318394
222,composite_30,not_completed,0.08976445999059428,2634.6252048803167,1.0573644735161318
222,readmit_30,early,0.08976905358551239,606.4033717815106,1.2456893496064083
222,readmit_30,not_completed,0.08976905358551239,2634.602273591118,1.057007643735442
222,death_30,early,0.09122099077951847,606.180278190066,1.2740533641867713
222,death_30,not_completed,0.09122099077951847,2645.5534655163387,1.058475767730866
222,composite_90,early,0.08284722285454611,499.93127522292144,1.2802826655267574
222,composite_90,not_completed,0.08284722285454611,2138.7998653522486,1.0671851898039537
222,composite_30_conservative_dmonth,early,0.09317846128188208,565.4178987403678,1.2556078818795644
222,composite_30_conservative_dmonth,not_completed,0.09317846128188208,2401.6322145957456,1.0609885416969653
222,composite_90_conservative_dmonth,early,0.09264840479935109,432.59365034312447,1.3064255611750726
222,composite_90_conservative_dmonth,not_completed,0.09264840479935109,1865.695904629807,1.0752615323544163
223,composite_30,early,0.07075308145477399,576.6003132099438,1.3433785091920265
223,composite_30,not_completed,0.07075308145477399,2497.1013050787437,1.099663641464304
223,readmit_30,early,0.0707899283822402,576.6191791042885,1.3401391842219958
223,readmit_30,not_completed,0.0707899283822402,2497.148952030549,1.0977007225111934
223,death_30,early,0.0708938909592303,577.0871200704523,1.3473193156747103
223,death_30,not_completed,0.0708938909592303,2508.9980940772402,1.101280250006779
223,composite_90,early,0.0705081021466735,478.04041790893444,1.4071286685372062
223,composite_90,not_completed,0.0705081021466735,2027.5963454696237,1.0998465077886055
223,composite_30_conservative_dmonth,early,0.07889652429512357,531.0319942191228,1.3657176420765138
223,composite_30_conservative_dmonth,not_completed,0.07889652429512357,2248.0562002071115,1.1100114604404756
223,composite_90_conservative_dmonth,early,0.06723779906387226,408.8177825148622,1.4148502379564756
223,composite_90_conservative_dmonth,not_completed,0.06723779906387226,1719.6372476231898,1.1114545491824759
224,composite_30,early,0.07502485844875385,548.6002713327888,1.3010679201041309
224,composite_30,not_completed,0.07502485844875385,2650.058180540121,1.077173234247159
224,readmit_30,early,0.07498639072008735,548.6288728881522,1.2794920910859449
224,readmit_30,not_completed,0.07498639072008735,2649.9166086586642,1.081905849796999
224,death_30,early,0.07290331905237057,549.5754280012926,1.2873726871793167
224,death_30,not_completed,0.07290331905237057,2660.8998718492367,1.084498262023136
224,composite_90,early,0.08177180924603143,456.8848533291718,1.3368507483674101
224,composite_90,not_completed,0.08177180924603143,2137.127822559775,1.0914393953658303
224,composite_30_conservative_dmonth,early,0.07698553316500957,510.7799550817338,1.3209065682078205
224,composite_30_conservative_dmonth,not_completed,0.07698553316500957,2392.016963000101,1.0818168965422177
224,composite_90_conservative_dmonth,early,0.09361438906287398,389.4439707968406,1.4104213779638788
224,composite_90_conservative_dmonth,not_completed,0.09361438906287398,1853.7771059820452,1.1035603103548262
225,composite_30,early,0.07804114201193044,564.226649088809,1.3108962124836123
225,composite_30,not_completed,0.07804114201193044,2530.467477534758,1.0810351383000951
225,readmit_30,early,0.07806618760722826,564.2856202919074,1.323755675261194
225,readmit_30,not_completed,0.07806618760722826,2530.4271571649647,1.086506271268249
225,death_30,early,0.07612519040810016,566.1671345360011,1.3084051810214021
225,death_30,not_completed,0.07612519040810016,2544.4498877359715,1.080787761904143
225,composite_90,early,0.08552863169013604,469.44576981754506,1.3426052769219403
225,composite_90,not_completed,0.08552863169013604,2060.2489764700294,1.0914276690744424
225,composite_30_conservative_dmonth,early,0.07968379269543491,527.2461617754138,1.293008083848188
225,composite_30_conservative_dmonth,not_completed,0.07968379269543491,2288.347171313965,1.0797534238778335
225,composite_90_conservative_dmonth,early,0.1056873084043702,408.5419686575987,1.4209502321941487
225,composite_90_conservative_dmonth,not_completed,0.1056873084043702,1812.8525198785542,1.1063158596312375
226,composite_30,early,0.06469443179999824,569.1512242663208,1.24724997400172
226,composite_30,not_completed,0.06469443179999824,2521.3472982440044,1.0734394200572868
226,readmit_30,early,0.06465573152731925,569.123423745844,1.2492443536747169
226,readmit_30,not_completed,0.06465573152731925,2521.2803289307717,1.0755310027017364
226,death_30,early,0.06534278528306403,571.041677499953,1.2497830241467933
226,death_30,not_completed,0.06534278528306403,2534.3316356319947,1.073033142187992
226,composite_90,early,0.07842299334537109,470.574142602613,1.290687943386396
226,composite_90,not_completed,0.07842299334537109,2038.5628058179389,1.0747995236939232
226,composite_30_conservative_dmonth,early,0.06895509415882718,526.2982474459585,1.2658996104740845
226,composite_30_conservative_dmonth,not_completed,0.06895509415882718,2249.336061011043,1.0743386141950488
226,composite_90_conservative_dmonth,early,0.09228274645103346,405.9920110809481,1.3293933109132048
226,composite_90_conservative_dmonth,not_completed,0.09228274645103346,1772.3244533869506,1.0853847645331804
227,composite_30,early,0.09200578364538119,597.1375739691492,1.3477185069057651
227,composite_30,not_completed,0.09200578364538119,2646.056096823313,1.0788224048310464
227,readmit_30,early,0.09205438552490161,597.2216669712514,1.3438349207925395
227,readmit_30,not_completed,0.09205438552490161,2646.0805073652223,1.0767873568074777
227,death_30,early,0.09194401324143837,597.0425269860704,1.3476772772571342
227,death_30,not_completed,0.09194401324143837,2662.01851623511,1.0790689617062574
227,composite_90,early,0.09272964223707797,496.84993604216726,1.3540347696313915
227,composite_90,not_completed,0.09272964223707797,2152.2017350184838,1.0844720922751148
227,composite_30_conservative_dmonth,early,0.09247619011948191,553.5487069112108,1.33964800329867
227,composite_30_conservative_dmonth,not_completed,0.09247619011948191,2398.1617542744916,1.0822717556600072
227,composite_90_conservative_dmonth,early,0.10456890762017927,422.69412076174217,1.4444021478661129
227,composite_90_conservative_dmonth,not_completed,0.10456890762017927,1881.7551419520819,1.1006478796357329
228,composite_30,early,0.06543959654349432,576.6421777385015,1.3375421889296615
228,composite_30,not_completed,0.06543959654349432,2572.875565915077,1.0911395736905336
228,readmit_30,early,0.06539924261477839,576.5080258149718,1.3570193333307063
228,readmit_30,not_completed,0.06539924261477839,2572.853503639614,1.0926595408190554
228,death_30,early,0.06517429609025988,577.3819384399542,1.3600771695798057
228,death_30,not_completed,0.06517429609025988,2583.80581453421,1.0904649502556398
228,composite_90,early,0.06191894425288721,470.3158132331672,1.414890500355344
228,composite_90,not_completed,0.06191894425288721,2085.984313949589,1.095648334866935
228,composite_30_conservative_dmonth,early,0.06711834755906518,533.906423618182,1.3720385449453751
228,composite_30_conservative_dmonth,not_completed,0.06711834755906518,2304.846951625806,1.0978540793567344
228,composite_90_conservative_dmonth,early,0.06097239041282155,395.81263929327804,1.4570883003979336
228,composite_90_conservative_dmonth,not_completed,0.06097239041282155,1843.696651328919,1.1086182694313982
229,composite_30,early,0.0730687507128027,546.2946487502445,1.290709534292501
229,composite_30,not_completed,0.0730687507128027,2493.17575001978,1.0795970921224092
229,readmit_30,early,0.07307929123920193,546.3783549933293,1.2793835532285103
229,readmit_30,not_completed,0.07307929123920193,2493.184123006796,1.078388504354386
229,death_30,early,0.07359550194848896,546.4276585535542,1.2918122574310058
229,death_30,not_completed,0.07359550194848896,2503.234810212999,1.0744666247114476
229,composite_90,early,0.07300788600276957,453.5220985931251,1.3780139132045046
229,composite_90,not_completed,0.07300788600276957,2025.2883030051103,1.0799038543294426
229,composite_30_conservative_dmonth,early,0.06989935295994282,508.5064623221388,1.3233564527498212
229,composite_30_conservative_dmonth,not_completed,0.06989935295994282,2256.204952305497,1.078695850042736
229,composite_90_conservative_dmonth,early,0.08567833033625573,386.6647585751609,1.3804609109991355
229,composite_90_conservative_dmonth,not_completed,0.08567833033625573,1759.704966177059,1.1026474252212448
230,composite_30,early,0.08777608684216286,557.3378771042445,1.3697809788122253
230,composite_30,not_completed,0.08777608684216286,2442.342760342701,1.0762111736529583
230,readmit_30,early,0.0877901861463822,557.3640491265038,1.3649999182633643
230,readmit_30,not_completed,0.0877901861463822,2442.3178766233955,1.0755954894120365
230,death_30,early,0.08860536445359574,558.6044015391755,1.3757131090576191
230,death_30,not_completed,0.08860536445359574,2453.4167541908223,1.075769097847582
230,composite_90,early,0.08593890377385148,460.2388727364699,1.3812274723155975
230,composite_90,not_completed,0.08593890377385148,1951.2548107630093,1.0858201376886905
230,composite_30_conservative_dmonth,early,0.09259004612389848,519.2575663877251,1.340904491260219
230,composite_30_conservative_dmonth,not_completed,0.09259004612389848,2217.2095478464094,1.0798834666867583
230,composite_90_conservative_dmonth,early,0.09570552195722036,391.2490543127073,1.3860366142421947
230,composite_90_conservative_dmonth,not_completed,0.09570552195722036,1696.1166919864854,1.0971254226789238
231,composite_30,early,0.08032890241336212,551.9648329799761,1.3386183333780373
231,composite_30,not_completed,0.08032890241336212,2521.2231392329704,1.072685954186273
231,readmit_30,early,0.08034523429170473,552.3315201040983,1.3240453484800947
231,readmit_30,not_completed,0.08034523429170473,2521.27984470939,1.0718423759103473
231,death_30,early,0.08019142659488303,551.9515777751907,1.3298771609830031
231,death_30,not_completed,0.08019142659488303,2532.234447177096,1.0726401035257773
231,composite_90,early,0.06453325816352244,458.3724912952964,1.342054072788481
231,composite_90,not_completed,0.06453325816352244,2043.6714908276342,1.0732158385677668
231,composite_30_conservative_dmonth,early,0.07053295460172684,518.0142967008013,1.3618616509136188
231,composite_30_conservative_dmonth,not_completed,0.07053295460172684,2305.4893729257724,1.0712251061692364
231,composite_90_conservative_dmonth,early,0.0914645335372189,387.1435115701903,1.368458046507578
231,composite_90_conservative_dmonth,not_completed,0.0914645335372189,1771.5581920598306,1.0779953860590992
232,composite_30,early,0.07003084739233477,583.0309128911193,1.320906581009198
232,composite_30,not_completed,0.07003084739233477,2594.309100205757,1.074030427619804
232,readmit_30,early,0.07002569373782837,582.7291906874582,1.3274154588723914
232,readmit_30,not_completed,0.07002569373782837,2594.1913449087765,1.0794794666714123
232,death_30,early,0.0701139540780689,584.8754392178995,1.3475081165183518
232,death_30,not_completed,0.0701139540780689,2604.3234087425335,1.0727555079266753
232,composite_90,early,0.08853855533980658,481.6049060660394,1.307202853776766
232,composite_90,not_completed,0.08853855533980658,2109.0805014388934,1.0918030788897963
232,composite_30_conservative_dmonth,early,0.08575323338337323,544.6803493646576,1.3001425098791928
232,composite_30_conservative_dmonth,not_completed,0.08575323338337323,2349.234444811827,1.0820528847978488
232,composite_90_conservative_dmonth,early,0.0956148263142698,416.3084654422098,1.372348621222091
232,composite_90_conservative_dmonth,not_completed,0.0956148263142698,1814.1166001474655,1.0953076143315117
233,composite_30,early,0.09057553011139644,559.8563746847332,1.32023533858044
233,composite_30,not_completed,0.09057553011139644,2509.969993318796,1.0881472463968267
233,readmit_30,early,0.09053254052087327,559.7994050569464,1.3308230411776532
233,readmit_30,not_completed,0.09053254052087327,2509.934395839094,1.0901978362256268
233,death_30,early,0.08878312229831226,561.4503183818822,1.337747393679893
233,death_30,not_completed,0.08878312229831226,2521.81431154501,1.088467929035976
233,composite_90,early,0.09478259083487796,454.3975246759177,1.3920587541895661
233,composite_90,not_completed,0.09478259083487796,1986.8311831555004,1.0993267184550295
233,composite_30_conservative_dmonth,early,0.09275323920474775,514.7013931224791,1.3544782608651522
233,composite_30_conservative_dmonth,not_completed,0.09275323920474775,2263.771222537503,1.0969110660009904
233,composite_90_conservative_dmonth,early,0.10292095584449708,390.42442423104745,1.4763849210473343
233,composite_90_conservative_dmonth,not_completed,0.10292095584449708,1718.5043108503817,1.1185541903778309
234,composite_30,early,0.07367448815925781,579.7730971505159,1.2958567505163174
234,composite_30,not_completed,0.07367448815925781,2613.9379368480236,1.0770182232885686
234,readmit_30,early,0.07350793821818123,579.3977887920905,1.3019321303278377
234,readmit_30,not_completed,0.07350793821818123,2613.8050246602966,1.085494070444577
234,death_30,early,0.0736874613974373,581.574390080285,1.2926955946425245
234,death_30,not_completed,0.0736874613974373,2621.854630916319,1.0802220773327709
234,composite_90,early,0.06694811731542938,471.6816966077216,1.351059527630333
234,composite_90,not_completed,0.06694811731542938,2108.6470018251684,1.0942893633656312
234,composite_30_conservative_dmonth,early,0.07279696369719295,529.4254294749112,1.335455842188689
234,composite_30_conservative_dmonth,not_completed,0.07279696369719295,2356.7787211801365,1.0886110977882701
234,composite_90_conservative_dmonth,early,0.07074456732359184,403.0593271449207,1.4599853754677985
234,composite_90_conservative_dmonth,not_completed,0.07074456732359184,1826.5962337854482,1.1038447115296994
235,composite_30,early,0.06008204280247977,584.5604813476522,1.3369969867083713
235,composite_30,not_completed,0.06008204280247977,2614.4584844161664,1.075850481388251
235,readmit_30,early,0.06018033059024651,584.1871209648717,1.3666342028959533
235,readmit_30,not_completed,0.06018033059024651,2614.3176973154827,1.080130678488972
235,death_30,early,0.06050855663282884,585.8794243720108,1.3495097113706467
235,death_30,not_completed,0.06050855663282884,2625.2315329102744,1.0800542419928616
235,composite_90,early,0.06644547594830456,484.66878338128555,1.3338716262054267
235,composite_90,not_completed,0.06644547594830456,2124.5303753905027,1.080658366830801
235,composite_30_conservative_dmonth,early,0.060750130030251065,548.2048107409769,1.3379366434077347
235,composite_30_conservative_dmonth,not_completed,0.060750130030251065,2369.3852106421023,1.0808649998203623
235,composite_90_conservative_dmonth,early,0.08115880343255964,416.7495525089764,1.3814125691610049
235,composite_90_conservative_dmonth,not_completed,0.08115880343255964,1871.208140429825,1.0989044412018605
236,composite_30,early,0.08687387427405717,579.2368424708576,1.317639522182073
236,composite_30,not_completed,0.08687387427405717,2521.8888216446694,1.074530651936956
236,readmit_30,early,0.0868912393472966,579.4554773167883,1.3158189383314873
236,readmit_30,not_completed,0.0868912393472966,2521.94166020633,1.074552480559893
236,death_30,early,0.0867361836322411,581.0945657531755,1.3277419042563945
236,death_30,not_completed,0.0867361836322411,2533.8427540534667,1.0735288350213588
236,composite_90,early,0.08380745620931988,484.6686643649588,1.2881163517958283
236,composite_90,not_completed,0.08380745620931988,2057.255655704906,1.0697607672927627
236,composite_30_conservative_dmonth,early,0.08177860472835519,545.6775183463405,1.2817525773826883
236,composite_30_conservative_dmonth,not_completed,0.08177860472835519,2298.366578814656,1.0666338192378728
236,composite_90_conservative_dmonth,early,0.09875401007380846,409.446864348751,1.3471034091825507
236,composite_90_conservative_dmonth,not_completed,0.09875401007380846,1750.3094810440425,1.0803982863441812
237,composite_30,early,0.06757266951631105,531.6699987571527,1.287752023127062
237,composite_30,not_completed,0.06757266951631105,2469.358172161121,1.071695581059887
237,readmit_30,early,0.0675282018210247,531.427016151382,1.303000727161944
237,readmit_30,not_completed,0.0675282018210247,2469.2369456388824,1.07778769485417
237,death_30,early,0.07181042195042346,533.4634269804777,1.305013622300425
237,death_30,not_completed,0.07181042195042346,2476.2739402386874,1.0754565205547955
237,composite_90,early,0.07153466924805739,452.54772607009386,1.3529485414849798
237,composite_90,not_completed,0.07153466924805739,2024.2751491205881,1.0865232904906983
237,composite_30_conservative_dmonth,early,0.07779946535422087,499.14279696893954,1.3474033816890367
237,composite_30_conservative_dmonth,not_completed,0.07779946535422087,2257.0530520005836,1.089153745130327
237,composite_90_conservative_dmonth,early,0.0741012739393614,384.14488041862506,1.406088183989182
237,composite_90_conservative_dmonth,not_completed,0.0741012739393614,1792.1820207944131,1.09719479728308
238,composite_30,early,0.08022225266016787,552.3136455498541,1.2188229712195608
238,composite_30,not_completed,0.08022225266016787,2514.482280120683,1.0695264996198215
238,readmit_30,early,0.08025145001023767,552.5939478644488,1.2212061268400722
238,readmit_30,not_completed,0.08025145001023767,2514.5577904856204,1.0684744826862422
238,death_30,early,0.07921565898204584,554.218053949395,1.2276993701690155
238,death_30,not_completed,0.07921565898204584,2526.448435562931,1.0726643103067472
238,composite_90,early,0.08691326734581245,459.69886709444717,1.285471965387252
238,composite_90,not_completed,0.08691326734581245,2016.224550043112,1.0889348701023973
238,composite_30_conservative_dmonth,early,0.09276865696064508,514.9615352850161,1.2434302980872327
238,composite_30_conservative_dmonth,not_completed,0.09276865696064508,2244.4031009851246,1.0807494304054421
238,composite_90_conservative_dmonth,early,0.08838349916517681,386.82320659365223,1.3581066937851547
238,composite_90_conservative_dmonth,not_completed,0.08838349916517681,1747.9782289292855,1.1111442294239484
239,composite_30,early,0.09356904860274685,578.280607311954,1.3327508898975657
239,composite_30,not_completed,0.09356904860274685,2545.788813719099,1.0837837382952682
239,readmit_30,early,0.09357751866289224,578.2985737340314,1.3320175174007973
239,readmit_30,not_completed,0.09357751866289224,2545.7537253126147,1.0850305454066609
239,death_30,early,0.09227236300016475,579.1124644924117,1.3365811083482142
239,death_30,not_completed,0.09227236300016475,2557.7402524674435,1.0849904026355441
239,composite_90,early,0.09513087652298155,488.5839315191676,1.3755507655441324
239,composite_90,not_completed,0.09513087652298155,2072.759131050104,1.1034981388677247
239,composite_30_conservative_dmonth,early,0.09698063932907189,539.5147367484328,1.3725091510176528
239,composite_30_conservative_dmonth,not_completed,0.09698063932907189,2312.895813658392,1.0885665911427473
239,composite_90_conservative_dmonth,early,0.10764525765218051,405.4030697608515,1.4741776817928953
239,composite_90_conservative_dmonth,not_completed,0.10764525765218051,1771.3884147434212,1.1179432460629686
240,composite_30,early,0.07867910777810436,534.4567233614567,1.4141072459744195
240,composite_30,not_completed,0.07867910777810436,2433.7980420146782,1.0966859310004013
240,readmit_30,early,0.07871281211082028,534.2565126406819,1.408301026007427
240,readmit_30,not_completed,0.07871281211082028,2433.710670963113,1.0997873804024325
240,death_30,early,0.07738175284259656,535.261201912972,1.3971002167564681
240,death_30,not_completed,0.07738175284259656,2448.743311045666,1.1000538625981506
240,composite_90,early,0.07989419899615188,447.7790020225197,1.4244868532362331
240,composite_90,not_completed,0.07989419899615188,2004.8925779141289,1.101169353730525
240,composite_30_conservative_dmonth,early,0.07385550022444813,501.8767622878341,1.3758699649966302
240,composite_30_conservative_dmonth,not_completed,0.07385550022444813,2224.737329190258,1.1105175362802984
240,composite_90_conservative_dmonth,early,0.08313942019553316,382.13285217724405,1.4892562489432986
240,composite_90_conservative_dmonth,not_completed,0.08313942019553316,1747.6236086396532,1.1175662640198671
241,composite_30,early,0.07985361893655102,595.7258844527844,1.3189774583315612
241,composite_30,not_completed,0.07985361893655102,2523.361809515392,1.100128846081493
241,readmit_30,early,0.07983049054988511,595.4689903593315,1.325700291023954
241,readmit_30,not_completed,0.07983049054988511,2523.2893891548747,1.0979719938084451
241,death_30,early,0.0771541684326083,597.2752535694808,1.3407118431921257
241,death_30,not_completed,0.0771541684326083,2535.2484220784886,1.100930611660157
241,composite_90,early,0.07939025578820004,496.1169438338139,1.3456796072529489
241,composite_90,not_completed,0.07939025578820004,2049.58884661479,1.1003768736203292
241,composite_30_conservative_dmonth,early,0.07744176037236869,559.1334438952456,1.3246729706988425
241,composite_30_conservative_dmonth,not_completed,0.07744176037236869,2291.4042770228316,1.1037534223667491
241,composite_90_conservative_dmonth,early,0.08258324498127738,415.1480142960556,1.4306673193145871
241,composite_90_conservative_dmonth,not_completed,0.08258324498127738,1755.103338477186,1.1227469568045332
242,composite_30,early,0.07340028364147544,563.8397524366737,1.3194257390931208
242,composite_30,not_completed,0.07340028364147544,2540.16494704372,1.083310270034058
242,readmit_30,early,0.07334117210012955,564.3734020500133,1.302392903059363
242,readmit_30,not_completed,0.07334117210012955,2540.261830437398,1.0774928444757126
242,death_30,early,0.07230738460028074,565.9947534758742,1.313579071707353
242,death_30,not_completed,0.07230738460028074,2551.2682683000726,1.0810380496567025
242,composite_90,early,0.07444321826636091,471.38251333320875,1.3462362097736458
242,composite_90,not_completed,0.07444321826636091,2056.2768510099313,1.089878320990523
242,composite_30_conservative_dmonth,early,0.07185562781299117,527.6805479493739,1.317204036968946
242,composite_30_conservative_dmonth,not_completed,0.07185562781299117,2288.2758655404323,1.0929973086580078
242,composite_90_conservative_dmonth,early,0.07891689836187486,406.30867340399567,1.3845911094343528
242,composite_90_conservative_dmonth,not_completed,0.07891689836187486,1792.3026657938613,1.0923417604941452
243,composite_30,early,0.09656970813386653,543.9776064709741,1.477586883862211
243,composite_30,not_completed,0.09656970813386653,2478.1329667119585,1.0818246835082466
243,readmit_30,early,0.0965417414626491,543.7175077345387,1.4613295451574173
243,readmit_30,not_completed,0.0965417414626491,2478.0553896914125,1.0833159500517882
243,death_30,early,0.09751540432149548,545.8620203985926,1.4570955676029538
243,death_30,not_completed,0.09751540432149548,2492.1173368746395,1.0779117348946952
243,composite_90,early,0.12058530759254042,451.29693805119337,1.418379749469944
243,composite_90,not_completed,0.12058530759254042,1995.2009738597076,1.086254522987642
243,composite_30_conservative_dmonth,early,0.10800243693897954,503.93655858383676,1.4821070525912465
243,composite_30_conservative_dmonth,not_completed,0.10800243693897954,2221.036806113995,1.0863949123530552
243,composite_90_conservative_dmonth,early,0.11997253392791528,393.460678866194,1.4746160665982697
243,composite_90_conservative_dmonth,not_completed,0.11997253392791528,1776.2658266725357,1.0994936726149613
244,composite_30,early,0.08938124851270433,575.4856333991139,1.3101969220198384
244,composite_30,not_completed,0.08938124851270433,2680.048971368763,1.082751789715654
244,readmit_30,early,0.08932793484532378,575.5834512836702,1.2876518132612282
244,readmit_30,not_completed,0.08932793484532378,2680.053597604739,1.0831718547482732
244,death_30,early,0.08932493739070026,577.5446356382605,1.2960867797814852
244,death_30,not_completed,0.08932493739070026,2694.061446590458,1.0842432949947702
244,composite_90,early,0.09565692492983739,471.06682339012923,1.3307733450297614
244,composite_90,not_completed,0.09565692492983739,2146.865129034182,1.0945232277805153
244,composite_30_conservative_dmonth,early,0.08968139772293912,532.0504710241796,1.2961780047746876
244,composite_30_conservative_dmonth,not_completed,0.08968139772293912,2419.626028061564,1.095396069583007
244,composite_90_conservative_dmonth,early,0.10730770041806177,407.44318499733726,1.4638089031698835
244,composite_90_conservative_dmonth,not_completed,0.10730770041806177,1856.2463164371554,1.1221545683698675
245,composite_30,early,0.0694699502765657,570.6613814426904,1.357984453332437
245,composite_30,not_completed,0.0694699502765657,2506.790562291712,1.084978083424808
245,readmit_30,early,0.0694556184781472,570.3956155454772,1.3728325945561375
245,readmit_30,not_completed,0.0694556184781472,2506.702971285584,1.0876676817326316
245,death_30,early,0.06895694200516497,572.4136604075313,1.3708617102076168
245,death_30,not_completed,0.06895694200516497,2522.7351170375514,1.0851591039553097
245,composite_90,early,0.08665373758895564,479.8608639996018,1.3607222219489368
245,composite_90,not_completed,0.08665373758895564,2037.7225822570038,1.094906949000705
245,composite_30_conservative_dmonth,early,0.07310383107405752,532.7091318612636,1.3312057593346636
245,composite_30_conservative_dmonth,not_completed,0.07310383107405752,2278.025644036666,1.0799993167891995
245,composite_90_conservative_dmonth,early,0.09258866838023132,414.9241640759683,1.3915805205242324
245,composite_90_conservative_dmonth,not_completed,0.09258866838023132,1748.6587644079464,1.1069426930442052
246,composite_30,early,0.06828928087616036,546.7194611961497,1.4899712646272936
246,composite_30,not_completed,0.06828928087616036,2440.461155196281,1.1212824985653091
246,readmit_30,early,0.06830610069872543,546.6005690556126,1.4845964734736325
246,readmit_30,not_completed,0.06830610069872543,2440.4488179261643,1.1214924822077676
246,death_30,early,0.07106882431714412,547.8731412763506,1.5233780996486788
246,death_30,not_completed,0.07106882431714412,2449.2926051939194,1.127008156113505
246,composite_90,early,0.08272276030993109,451.66117516999685,1.4404117009698434
246,composite_90,not_completed,0.08272276030993109,1973.0990655526898,1.1017138438531244
246,composite_30_conservative_dmonth,early,0.0766706710570553,518.9571654835456,1.4494571326703733
246,composite_30_conservative_dmonth,not_completed,0.0766706710570553,2220.820034119828,1.107765790798766
246,composite_90_conservative_dmonth,early,0.08616680318442303,384.5709146465296,1.4920521199934205
246,composite_90_conservative_dmonth,not_completed,0.08616680318442303,1689.9536639231899,1.110694009522683
247,composite_30,early,0.08078667380570677,546.2728031004685,1.3629005309074274
247,composite_30,not_completed,0.08078667380570677,2521.330399548953,1.0949789216094052
247,readmit_30,early,0.08078243735466469,546.0123029878577,1.3726749935843554
247,readmit_30,not_completed,0.08078243735466469,2521.2290426736813,1.096591659982122
247,death_30,early,0.08077976931075098,547.8581972630142,1.3917104079998532
247,death_30,not_completed,0.08077976931075098,2532.2040936678072,1.1001483467242954
247,composite_90,early,0.08556966867756387,444.76432616590296,1.4567218608372055
247,composite_90,not_completed,0.08556966867756387,2041.2162567261557,1.1094660521878126
247,composite_30_conservative_dmonth,early,0.08916590047038013,503.88568143098126,1.4070897687622919
247,composite_30_conservative_dmonth,not_completed,0.08916590047038013,2269.1882659721296,1.1019130009799036
247,composite_90_conservative_dmonth,early,0.09130002036368151,377.46850415444237,1.4560024719524662
247,composite_90_conservative_dmonth,not_completed,0.09130002036368151,1755.4723375134322,1.1141194283686118
248,composite_30,early,0.08019743769582391,548.2092129784852,1.3928788878992835
248,composite_30,not_completed,0.08019743769582391,2529.8878455578097,1.0842374926758624
248,readmit_30,early,0.08020650832479329,548.6758794137601,1.3483713222458256
248,readmit_30,not_completed,0.08020650832479329,2529.928719570881,1.08934688205792
248,death_30,early,0.08052888481043802,548.7009197551265,1.4052849404832282
248,death_30,not_completed,0.08052888481043802,2541.7540911060237,1.0886089977091649
248,composite_90,early,0.08082700984023192,457.6799893522705,1.4193302654584286
248,composite_90,not_completed,0.08082700984023192,2101.0614773147313,1.0830154928267506
248,composite_30_conservative_dmonth,early,0.09088989104201911,515.8227534970601,1.414705247223578
248,composite_30_conservative_dmonth,not_completed,0.09088989104201911,2313.9424394092225,1.0881885440031998
248,composite_90_conservative_dmonth,early,0.09675143680164047,389.8583539545381,1.3500063968602285
248,composite_90_conservative_dmonth,not_completed,0.09675143680164047,1810.1772159481516,1.098522922481625
249,composite_30,early,0.07872218088364162,553.7752666421345,1.3429659636932472
249,composite_30,not_completed,0.07872218088364162,2548.382003559255,1.1074430290481274
249,readmit_30,early,0.07868643012913033,553.6735584441392,1.342444281310765
249,readmit_30,not_completed,0.07868643012913033,2548.331460759915,1.1104154255080867
249,death_30,early,0.07933341684961846,554.359255990803,1.3561666710688645
249,death_30,not_completed,0.07933341684961846,2557.2576265122725,1.1103626872408023
249,composite_90,early,0.08942695460072667,467.7217139617614,1.321023976838359
249,composite_90,not_completed,0.08942695460072667,2098.5663778588832,1.1086499613952776
249,composite_30_conservative_dmonth,early,0.08504998247227478,524.4428906054983,1.3135684978010018
249,composite_30_conservative_dmonth,not_completed,0.08504998247227478,2343.405437082105,1.1054160283673053
249,composite_90_conservative_dmonth,early,0.08872632395363747,396.608349884531,1.3543084191405323
249,composite_90_conservative_dmonth,not_completed,0.08872632395363747,1836.6590923440717,1.1189655676188888
250,composite_30,early,0.08845400721570283,560.5363078051785,1.2822592791088414
250,composite_30,not_completed,0.08845400721570283,2444.166803734104,1.0694994287644568
250,readmit_30,early,0.08845449812245954,560.4727365888616,1.2897222603400191
250,readmit_30,not_completed,0.08845449812245954,2444.155866149862,1.0704681699174656
250,death_30,early,0.08878417752700851,561.6268686840763,1.2866140337980045
250,death_30,not_completed,0.08878417752700851,2456.2211794319983,1.0678058306384908
250,composite_90,early,0.10109774518951754,472.96429840233475,1.3639943134640626
250,composite_90,not_completed,0.10109774518951754,2015.9155340951543,1.0933618181670999
250,composite_30_conservative_dmonth,early,0.0889732911650059,528.1272582108969,1.312880954059601
250,composite_30_conservative_dmonth,not_completed,0.0889732911650059,2238.2387198325623,1.0763687534866735
250,composite_90_conservative_dmonth,early,0.10036277675357486,404.1503798660748,1.5018694224660243
250,composite_90_conservative_dmonth,not_completed,0.10036277675357486,1755.7542189377584,1.1047907842662577
251,composite_30,early,0.09845972076449819,572.8780833133304,1.4116238270589625
251,composite_30,not_completed,0.09845972076449819,2448.332135796647,1.0945768063877974
251,readmit_30,early,0.09837478182116328,573.1070295372966,1.3902273701048462
251,readmit_30,not_completed,0.09837478182116328,2448.3417284639745,1.0940651956870457
251,death_30,early,0.09721104073789286,574.0432638983422,1.410499133318181
251,death_30,not_completed,0.09721104073789286,2461.401932161138,1.091305154293113
251,composite_90,early,0.11574783967545556,482.11402286328007,1.3718954812923343
251,composite_90,not_completed,0.11574783967545556,1963.4588225399054,1.1081909939519845
251,composite_30_conservative_dmonth,early,0.10404980488957044,538.4507610186628,1.374585252345704
251,composite_30_conservative_dmonth,not_completed,0.10404980488957044,2216.3410939962796,1.100744140934506
251,composite_90_conservative_dmonth,early,0.11949402378583572,410.7573201827673,1.4091805359504503
251,composite_90_conservative_dmonth,not_completed,0.11949402378583572,1696.336821122546,1.1082016927907223
252,composite_30,early,0.07557051145182878,555.8250747413273,1.2974301464209859
252,composite_30,not_completed,0.07557051145182878,2573.1662602323645,1.0828898189911769
252,readmit_30,early,0.07545016514175026,555.82206150272,1.296436309358319
252,readmit_30,not_completed,0.07545016514175026,2573.1044411390035,1.0859655908662762
252,death_30,early,0.07605717786340654,557.6485439368381,1.297371101274137
252,death_30,not_completed,0.07605717786340654,2588.1117108812387,1.0816916841554844
252,composite_90,early,0.07835308144736869,473.0066934135178,1.2892541125053767
252,composite_90,not_completed,0.07835308144736869,2122.537669891356,1.0719152529181808
252,composite_30_conservative_dmonth,early,0.07354858614718068,520.3978386450575,1.2899896626224294
252,composite_30_conservative_dmonth,not_completed,0.07354858614718068,2336.316711861596,1.078146039136106
252,composite_90_conservative_dmonth,early,0.08768873376813062,416.5140358494757,1.3256076115637963
252,composite_90_conservative_dmonth,not_completed,0.08768873376813062,1877.454746609463,1.0781350695696563
253,composite_30,early,0.07670451432590122,581.8135350557357,1.3303110225433272
253,composite_30,not_completed,0.07670451432590122,2572.307703782612,1.0812623626405633
253,readmit_30,early,0.07676024171057956,582.2287548511365,1.3141281040028534
253,readmit_30,not_completed,0.07676024171057956,2572.440094149616,1.0776070469245387
253,death_30,early,0.07736714092030242,584.0646730643507,1.3357263282849547
253,death_30,not_completed,0.07736714092030242,2585.3845058150127,1.078067045744736
253,composite_90,early,0.07169267030714042,493.1989521591468,1.3835946988920595
253,composite_90,not_completed,0.07169267030714042,2107.239443698157,1.0950776755495768
253,composite_30_conservative_dmonth,early,0.07266218407036779,544.9652772476985,1.3253320443127132
253,composite_30_conservative_dmonth,not_completed,0.07266218407036779,2340.2639029956777,1.0860375814343974
253,composite_90_conservative_dmonth,early,0.08097762445186425,419.4812630656697,1.4182451415464177
253,composite_90_conservative_dmonth,not_completed,0.08097762445186425,1844.0806611591008,1.107073246376358
254,composite_30,early,0.07713360980992869,601.5243597641522,1.3019777557900571
254,composite_30,not_completed,0.07713360980992869,2606.9147751993646,1.0921534789174443
254,readmit_30,early,0.07713155054872058,601.4085246303689,1.3028343916254088
254,readmit_30,not_completed,0.07713155054872058,2606.8854615349533,1.0934851099524046
254,death_30,early,0.07462817307786615,603.4132957896292,1.307415951585977
254,death_30,not_completed,0.07462817307786615,2615.8912594149,1.08853084843508
254,composite_90,early,0.07891249635221848,492.22975559083807,1.3108429098759917
254,composite_90,not_completed,0.07891249635221848,2124.992514927638,1.0871679047617466
254,composite_30_conservative_dmonth,early,0.07724013050191025,559.8932678533627,1.3138790592542486
254,composite_30_conservative_dmonth,not_completed,0.07724013050191025,2375.786227496318,1.0903233911956798
254,composite_90_conservative_dmonth,early,0.09777551157516474,423.43331725886105,1.3781608518403865
254,composite_90_conservative_dmonth,not_completed,0.09777551157516474,1829.4814615700525,1.1098006080951768
255,composite_30,early,0.06647036155810353,539.4225499151174,1.2859134542322126
255,composite_30,not_completed,0.06647036155810353,2508.210904401142,1.0801522024529242
255,readmit_30,early,0.06651071895149666,539.2557795014629,1.294665009758892
255,readmit_30,not_completed,0.06651071895149666,2508.1024153738895,1.0849832560634542
255,death_30,early,0.06726692624296983,540.2427492428974,1.2982271180772853
255,death_30,not_completed,0.06726692624296983,2520.1667825974127,1.0822084511066723
255,composite_90,early,0.06739210688251432,442.5477713720982,1.3702377943076587
255,composite_90,not_completed,0.06739210688251432,2040.1323262450499,1.0894911074689686
255,composite_30_conservative_dmonth,early,0.06973878973058649,500.55700877793254,1.3355047901083834
255,composite_30_conservative_dmonth,not_completed,0.06973878973058649,2298.2108276908402,1.0901024979633522
255,composite_90_conservative_dmonth,early,0.07473865202490464,375.2600016735612,1.457847674110531
255,composite_90_conservative_dmonth,not_completed,0.07473865202490464,1779.884018973453,1.1013408405652854
256,composite_30,early,0.0644478559844681,551.7387754680154,1.356497127998554
256,composite_30,not_completed,0.0644478559844681,2427.535230822265,1.0729634391471234
256,readmit_30,early,0.06441238667925572,551.2960525896151,1.3579963007320137
256,readmit_30,not_completed,0.06441238667925572,2427.5104299722466,1.0773197658612472
256,death_30,early,0.06679320252722863,553.7830775090481,1.3576828184792815
256,death_30,not_completed,0.06679320252722863,2441.517551986506,1.0739147286660344
256,composite_90,early,0.07936760610714806,446.0213277215076,1.380177158400176
256,composite_90,not_completed,0.07936760610714806,1922.3088275655384,1.0937999631563446
256,composite_30_conservative_dmonth,early,0.06392375132188435,512.9639861928903,1.394797806687755
256,composite_30_conservative_dmonth,not_completed,0.06392375132188435,2182.100101196133,1.0988507057761487
256,composite_90_conservative_dmonth,early,0.08133236602239925,375.41494034829304,1.5484064374076283
256,composite_90_conservative_dmonth,not_completed,0.08133236602239925,1649.0859074408356,1.1085754266628363
257,composite_30,early,0.0828304315182338,573.9482513402552,1.2841871175021815
257,composite_30,not_completed,0.0828304315182338,2634.0790573759937,1.0820332517194344
257,readmit_30,early,0.08281830826961133,573.8527886714463,1.2857133880998706
257,readmit_30,not_completed,0.08281830826961133,2634.0610076151866,1.082324706135101
257,death_30,early,0.08291755145461405,575.7834492824168,1.2911506344556591
257,death_30,not_completed,0.08291755145461405,2648.032706382086,1.0823942320272368
257,composite_90,early,0.0802511203246963,480.25518304843945,1.3156891674629698
257,composite_90,not_completed,0.0802511203246963,2167.2514221492165,1.0807555569083773
257,composite_30_conservative_dmonth,early,0.07843354631748299,534.0916021344074,1.31819327307624
257,composite_30_conservative_dmonth,not_completed,0.07843354631748299,2396.1485647634577,1.0837023880377075
257,composite_90_conservative_dmonth,early,0.07646677369446636,399.2880645358993,1.3516889257518394
257,composite_90_conservative_dmonth,not_completed,0.07646677369446636,1890.0267598527694,1.1151206099064352
258,composite_30,early,0.06690283121842049,591.2370178291429,1.3001217825877192
258,composite_30,not_completed,0.06690283121842049,2591.268448661363,1.07518198587794
258,readmit_30,early,0.06689879814977803,591.1041909422538,1.3002617745526328
258,readmit_30,not_completed,0.06689879814977803,2591.206732509679,1.0781495562027612
258,death_30,early,0.06650429744341037,593.3703762718317,1.2702340080504269
258,death_30,not_completed,0.06650429744341037,2601.3177085904567,1.07261567395068
258,composite_90,early,0.06309345005423893,500.24108937832847,1.3026793615284042
258,composite_90,not_completed,0.06309345005423893,2105.213529192917,1.0851570117103215
258,composite_30_conservative_dmonth,early,0.06791659537983974,557.7688972324996,1.2852626241213554
258,composite_30_conservative_dmonth,not_completed,0.06791659537983974,2345.2252482217605,1.0838081517919558
258,composite_90_conservative_dmonth,early,0.06820721429561118,435.8824865098599,1.314308315486802
258,composite_90_conservative_dmonth,not_completed,0.06820721429561118,1850.0775251460425,1.089523152337692
259,composite_30,early,0.06648482385587715,554.0697882352769,1.4364787286738463
259,composite_30,not_completed,0.06648482385587715,2510.156902848277,1.1047980529932278
259,readmit_30,early,0.06645709520635115,554.5709072150667,1.4164994861059284
259,readmit_30,not_completed,0.06645709520635115,2510.2729229832953,1.100036749967388
259,death_30,early,0.06698603366114597,556.2718521072126,1.427726141626467
259,death_30,not_completed,0.06698603366114597,2519.1976447801153,1.1031535072318235
259,composite_90,early,0.08329253463376958,470.9183782027187,1.3983725826922897
259,composite_90,not_completed,0.08329253463376958,2063.674643329021,1.095364805996313
259,composite_30_conservative_dmonth,early,0.06929807815946562,521.0623592830652,1.4040840817997073
259,composite_30_conservative_dmonth,not_completed,0.06929807815946562,2294.4724948496273,1.100070782049808
259,composite_90_conservative_dmonth,early,0.09501852832217787,402.55441622343164,1.3768206347440552
259,composite_90_conservative_dmonth,not_completed,0.09501852832217787,1795.627062452664,1.1049846333813733
260,composite_30,early,0.06413705511180874,521.7461412532399,1.3843452627278847
260,composite_30,not_completed,0.06413705511180874,2538.244766791627,1.086924839252683
260,readmit_30,early,0.06418264560283528,521.7739587677539,1.3786133268528011
260,readmit_30,not_completed,0.06418264560283528,2538.1696200123656,1.0899423795200833
260,death_30,early,0.06485684472358842,522.7395769001063,1.3824736841434002
260,death_30,not_completed,0.06485684472358842,2550.246310138407,1.0875509456716073
260,composite_90,early,0.0734875390122884,422.0344357335498,1.4076348880550356
260,composite_90,not_completed,0.0734875390122884,2006.3250172578778,1.089713700157994
260,composite_30_conservative_dmonth,early,0.07285476123563513,481.83023464385116,1.3548745733730085
260,composite_30_conservative_dmonth,not_completed,0.07285476123563513,2256.3013879812643,1.0894910507313853
260,composite_90_conservative_dmonth,early,0.07258239340853692,364.4617396786263,1.4161097463402752
260,composite_90_conservative_dmonth,not_completed,0.07258239340853692,1751.9967807337182,1.1165261537695785
261,composite_30,early,0.08308279603868189,572.3539469463099,1.2795525552337703
261,composite_30,not_completed,0.08308279603868189,2564.497183313186,1.0706874769167696
261,readmit_30,early,0.08308823557300088,572.4812243251403,1.2701941054277153
261,readmit_30,not_completed,0.08308823557300088,2564.4983249943166,1.0720569841500873
261,death_30,early,0.08198116518078445,572.4824302932501,1.2779594716572316
261,death_30,not_completed,0.08198116518078445,2578.547335194266,1.0690100311365551
261,composite_90,early,0.08380287137896444,459.8893590048666,1.328856752847092
261,composite_90,not_completed,0.08380287137896444,2087.476742714379,1.0951943748924282
261,composite_30_conservative_dmonth,early,0.09006562353908493,525.308340823582,1.2743486580528762
261,composite_30_conservative_dmonth,not_completed,0.09006562353908493,2342.573666183287,1.079073464012794
261,composite_90_conservative_dmonth,early,0.08485651312951405,397.38779709676027,1.3870890972997028
261,composite_90_conservative_dmonth,not_completed,0.08485651312951405,1845.5829560840018,1.084179939079287
262,composite_30,early,0.06963141899165072,537.1141363214152,1.315098643273126
262,composite_30,not_completed,0.06963141899165072,2508.1953074420676,1.079852659151949
262,readmit_30,early,0.06958166005729442,536.6452773257829,1.3351062350823089
262,readmit_30,not_completed,0.06958166005729442,2508.063376716559,1.08319781273411
262,death_30,early,0.06839110282293667,538.9127397672087,1.3225267113458632
262,death_30,not_completed,0.06839110282293667,2519.1272506235528,1.081397355781181
262,composite_90,early,0.08280068580972737,445.5599726455709,1.4011177276365188
262,composite_90,not_completed,0.08280068580972737,2038.1053856719266,1.0906592688582502
262,composite_30_conservative_dmonth,early,0.08056993163544544,501.21433646881974,1.3628912655421865
262,composite_30_conservative_dmonth,not_completed,0.08056993163544544,2293.084441730036,1.0827573976147002
262,composite_90_conservative_dmonth,early,0.08242128619460325,380.227152908422,1.4382150349055876
262,composite_90_conservative_dmonth,not_completed,0.08242128619460325,1784.9586673099395,1.1066174659784105
263,composite_30,early,0.07535564390097993,590.8699629401393,1.3012484232562105
263,composite_30,not_completed,0.07535564390097993,2568.4873330506193,1.0909810591079714
263,readmit_30,early,0.07546857805675712,590.7834372777162,1.3141266275835874
263,readmit_30,not_completed,0.07546857805675712,2568.4000687940375,1.094899692071295
263,death_30,early,0.07526528826311189,592.8106649563755,1.3287082815329214
263,death_30,not_completed,0.07526528826311189,2579.474927594607,1.0866941073724254
263,composite_90,early,0.07998862478589035,488.0905181777708,1.3285611827239108
263,composite_90,not_completed,0.07998862478589035,2048.7138477718822,1.090689668026763
263,composite_30_conservative_dmonth,early,0.07664952715391621,553.8657277253902,1.2826667183277023
263,composite_30_conservative_dmonth,not_completed,0.07664952715391621,2304.6364346527184,1.0909308189016687
263,composite_90_conservative_dmonth,early,0.09349691841883075,423.5996542196596,1.3519504451408926
263,composite_90_conservative_dmonth,not_completed,0.09349691841883075,1780.835374192467,1.094292061876275
264,composite_30,early,0.09833012463599708,580.7149439086344,1.4075181052229138
264,composite_30,not_completed,0.09833012463599708,2531.2975774035685,1.1213601365250814
264,readmit_30,early,0.09835010920994061,580.2794314962151,1.4228488603635254
264,readmit_30,not_completed,0.09835010920994061,2531.144785165813,1.1244216080829772
264,death_30,early,0.09393209312004085,581.8998191373439,1.3910712554731128
264,death_30,not_completed,0.09393209312004085,2541.2927453105535,1.1167631715975168
264,composite_90,early,0.10919385967641768,482.3674781810942,1.3909461250900725
264,composite_90,not_completed,0.10919385967641768,2027.3794497951992,1.113548025026623
264,composite_30_conservative_dmonth,early,0.09571516718115822,534.6452874358923,1.3670323460172764
264,composite_30_conservative_dmonth,not_completed,0.09571516718115822,2300.3821597798506,1.118847860222893
264,composite_90_conservative_dmonth,early,0.1261904679417261,411.7881523780668,1.4065701675704063
264,composite_90_conservative_dmonth,not_completed,0.1261904679417261,1759.3347655546727,1.1239128222679156
265,composite_30,early,0.07315705244368163,608.5188813769353,1.2945809373853836
265,composite_30,not_completed,0.07315705244368163,2580.0943775011956,1.0869565462312027
265,readmit_30,early,0.07314239566016725,608.5573188742627,1.2958024055003303
265,readmit_30,not_completed,0.07314239566016725,2580.053468081964,1.0912087921373865
265,death_30,early,0.07370716108869736,609.2335924809083,1.3055588729265404
265,death_30,not_completed,0.07370716108869736,2591.9931633461993,1.0908269515223359
265,composite_90,early,0.07688258961724086,509.4902954565878,1.3305249676068822
265,composite_90,not_completed,0.07688258961724086,2091.1897742767433,1.101801061718793
265,composite_30_conservative_dmonth,early,0.06831441913902007,567.953464098117,1.3273041633738347
265,composite_30_conservative_dmonth,not_completed,0.06831441913902007,2325.909386445601,1.1016073260192643
265,composite_90_conservative_dmonth,early,0.08458966858602328,436.5356068974768,1.4013102336631686
265,composite_90_conservative_dmonth,not_completed,0.08458966858602328,1809.791491044745,1.1108231964183122
266,composite_30,early,0.06613199286895094,559.017245328462,1.3694485508534742
266,composite_30,not_completed,0.06613199286895094,2553.8121772795944,1.0894924119699154
266,readmit_30,early,0.06617945483953346,559.111601090298,1.347786201019149
266,readmit_30,not_completed,0.06617945483953346,2553.804282093287,1.0912998278029868
266,death_30,early,0.06614595214021922,560.9204591903351,1.370349433973818
266,death_30,not_completed,0.06614595214021922,2564.789787172493,1.0884019747738514
266,composite_90,early,0.07052749284865018,463.50739215402325,1.3639511300278357
266,composite_90,not_completed,0.07052749284865018,2085.8119386847407,1.105415606870916
266,composite_30_conservative_dmonth,early,0.07365248946013303,526.4236609329158,1.3673240338155521
266,composite_30_conservative_dmonth,not_completed,0.07365248946013303,2327.6535317354,1.0986530337565346
266,composite_90_conservative_dmonth,early,0.06885402692342846,402.5911363793887,1.4405537619193909
266,composite_90_conservative_dmonth,not_completed,0.06885402692342846,1804.4875525085306,1.1174583903807325
267,composite_30,early,0.09383416491763077,551.0181545769786,1.3563148983152724
267,composite_30,not_completed,0.09383416491763077,2536.324223298127,1.1063517380435492
267,readmit_30,early,0.09382306908617345,550.8420956171242,1.3544242020672916
267,readmit_30,not_completed,0.09382306908617345,2536.214397480555,1.111085440948405
267,death_30,early,0.09547152876505839,552.4893295548858,1.3621913991547945
267,death_30,not_completed,0.09547152876505839,2548.150467768444,1.1103673381485555
267,composite_90,early,0.0953723351100182,458.29081542361104,1.3515516550930058
267,composite_90,not_completed,0.0953723351100182,2024.6316249702338,1.1021853969213866
267,composite_30_conservative_dmonth,early,0.09328965814417796,513.6834903034795,1.3961332717244617
267,composite_30_conservative_dmonth,not_completed,0.09328965814417796,2289.455313147427,1.105524616277293
267,composite_90_conservative_dmonth,early,0.11523859368872336,380.50736878066,1.4850561712105421
267,composite_90_conservative_dmonth,not_completed,0.11523859368872336,1722.3014305101622,1.1206169839552271
268,composite_30,early,0.07127528854785756,551.9840032919816,1.2932276899351625
268,composite_30,not_completed,0.07127528854785756,2439.766128210538,1.0840524753321357
268,readmit_30,early,0.07131343384114051,552.3662020965068,1.2836245429957058
268,readmit_30,not_completed,0.07131343384114051,2439.877380416449,1.0841251893241417
268,death_30,early,0.07060589988232371,554.0027849613587,1.287727985166538
268,death_30,not_completed,0.07060589988232371,2451.7626425114213,1.085551403446915
268,composite_90,early,0.08149460796755786,473.48013193271663,1.3624042272593164
268,composite_90,not_completed,0.08149460796755786,1990.4989996583083,1.1075938768844955
268,composite_30_conservative_dmonth,early,0.08887309190060239,522.2480836448253,1.3318870750043057
268,composite_30_conservative_dmonth,not_completed,0.08887309190060239,2189.23279351911,1.1012551140592826
268,composite_90_conservative_dmonth,early,0.08560128237367984,402.7083858930147,1.414082641783529
268,composite_90_conservative_dmonth,not_completed,0.08560128237367984,1750.247549123221,1.128790595831748
269,composite_30,early,0.0839782951412259,550.3771003504,1.2739552382992423
269,composite_30,not_completed,0.0839782951412259,2451.2032766469883,1.072921435794086
269,readmit_30,early,0.08383158466458991,550.3837213347896,1.2688950229682554
269,readmit_30,not_completed,0.08383158466458991,2451.096407944289,1.076872446864438
269,death_30,early,0.08378509498201331,552.6549550002654,1.2601842464085233
269,death_30,not_completed,0.08378509498201331,2464.2737488161715,1.0708415202601693
269,composite_90,early,0.07688017887736619,447.5304598553817,1.2985076339888995
269,composite_90,not_completed,0.07688017887736619,1977.1233259434605,1.0922923104837718
269,composite_30_conservative_dmonth,early,0.07514394145251069,504.61971240178383,1.3256634400368288
269,composite_30_conservative_dmonth,not_completed,0.07514394145251069,2204.8257547984063,1.0868811382911687
269,composite_90_conservative_dmonth,early,0.09101131809414262,390.6901806718028,1.320685060818481
269,composite_90_conservative_dmonth,not_completed,0.09101131809414262,1737.9897173535128,1.0994442123269306
270,composite_30,early,0.07270029054148588,564.4218109333287,1.3882364235225233
270,composite_30,not_completed,0.07270029054148588,2397.085529260798,1.1108645120710605
270,readmit_30,early,0.07266516118179862,564.409677775678,1.380642462608017
270,readmit_30,not_completed,0.07266516118179862,2397.004961930175,1.1112772780966285
270,death_30,early,0.07471749891677669,566.1677810829493,1.3958141558358368
270,death_30,not_completed,0.07471749891677669,2407.0302900603756,1.1097576108804772
270,composite_90,early,0.08536509367437314,462.60765789342975,1.400535374178296
270,composite_90,not_completed,0.08536509367437314,1923.4035764562718,1.1115269512454957
270,composite_30_conservative_dmonth,early,0.08695492894631618,522.2622154827247,1.3989858741653973
270,composite_30_conservative_dmonth,not_completed,0.08695492894631618,2164.02038064448,1.1224740421111674
270,composite_90_conservative_dmonth,early,0.0852872073693252,398.37409706149236,1.482114144372798
270,composite_90_conservative_dmonth,not_completed,0.0852872073693252,1654.995600774541,1.138280476206829
271,composite_30,early,0.0695987732101597,557.7600589825818,1.3226671606713643
271,composite_30,not_completed,0.0695987732101597,2555.30020329853,1.0740337003520877
271,readmit_30,early,0.06962319161715917,557.631166992112,1.329607466928443
271,readmit_30,not_completed,0.06962319161715917,2555.2593318675567,1.0756767283158928
271,death_30,early,0.07033868586345857,559.6883978693434,1.3386216867792025
271,death_30,not_completed,0.07033868586345857,2566.3082810589476,1.0766261693611237
271,composite_90,early,0.0668329894569202,465.2168549746933,1.360552706650225
271,composite_90,not_completed,0.0668329894569202,2110.1606078889795,1.0853214673649028
271,composite_30_conservative_dmonth,early,0.07126502417633292,523.2180021066836,1.3524118044717979
271,composite_30_conservative_dmonth,not_completed,0.07126502417633292,2340.266146131169,1.0857081765504997
271,composite_90_conservative_dmonth,early,0.07536067617333542,400.2981866918652,1.5163661036436673
271,composite_90_conservative_dmonth,not_completed,0.07536067617333542,1820.7216978081065,1.1197893465561128
272,composite_30,early,0.06576407611247483,578.6472789558264,1.321230660113833
272,composite_30,not_completed,0.06576407611247483,2606.9101487855924,1.0841576212734443
272,readmit_30,early,0.06578558893920952,578.7125668095366,1.3250520849873793
272,readmit_30,not_completed,0.06578558893920952,2606.918199827319,1.0867554316229397
272,death_30,early,0.06403073025587008,579.608882361771,1.325602849002246
272,death_30,not_completed,0.06403073025587008,2619.9084896416357,1.0830436555281664
272,composite_90,early,0.06527376713423298,475.8519120694829,1.3720094533208282
272,composite_90,not_completed,0.06527376713423298,2103.9257681042686,1.0970146421784273
272,composite_30_conservative_dmonth,early,0.06675723445229209,534.0041618602687,1.3345784761364345
272,composite_30_conservative_dmonth,not_completed,0.06675723445229209,2360.009142936771,1.0886172008399109
272,composite_90_conservative_dmonth,early,0.07527364191393164,404.6652227173319,1.4869582045249001
272,composite_90_conservative_dmonth,not_completed,0.07527364191393164,1824.8301689475222,1.1152965374670085
273,composite_30,early,0.07510375505926567,574.5479567953189,1.28086360817724
273,composite_30,not_completed,0.07510375505926567,2532.352495131064,1.0703219225022051
273,readmit_30,early,0.07511424259680005,574.7284733414675,1.2736511942996902
273,readmit_30,not_completed,0.07511424259680005,2532.4084174750055,1.076164659327046
273,death_30,early,0.07466872183878454,575.7527063175289,1.2699330896588479
273,death_30,not_completed,0.07466872183878454,2540.4285121564676,1.0753912139681314
273,composite_90,early,0.08246612973378141,469.5774591890177,1.3309662004067795
273,composite_90,not_completed,0.08246612973378141,2052.713956460496,1.0922891084656483
273,composite_30_conservative_dmonth,early,0.07715442290924168,531.9803681483227,1.3300766815928486
273,composite_30_conservative_dmonth,not_completed,0.07715442290924168,2287.9908461189493,1.0829224798217303
273,composite_90_conservative_dmonth,early,0.0889600640415398,399.98035416415985,1.430906913696532
273,composite_90_conservative_dmonth,not_completed,0.0889600640415398,1789.5744161440928,1.1095691693647725
274,composite_30,early,0.07274433948723641,554.1227264270857,1.301427493090088
274,composite_30,not_completed,0.07274433948723641,2505.207422131201,1.0736800005231786
274,readmit_30,early,0.0727255090510481,554.1006324460791,1.2987041185461992
274,readmit_30,not_completed,0.0727255090510481,2505.1728329563193,1.0769406076043793
274,death_30,early,0.07291790524462463,554.8933964729007,1.317685458179179
274,death_30,not_completed,0.07291790524462463,2516.16605230976,1.0754544361149496
274,composite_90,early,0.07915201091710364,450.9685049261945,1.355856021877761
274,composite_90,not_completed,0.07915201091710364,2046.0771227785974,1.0935120702852241
274,composite_30_conservative_dmonth,early,0.08216771759589463,513.8618403875104,1.330397636062652
274,composite_30_conservative_dmonth,not_completed,0.08216771759589463,2306.0847888220455,1.083657325323209
274,composite_90_conservative_dmonth,early,0.0842548996907783,390.38987405970266,1.424484562372273
274,composite_90_conservative_dmonth,not_completed,0.0842548996907783,1782.9895174402516,1.1119292382867976
275,composite_30,early,0.0841769853716514,602.6019908520994,1.2873500077943583
275,composite_30,not_completed,0.0841769853716514,2519.080678753192,1.08392683641631
275,readmit_30,early,0.08424073894337615,602.4061263872009,1.30048829148608
275,readmit_30,not_completed,0.08424073894337615,2519.009200632209,1.0850920532259474
275,death_30,early,0.08287458802403853,603.427583966892,1.2836641959220765
275,death_30,not_completed,0.08287458802403853,2534.0098924442746,1.0859605184501773
275,composite_90,early,0.08527417792211509,500.79012641048524,1.299457199069087
275,composite_90,not_completed,0.08527417792211509,2036.1896574675768,1.083071025537681
275,composite_30_conservative_dmonth,early,0.08637388105707787,562.7400076986419,1.2703033081085229
275,composite_30_conservative_dmonth,not_completed,0.08637388105707787,2291.3144630265874,1.0874907000311207
275,composite_90_conservative_dmonth,early,0.0859228460895552,427.49936336191786,1.3208722238796098
275,composite_90_conservative_dmonth,not_completed,0.0859228460895552,1757.3249938034107,1.099837213722123
276,composite_30,early,0.0772830440186191,541.5822299918444,1.3851046182688658
276,composite_30,not_completed,0.0772830440186191,2462.9622358562506,1.082310014811213
276,readmit_30,early,0.0772236948311176,541.7307701209255,1.3959255908136594
276,readmit_30,not_completed,0.0772236948311176,2462.926228377234,1.0874588962837135
276,death_30,early,0.07758732027116526,543.5732014384533,1.3669605613411016
276,death_30,not_completed,0.07758732027116526,2472.9425050217756,1.081710485825605
276,composite_90,early,0.09900784392898825,443.49523826687766,1.4215908186028794
276,composite_90,not_completed,0.09900784392898825,1999.1501429233435,1.0910137082230065
276,composite_30_conservative_dmonth,early,0.08949357728260172,502.54899870602856,1.4082715890138813
276,composite_30_conservative_dmonth,not_completed,0.08949357728260172,2228.8691068420662,1.089862599179363
276,composite_90_conservative_dmonth,early,0.10824075975281626,381.5321603130172,1.4923323860804811
276,composite_90_conservative_dmonth,not_completed,0.10824075975281626,1769.1605911729114,1.0967902405091963
277,composite_30,early,0.06886760520525283,551.0775887975244,1.2959561753772508
277,composite_30,not_completed,0.06886760520525283,2514.0502007921486,1.089280416412566
277,readmit_30,early,0.06888734880354046,550.818799927248,1.3195950721394898
277,readmit_30,not_completed,0.06888734880354046,2513.9105569469984,1.0947369460590701
277,death_30,early,0.06531673348901446,552.2459945831124,1.2982654603319088
277,death_30,not_completed,0.06531673348901446,2527.0981233363696,1.088135959696793
277,composite_90,early,0.08310821097156643,461.4801067647822,1.2644553143875543
277,composite_90,not_completed,0.08310821097156643,2008.1182776485405,1.095438049273213
277,composite_30_conservative_dmonth,early,0.07610344541335916,518.8139229090025,1.267775454497001
277,composite_30_conservative_dmonth,not_completed,0.07610344541335916,2268.1523407842037,1.0833814796877048
277,composite_90_conservative_dmonth,early,0.09499849731838776,395.8208912497865,1.2820720042960856
277,composite_90_conservative_dmonth,not_completed,0.09499849731838776,1758.2559929740146,1.0947427407909305
278,composite_30,early,0.07941093012554312,561.0607936600506,1.3550056566287425
278,composite_30,not_completed,0.07941093012554312,2425.0888272139996,1.1006711479096722
278,readmit_30,early,0.07944698303246026,560.9799087884793,1.3531684285791326
278,readmit_30,not_completed,0.07944698303246026,2424.9928568958817,1.1063284568792249
278,death_30,early,0.08112788107414656,561.0397955777432,1.3613341821928373
278,death_30,not_completed,0.08112788107414656,2439.093055407701,1.1025610315110133
278,composite_90,early,0.06921951891325319,477.79914619044007,1.3922812484745646
278,composite_90,not_completed,0.06921951891325319,2000.9867043133822,1.1209838043323221
278,composite_30_conservative_dmonth,early,0.07906643472399554,523.1122868626366,1.3826106938547258
278,composite_30_conservative_dmonth,not_completed,0.07906643472399554,2208.773273900864,1.1195010790573876
278,composite_90_conservative_dmonth,early,0.07849975710526205,410.0005899600143,1.368380778409323
278,composite_90_conservative_dmonth,not_completed,0.07849975710526205,1766.1634739805943,1.1324674108011503
279,composite_30,early,0.07693692785691811,580.4159689059658,1.3941276763041555
279,composite_30,not_completed,0.07693692785691811,2539.5614198377716,1.093824072594632
279,readmit_30,early,0.07692649142019203,580.4381953313572,1.3847840915136322
279,readmit_30,not_completed,0.07692649142019203,2539.52166298521,1.0976128572320951
279,death_30,early,0.07542194769144513,581.3114440423849,1.3953100733407133
279,death_30,not_completed,0.07542194769144513,2551.5633201879555,1.0946442434046049
279,composite_90,early,0.06470466037788491,484.1538597010571,1.3463014069948596
279,composite_90,not_completed,0.06470466037788491,2075.706905195772,1.1079989126875982
279,composite_30_conservative_dmonth,early,0.07009084996818904,547.3092168236818,1.3733902084165697
279,composite_30_conservative_dmonth,not_completed,0.07009084996818904,2320.697401370661,1.102072028960397
279,composite_90_conservative_dmonth,early,0.08030908145941536,410.9564885485875,1.4374169469761684
279,composite_90_conservative_dmonth,not_completed,0.08030908145941536,1798.4829603688306,1.1192203387824575
280,composite_30,early,0.07780617824584007,576.5845373120386,1.29056508035699
280,composite_30,not_completed,0.07780617824584007,2462.2623580274512,1.077168373685237
280,readmit_30,early,0.07772394652316132,577.0143758473376,1.2775235189350418
280,readmit_30,not_completed,0.07772394652316132,2462.337666755469,1.0752857128537676
280,death_30,early,0.07880332692015334,578.3740486760412,1.289384583141221
280,death_30,not_completed,0.07880332692015334,2474.147145755929,1.0886205566829723
280,composite_90,early,0.08377039979500818,467.02417017643336,1.3311655112843057
280,composite_90,not_completed,0.08377039979500818,1991.1523464205732,1.0879515489886877
280,composite_30_conservative_dmonth,early,0.07775497735584676,538.0801601262536,1.2592355109954647
280,composite_30_conservative_dmonth,not_completed,0.07775497735584676,2226.415878434868,1.0788068752675937
280,composite_90_conservative_dmonth,early,0.07884028082757258,406.213675088735,1.3822699748918656
280,composite_90_conservative_dmonth,not_completed,0.07884028082757258,1741.1046622925157,1.0998106873284224
281,composite_30,early,0.07689359892780097,559.0131658102241,1.2295949419634546
281,composite_30,not_completed,0.07689359892780097,2545.2358709927703,1.0691820478016805
281,readmit_30,early,0.07660692325374682,558.675103700014,1.2352414168555765
281,readmit_30,not_completed,0.07660692325374682,2545.0776101836104,1.071401366778615
281,death_30,early,0.0773564655177269,561.0468067464169,1.221620747747028
281,death_30,not_completed,0.0773564655177269,2557.2543378121363,1.0715551121641858
281,composite_90,early,0.09492357288089033,461.3877602122519,1.2980568177940512
281,composite_90,not_completed,0.09492357288089033,2068.278089508729,1.0759357667090448
281,composite_30_conservative_dmonth,early,0.09289905822939623,523.418346893535,1.2552690090314689
281,composite_30_conservative_dmonth,not_completed,0.09289905822939623,2301.3219246781055,1.0687438399902078
281,composite_90_conservative_dmonth,early,0.09193904323669089,396.40727525866214,1.3801406330872463
281,composite_90_conservative_dmonth,not_completed,0.09193904323669089,1805.231325496442,1.0890882594486584
282,composite_30,early,0.07482066152780349,552.5202740334377,1.434639900329128
282,composite_30,not_completed,0.07482066152780349,2420.7005488419604,1.0990894729380887
282,readmit_30,early,0.07464980058682096,552.8337608881053,1.4020252895991956
282,readmit_30,not_completed,0.07464980058682096,2420.8091158189704,1.0955393729522667
282,death_30,early,0.07476455870880488,553.5784283012665,1.4400809569212383
282,death_30,not_completed,0.07476455870880488,2434.7330234242163,1.0984127252424813
282,composite_90,early,0.08271407513995764,460.59116536313087,1.4873356860409632
282,composite_90,not_completed,0.08271407513995764,1967.721931908434,1.114293952454961
282,composite_30_conservative_dmonth,early,0.07374083782267307,517.7551334232102,1.4096884797698368
282,composite_30_conservative_dmonth,not_completed,0.07374083782267307,2169.588984679445,1.0977611452746527
282,composite_90_conservative_dmonth,early,0.09718857295376418,394.8026576722266,1.5888464459611165
282,composite_90_conservative_dmonth,not_completed,0.09718857295376418,1739.483796770668,1.1298692261131291
283,composite_30,early,0.08141608214895082,584.1746490397906,1.3812043117196708
283,composite_30,not_completed,0.08141608214895082,2628.6567166920395,1.0928200959765133
283,readmit_30,early,0.0814567674073912,584.1610933831801,1.3706697354924111
283,readmit_30,not_completed,0.0814567674073912,2628.600916593354,1.091492635072581
283,death_30,early,0.08223076308518819,584.4803115797604,1.3654959935918987
283,death_30,not_completed,0.08223076308518819,2639.7025364487968,1.0915805339484628
283,composite_90,early,0.08218709362437182,482.5366950021071,1.3829094532066721
283,composite_90,not_completed,0.08218709362437182,2113.621967951275,1.0979978109567408
283,composite_30_conservative_dmonth,early,0.08531655004946286,542.5182555108104,1.3437976422647517
283,composite_30_conservative_dmonth,not_completed,0.08531655004946286,2373.066670483498,1.0831119263452806
283,composite_90_conservative_dmonth,early,0.10090603304867762,408.0715025303391,1.4690952581396113
283,composite_90_conservative_dmonth,not_completed,0.10090603304867762,1861.3554972009606,1.1097046396663544
284,composite_30,early,0.07133342071171682,578.7583248829204,1.3677285650872344
284,composite_30,not_completed,0.07133342071171682,2596.9467518267315,1.0783289311796824
284,readmit_30,early,0.07120423116322445,578.8966042722685,1.3562606619453048
284,readmit_30,not_completed,0.07120423116322445,2596.949292228462,1.0801904644320754
284,death_30,early,0.075235578270035,580.7444790431707,1.3480093163391398
284,death_30,not_completed,0.075235578270035,2607.9405450445074,1.076498742328166
284,composite_90,early,0.0716986742517791,474.1094057077755,1.4133040776959098
284,composite_90,not_completed,0.0716986742517791,2106.9312353737573,1.0916643075306516
284,composite_30_conservative_dmonth,early,0.07668075001498106,541.7285582970222,1.3864761237389216
284,composite_30_conservative_dmonth,not_completed,0.07668075001498106,2355.7456143682093,1.087833787652309
284,composite_90_conservative_dmonth,early,0.08094367341746789,407.53566291327735,1.4193760967467246
284,composite_90_conservative_dmonth,not_completed,0.08094367341746789,1803.6133433408916,1.1051286117918693
285,composite_30,early,0.0982271081002639,557.2661568314813,1.406470901216438
285,composite_30,not_completed,0.0982271081002639,2439.064525159934,1.0844420926130527
285,readmit_30,early,0.0982824151446587,557.4553787845015,1.3474758018136164
285,readmit_30,not_completed,0.0982824151446587,2439.0874397033194,1.0857349022711074
285,death_30,early,0.09711880071583298,558.704953753011,1.3482802785631647
285,death_30,not_completed,0.09711880071583298,2453.1737306230307,1.081029329601094
285,composite_90,early,0.09588993645724478,478.1807327154662,1.3083202376744147
285,composite_90,not_completed,0.09588993645724478,2015.2012901337966,1.0865028096143239
285,composite_30_conservative_dmonth,early,0.09969289092778429,524.5255442063072,1.338451195970107
285,composite_30_conservative_dmonth,not_completed,0.09969289092778429,2231.045809937673,1.0859911058808818
285,composite_90_conservative_dmonth,early,0.09675256668490943,407.3774256461075,1.3169081645871568
285,composite_90_conservative_dmonth,not_completed,0.09675256668490943,1774.3508083089646,1.0886465310313234
286,composite_30,early,0.08146539984860819,568.0371072873529,1.3329200136855481
286,composite_30,not_completed,0.08146539984860819,2591.019766252255,1.0793872233439896
286,readmit_30,early,0.08144212482477915,568.3207309239785,1.3258882936233485
286,readmit_30,not_completed,0.08144212482477915,2591.107543224536,1.0784237984728944
286,death_30,early,0.07716275611387538,569.994053091791,1.3262010416740329
286,death_30,not_completed,0.07716275611387538,2604.0196729219206,1.077534229300278
286,composite_90,early,0.08264210682840524,476.2031098897507,1.3191314374875576
286,composite_90,not_completed,0.08264210682840524,2040.1503843785229,1.0790273659463363
286,composite_30_conservative_dmonth,early,0.08391971294735467,526.790141336542,1.3487225729118024
286,composite_30_conservative_dmonth,not_completed,0.08391971294735467,2316.7778721833997,1.0833583325843281
286,composite_90_conservative_dmonth,early,0.09368107397158469,409.9753309435205,1.3152377828684012
286,composite_90_conservative_dmonth,not_completed,0.09368107397158469,1771.3370908795555,1.0881474418005879
287,composite_30,early,0.08628518634012362,595.5002428362897,1.2661698929307523
287,composite_30,not_completed,0.08628518634012362,2566.217743635009,1.0691511626584072
287,readmit_30,early,0.08631743942857154,595.5238953702826,1.2621428078110402
287,readmit_30,not_completed,0.08631743942857154,2566.2203665548423,1.0707476916885872
287,death_30,early,0.08733075900693983,596.5181675835894,1.2697628341094038
287,death_30,not_completed,0.08733075900693983,2582.2232325848545,1.0684529286111275
287,composite_90,early,0.08945738216537089,488.8970939942626,1.3116936941111907
287,composite_90,not_completed,0.08945738216537089,2118.394229751202,1.0760521040349975
287,composite_30_conservative_dmonth,early,0.08734727802158844,555.8139449206835,1.2526015872886738
287,composite_30_conservative_dmonth,not_completed,0.08734727802158844,2345.273777256434,1.0683939534615199
287,composite_90_conservative_dmonth,early,0.10213995593280248,406.9658221869545,1.3247718189219027
287,composite_90_conservative_dmonth,not_completed,0.10213995593280248,1801.27281568785,1.0881310971602356
288,composite_30,early,0.0766000438948123,573.9026900073455,1.2573451179330626
288,composite_30,not_completed,0.0766000438948123,2578.1922378279487,1.0710677741314805
288,readmit_30,early,0.07653190848224392,573.794205803411,1.256652491846563
288,readmit_30,not_completed,0.07653190848224392,2578.1313901742433,1.0751041623497783
288,death_30,early,0.07608663055299349,575.0762921522722,1.2463770410895088
288,death_30,not_completed,0.07608663055299349,2589.274183487102,1.0678903477526416
288,composite_90,early,0.09488693565766743,484.1155112705832,1.2667292615433066
288,composite_90,not_completed,0.09488693565766743,2046.0199545255946,1.090176762196332
288,composite_30_conservative_dmonth,early,0.09568057664024145,540.0917273687713,1.2450155728531933
288,composite_30_conservative_dmonth,not_completed,0.09568057664024145,2314.9526382853765,1.0824639880528906
288,composite_90_conservative_dmonth,early,0.10186320606550962,413.5094271902053,1.3306656892754476
288,composite_90_conservative_dmonth,not_completed,0.10186320606550962,1802.791690580211,1.092872983963417
289,composite_30,early,0.07155638813768254,589.2008907689897,1.2421591344170717
289,composite_30,not_completed,0.07155638813768254,2555.3671933016603,1.0682464810352834
289,readmit_30,early,0.07156376162609523,589.1391844906125,1.2367633032834673
289,readmit_30,not_completed,0.07156376162609523,2555.3408303318647,1.0686224853476767
289,death_30,early,0.07051835557591743,591.2225812759104,1.2329638041960707
289,death_30,not_completed,0.07051835557591743,2564.3927608269955,1.06657787496177
289,composite_90,early,0.09001432975238238,483.81311389579895,1.2976080457271697
289,composite_90,not_completed,0.09001432975238238,2053.3948275766375,1.0799309668209323
289,composite_30_conservative_dmonth,early,0.07676006203620726,552.1976166238998,1.2525063723139909
289,composite_30_conservative_dmonth,not_completed,0.07676006203620726,2321.3401739351784,1.0776779954463311
289,composite_90_conservative_dmonth,early,0.09154778677214243,410.5492835258018,1.3580149850202101
289,composite_90_conservative_dmonth,not_completed,0.09154778677214243,1803.8761714148138,1.0987651489463837
290,composite_30,early,0.07904978861145923,573.8545396125403,1.4152937836032162
290,composite_30,not_completed,0.07904978861145923,2533.003433827999,1.0917820961021834
290,readmit_30,early,0.07906843543497116,573.9231551985786,1.4053587731429638
290,readmit_30,not_completed,0.07906843543497116,2532.981852838984,1.092697791706296
290,death_30,early,0.07808589864521527,575.2260448569905,1.4104051781569238
290,death_30,not_completed,0.07808589864521527,2544.0757590243165,1.088514577986675
290,composite_90,early,0.0726395511077832,470.3646285185739,1.4253243987521012
290,composite_90,not_completed,0.0726395511077832,2071.375737735513,1.0820292015677782
290,composite_30_conservative_dmonth,early,0.07838151712393737,530.9770020334187,1.4340883261181514
290,composite_30_conservative_dmonth,not_completed,0.07838151712393737,2299.1969459469487,1.0872267370874578
290,composite_90_conservative_dmonth,early,0.08462893306202145,397.51305124490125,1.4549431610455172
290,composite_90_conservative_dmonth,not_completed,0.08462893306202145,1808.9626090118882,1.1035696608179244
291,composite_30,early,0.08989604902005309,568.6576005100789,1.2702060218436737
291,composite_30,not_completed,0.08989604902005309,2548.948103805592,1.0896665775413519
291,readmit_30,early,0.08986913887638565,568.7178397711283,1.2836233468757379
291,readmit_30,not_completed,0.08986913887638565,2548.951777193457,1.0882951686516944
291,death_30,early,0.09188176606502986,570.7547608500719,1.263942174698099
291,death_30,not_completed,0.09188176606502986,2556.9809069190565,1.0879991857176607
291,composite_90,early,0.09203395582544528,478.1157280318083,1.321652885835443
291,composite_90,not_completed,0.09203395582544528,2095.1477769864036,1.0964100313835223
291,composite_30_conservative_dmonth,early,0.0979052370369716,531.3422249533588,1.3203370841454436
291,composite_30_conservative_dmonth,not_completed,0.0979052370369716,2321.721484221708,1.1077826660607566
291,composite_90_conservative_dmonth,early,0.09592458914796824,406.96303883257633,1.3762649249908485
291,composite_90_conservative_dmonth,not_completed,0.09592458914796824,1855.9350145391873,1.1155368916654693
292,composite_30,early,0.0912546460250094,553.6812446881817,1.3241970356666666
292,composite_30,not_completed,0.0912546460250094,2492.941677878448,1.0790139527271037
292,readmit_30,early,0.09110722709816693,554.2839690511515,1.2923084416719415
292,readmit_30,not_completed,0.09110722709816693,2493.1182352780925,1.0721684500744468
292,death_30,early,0.09125826487345011,555.7105705740204,1.3254200910981722
292,death_30,not_completed,0.09125826487345011,2503.938817483346,1.0783862169217289
292,composite_90,early,0.08023623742228331,450.8593005055566,1.345461198706679
292,composite_90,not_completed,0.08023623742228331,2015.319016481931,1.0845215816004403
292,composite_30_conservative_dmonth,early,0.08304385156069041,515.9787191498747,1.2915592047225923
292,composite_30_conservative_dmonth,not_completed,0.08304385156069041,2255.2475233176856,1.0813907506705551
292,composite_90_conservative_dmonth,early,0.1006221726754117,367.13805124418525,1.3823926575855336
292,composite_90_conservative_dmonth,not_completed,0.1006221726754117,1724.4168535069418,1.094819614487204
293,composite_30,early,0.0723705263427818,562.1739788003399,1.3394751704918992
293,composite_30,not_completed,0.0723705263427818,2472.9703580361656,1.082162173940629
293,readmit_30,early,0.07244731738460612,562.1056501002657,1.3343082000000932
293,readmit_30,not_completed,0.07244731738460612,2472.9160280037013,1.0859693503329013
293,death_30,early,0.07299603740592762,563.9979935048777,1.3376768119259907
293,death_30,not_completed,0.07299603740592762,2488.904539087772,1.083250108073204
293,composite_90,early,0.07438438012228225,459.02021485672225,1.4041096812188685
293,composite_90,not_completed,0.07438438012228225,1989.4884169374088,1.112501981670562
293,composite_30_conservative_dmonth,early,0.07355480314617517,520.3158509047396,1.3340520790792476
293,composite_30_conservative_dmonth,not_completed,0.07355480314617517,2249.5210581284528,1.095157596495652
293,composite_90_conservative_dmonth,early,0.08585489833219878,394.10262354742974,1.4572169353739688
293,composite_90_conservative_dmonth,not_completed,0.08585489833219878,1733.3260615411673,1.1371122396161786
294,composite_30,early,0.08654591675981792,581.3806785514078,1.357863865705151
294,composite_30,not_completed,0.08654591675981792,2487.3848618189168,1.1119971327821176
294,readmit_30,early,0.08651129367346662,581.2696237986083,1.3800562104016922
294,readmit_30,not_completed,0.08651129367346662,2487.31356789131,1.1138504460752094
294,death_30,early,0.0895878464003014,583.4896686821189,1.349347469383959
294,death_30,not_completed,0.0895878464003014,2502.4040217551883,1.1071734143691145
294,composite_90,early,0.09164398437190362,477.31192636670795,1.4130900945468468
294,composite_90,not_completed,0.09164398437190362,2003.3331784782154,1.1178239367572693
294,composite_30_conservative_dmonth,early,0.08967265304043971,537.4595927822163,1.341674852636133
294,composite_30_conservative_dmonth,not_completed,0.08967265304043971,2241.7583269237984,1.1036616389593792
294,composite_90_conservative_dmonth,early,0.08728948742631956,410.13596850957634,1.429545615359442
294,composite_90_conservative_dmonth,not_completed,0.08728948742631956,1755.6267383271104,1.1206063464241824
295,composite_30,early,0.07117061688010864,561.547035503064,1.3964496097520982
295,composite_30,not_completed,0.07117061688010864,2448.03726894351,1.0898430970321487
295,readmit_30,early,0.07107132896498201,561.6623762021446,1.3840519211017355
295,readmit_30,not_completed,0.07107132896498201,2448.0131944975037,1.089137217472535
295,death_30,early,0.07149084751166238,563.0501952509214,1.4188242423074529
295,death_30,not_completed,0.07149084751166238,2460.956792535368,1.0914993789942318
295,composite_90,early,0.07748258809272708,462.4516577368827,1.3488986483912908
295,composite_90,not_completed,0.07748258809272708,2001.04990860789,1.0957454757873448
295,composite_30_conservative_dmonth,early,0.07694330850353741,520.0698928886495,1.2986838927653435
295,composite_30_conservative_dmonth,not_completed,0.07694330850353741,2211.2810953775424,1.0796158961078852
295,composite_90_conservative_dmonth,early,0.08867375001246221,391.5416594841659,1.359446629924875
295,composite_90_conservative_dmonth,not_completed,0.08867375001246221,1710.0283081333014,1.1027638021857389
296,composite_30,early,0.08149092424315256,579.8782369537951,1.3489923108564308
296,composite_30,not_completed,0.08149092424315256,2593.333691907792,1.0883694480355197
296,readmit_30,early,0.08170921917898043,580.2353540846975,1.3300659721543908
296,readmit_30,not_completed,0.08170921917898043,2593.3265361045624,1.094482235572573
296,death_30,early,0.08119269364437764,580.841191407869,1.352566829865933
296,death_30,not_completed,0.08119269364437764,2604.338001152268,1.0880587439754925
296,composite_90,early,0.07192197988464803,489.89847169787924,1.360543518790551
296,composite_90,not_completed,0.07192197988464803,2089.4265655835666,1.0969107648937428
296,composite_30_conservative_dmonth,early,0.08017060120641646,540.9367890507165,1.381519649173336
296,composite_30_conservative_dmonth,not_completed,0.08017060120641646,2343.3727281286256,1.0875746691034915
296,composite_90_conservative_dmonth,early,0.0779215901253143,428.0804885429038,1.3956356663963958
296,composite_90_conservative_dmonth,not_completed,0.0779215901253143,1838.2191164560875,1.116570874936283
297,composite_30,early,0.08259568422937862,533.3758890066092,1.3580486632277216
297,composite_30,not_completed,0.08259568422937862,2419.069534761073,1.0936867039524245
297,readmit_30,early,0.08257811870824976,533.4708464810826,1.3559823161482396
297,readmit_30,not_completed,0.08257811870824976,2419.1268897042464,1.0926567026476954
297,death_30,early,0.08153198034314282,535.9388170096332,1.3482550760925083
297,death_30,not_completed,0.08153198034314282,2428.178529505053,1.0915412171262335
297,composite_90,early,0.08746315525527752,437.932912636366,1.3382084952313145
297,composite_90,not_completed,0.08746315525527752,1929.3302673678518,1.0943312664667189
297,composite_30_conservative_dmonth,early,0.0752718075190838,497.92089980898066,1.372554350332808
297,composite_30_conservative_dmonth,not_completed,0.0752718075190838,2183.1048054737757,1.098373330458705
297,composite_90_conservative_dmonth,early,0.10567607624025642,362.897932296768,1.3945185501988513
297,composite_90_conservative_dmonth,not_completed,0.10567607624025642,1650.1319576104431,1.1083438284475169
298,composite_30,early,0.0745647083665334,581.156792801282,1.2916112441456298
298,composite_30,not_completed,0.0745647083665334,2648.1931573711486,1.0779703974250507
298,readmit_30,early,0.07463266716385995,580.7807857318577,1.3170173623571308
298,readmit_30,not_completed,0.07463266716385995,2648.03330761411,1.0847192504707168
298,death_30,early,0.07263996028369633,583.2367491737405,1.292819774633371
298,death_30,not_completed,0.07263996028369633,2658.215260617215,1.0753880797299529
298,composite_90,early,0.08244683340186452,482.4523689398284,1.326880841351394
298,composite_90,not_completed,0.08244683340186452,2122.001398903245,1.0908834355046786
298,composite_30_conservative_dmonth,early,0.07709312048055154,542.6211467063251,1.3102165488484665
298,composite_30_conservative_dmonth,not_completed,0.07709312048055154,2382.1484296149874,1.088216314837986
298,composite_90_conservative_dmonth,early,0.1021817947755957,414.05690887468677,1.398940942906266
298,composite_90_conservative_dmonth,not_completed,0.1021817947755957,1860.8141309095045,1.0978403033288997
299,composite_30,early,0.07162761115454745,562.0718674642893,1.2831057511663864
299,composite_30,not_completed,0.07162761115454745,2502.135012375186,1.0794765754482052
299,readmit_30,early,0.07161247621452178,562.0235790995196,1.2829435612574345
299,readmit_30,not_completed,0.07161247621452178,2502.062954182684,1.08300534629478
299,death_30,early,0.06979135395443581,561.8316447822959,1.3005911871689697
299,death_30,not_completed,0.06979135395443581,2516.079914108827,1.0812423208110344
299,composite_90,early,0.07878727359378263,468.0084859482866,1.3511973663113253
299,composite_90,not_completed,0.07878727359378263,2002.9566914433142,1.0930375645240813
299,composite_30_conservative_dmonth,early,0.07202711959073894,525.9087210841006,1.2928010271758263
299,composite_30_conservative_dmonth,not_completed,0.07202711959073894,2249.9458635870337,1.0939514459725792
299,composite_90_conservative_dmonth,early,0.08017796756258429,404.63895894255535,1.4269571975714752
299,composite_90_conservative_dmonth,not_completed,0.08017796756258429,1765.472559288835,1.1198321393461501
300,composite_30,early,0.07183986191212846,549.6331255068997,1.3840730423698262
300,composite_30,not_completed,0.07183986191212846,2509.8385308422157,1.093477608939693
300,readmit_30,early,0.07193007052878661,549.6416656706024,1.3814100140256587
300,readmit_30,not_completed,0.07193007052878661,2509.8458985881075,1.0937178928757643
300,death_30,early,0.07140349119038959,550.3697297904811,1.3851180421286788
300,death_30,not_completed,0.07140349119038959,2520.777081498277,1.0931670792086945
300,composite_90,early,0.07911620530827931,449.5200468061418,1.3973264428972882
300,composite_90,not_completed,0.07911620530827931,2020.0449689607115,1.0989840363147716
300,composite_30_conservative_dmonth,early,0.0841482045407324,506.84001525579555,1.3565004483269407
300,composite_30_conservative_dmonth,not_completed,0.0841482045407324,2226.188135877071,1.0976007814502784
300,composite_90_conservative_dmonth,early,0.08281427053510501,386.36351896262596,1.453210850377856
300,composite_90_conservative_dmonth,not_completed,0.08281427053510501,1713.850013709872,1.1132397279931852
301,composite_30,early,0.06669259203641595,528.2595666021033,1.3029660090657122
301,composite_30,not_completed,0.06669259203641595,2452.333802466792,1.0660945263245147
301,readmit_30,early,0.06672544874560148,528.1262331128165,1.3038630531477733
301,readmit_30,not_completed,0.06672544874560148,2452.3016817293064,1.0669486784687299
301,death_30,early,0.0657234603184138,529.1171103127077,1.2938027529767293
301,death_30,not_completed,0.0657234603184138,2464.284435279895,1.0657521657804119
301,composite_90,early,0.05657300417737588,440.3635873066985,1.338537087975439
301,composite_90,not_completed,0.05657300417737588,1984.1427726522954,1.0793482272539967
301,composite_30_conservative_dmonth,early,0.06099547268166966,494.37916241014875,1.3032968099004008
301,composite_30_conservative_dmonth,not_completed,0.06099547268166966,2234.210914961037,1.0733422490285591
301,composite_90_conservative_dmonth,early,0.07470358708899469,370.76020004554516,1.3379564563073032
301,composite_90_conservative_dmonth,not_completed,0.07470358708899469,1726.2923600817537,1.0860853613904795
302,composite_30,early,0.10269587440948588,559.6690776124143,1.3189121595408004
302,composite_30,not_completed,0.10269587440948588,2556.092331031309,1.076581537412755
302,readmit_30,early,0.10271595547888264,559.7205265382973,1.3167322721259442
302,readmit_30,not_completed,0.10271595547888264,2556.101386040286,1.0769593845311096
302,death_30,early,0.1013404000169594,561.5903047797694,1.320344092437878
302,death_30,not_completed,0.1013404000169594,2564.0837503512926,1.075376153021401
302,composite_90,early,0.09112333143396043,459.92035602769727,1.3650590608788968
302,composite_90,not_completed,0.09112333143396043,2089.1595578323595,1.0883117028015663
302,composite_30_conservative_dmonth,early,0.09376142897451703,519.9736126562955,1.363661515913982
302,composite_30_conservative_dmonth,not_completed,0.09376142897451703,2318.8998317731334,1.0850509462513582
302,composite_90_conservative_dmonth,early,0.11341312694822828,391.58059815899946,1.3787538251191693
302,composite_90_conservative_dmonth,not_completed,0.11341312694822828,1831.343185229314,1.0870719292735433
303,composite_30,early,0.08339921037729624,533.4214299806238,1.4777734056678393
303,composite_30,not_completed,0.08339921037729624,2470.9508365772185,1.11747745911265
303,readmit_30,early,0.08358695391294234,532.9728812905167,1.4869121022826923
303,readmit_30,not_completed,0.08358695391294234,2470.8314094795705,1.1174784796163015
303,death_30,early,0.08323897520337183,534.1459005760063,1.4769132566128407
303,death_30,not_completed,0.08323897520337183,2482.922429849787,1.1211301129510893
303,composite_90,early,0.09373650475196639,447.5785684761723,1.4110060686004404
303,composite_90,not_completed,0.09373650475196639,2067.8159978154345,1.0940356337933164
303,composite_30_conservative_dmonth,early,0.09244996458722943,503.0497228399426,1.4532583117655433
303,composite_30_conservative_dmonth,not_completed,0.09244996458722943,2271.494521497717,1.103954778571484
303,composite_90_conservative_dmonth,early,0.10292029715955846,380.3612332195289,1.4763561418822635
303,composite_90_conservative_dmonth,not_completed,0.10292029715955846,1824.8742988018425,1.1005523472219372
304,composite_30,early,0.08016008291762099,580.8679756637197,1.2547336410760026
304,composite_30,not_completed,0.08016008291762099,2543.3346568332586,1.070500839693676
304,readmit_30,early,0.08009946174462136,581.0536677668674,1.2533890844139226
304,readmit_30,not_completed,0.08009946174462136,2543.332171144019,1.0701968959385928
304,death_30,early,0.07760743812745992,582.6762009634931,1.266459308967309
304,death_30,not_completed,0.07760743812745992,2553.298729460198,1.0724881955496253
304,composite_90,early,0.08148501455738762,476.1361385639122,1.2892215559938875
304,composite_90,not_completed,0.08148501455738762,2063.4891840714486,1.0818760677485975
304,composite_30_conservative_dmonth,early,0.0878200559768006,541.7878194520632,1.2567053769029015
304,composite_30_conservative_dmonth,not_completed,0.0878200559768006,2289.2092823632406,1.0753517416793312
304,composite_90_conservative_dmonth,early,0.07195273037509352,395.1291342305587,1.3419283796132953
304,composite_90_conservative_dmonth,not_completed,0.07195273037509352,1765.3181489328986,1.0988352108412192
305,composite_30,early,0.08098170233634774,569.1661521951632,1.3048571780933385
305,composite_30,not_completed,0.08098170233634774,2598.2598776283357,1.0768535274813071
305,readmit_30,early,0.08100954140368108,569.4335236852676,1.298188494423366
305,readmit_30,not_completed,0.08100954140368108,2598.2997557399926,1.0771911106673027
305,death_30,early,0.07894688074936615,570.0051496278062,1.306849373472897
305,death_30,not_completed,0.07894688074936615,2609.232210031863,1.0785073533559926
305,composite_90,early,0.07862798670705001,468.04606967574074,1.4080150602131436
305,composite_90,not_completed,0.07862798670705001,2098.6499597288293,1.1045402385868575
305,composite_30_conservative_dmonth,early,0.07908545550199378,529.2312529375893,1.3294653362450297
305,composite_30_conservative_dmonth,not_completed,0.07908545550199378,2345.8315713758834,1.0955119471457369
305,composite_90_conservative_dmonth,early,0.08265092911256662,406.26283863599656,1.4374462009487095
305,composite_90_conservative_dmonth,not_completed,0.08265092911256662,1849.3339386447358,1.1260073796223242
306,composite_30,early,0.06973799732300424,558.0562353264547,1.3276230686153754
306,composite_30,not_completed,0.06973799732300424,2523.5305220232804,1.0968562165257896
306,readmit_30,early,0.0696974037003548,558.3790651803286,1.3137431720701707
306,readmit_30,not_completed,0.0696974037003548,2523.624137687627,1.0946804734697515
306,death_30,early,0.06475347042558277,559.3756234255676,1.344477201748129
306,death_30,not_completed,0.06475347042558277,2534.3616030049157,1.0994847643833354
306,composite_90,early,0.07914325541022313,462.2887237901209,1.4469514477858558
306,composite_90,not_completed,0.07914325541022313,2050.3480314566386,1.1192184641205905
306,composite_30_conservative_dmonth,early,0.07870189285769125,519.4719957076011,1.3822729027771552
306,composite_30_conservative_dmonth,not_completed,0.07870189285769125,2292.435716698783,1.0986342139447518
306,composite_90_conservative_dmonth,early,0.08275204983889944,396.20343930785674,1.4984730215705768
306,composite_90_conservative_dmonth,not_completed,0.08275204983889944,1807.4065080969892,1.1181082866881742
307,composite_30,early,0.07487039287404176,558.5837281817082,1.35980963828211
307,composite_30,not_completed,0.07487039287404176,2458.9043059815735,1.0836750372996906
307,readmit_30,early,0.0748786867911234,558.5638387488732,1.366306797162546
307,readmit_30,not_completed,0.0748786867911234,2458.9023607442177,1.0846727697509617
307,death_30,early,0.07515222653456562,560.2192807970163,1.341521955319768
307,death_30,not_completed,0.07515222653456562,2470.014139231556,1.0789362061850616
307,composite_90,early,0.0780387146970027,462.48555592924754,1.4365805879676825
307,composite_90,not_completed,0.0780387146970027,1983.8090972189782,1.0908651079750842
307,composite_30_conservative_dmonth,early,0.07271509653092983,520.0864294928035,1.3932639116608865
307,composite_30_conservative_dmonth,not_completed,0.07271509653092983,2221.7726789535886,1.0917520614448673
307,composite_90_conservative_dmonth,early,0.09619761444301846,391.4138659941848,1.484774749281238
307,composite_90_conservative_dmonth,not_completed,0.09619761444301846,1689.6695971196891,1.1066022500638604
308,composite_30,early,0.07142120773293005,571.3549222282664,1.3075789017996542
308,composite_30,not_completed,0.07142120773293005,2505.1680945577928,1.0736253945264755
308,readmit_30,early,0.07140600942864692,571.3567591033924,1.290783539915495
308,readmit_30,not_completed,0.07140600942864692,2505.116756840112,1.080216169106757
308,death_30,early,0.07121560691446718,572.5824797893858,1.2916568766966372
308,death_30,not_completed,0.07121560691446718,2518.2346505483724,1.0740050640050116
308,composite_90,early,0.07420171706989372,471.0752391160127,1.2863812299469097
308,composite_90,not_completed,0.07420171706989372,2065.3762201742115,1.0809404426982316
308,composite_30_conservative_dmonth,early,0.06886584611007397,527.2073048107798,1.3257574105990206
308,composite_30_conservative_dmonth,not_completed,0.06886584611007397,2276.0915661683384,1.0823038649070404
308,composite_90_conservative_dmonth,early,0.08257154391479918,403.7553747926536,1.3349397690661005
308,composite_90_conservative_dmonth,not_completed,0.08257154391479918,1801.211008603607,1.096646097360276
309,composite_30,early,0.0783116818800226,566.4912209410178,1.2399708767712652
309,composite_30,not_completed,0.0783116818800226,2430.3354289546364,1.0631769011116519
309,readmit_30,early,0.07822887192406093,566.8118313219576,1.2310812836376261
309,readmit_30,not_completed,0.07822887192406093,2430.4134015930886,1.0622521115560666
309,death_30,early,0.07589382139351838,567.9135053191553,1.2282922270053591
309,death_30,not_completed,0.07589382139351838,2441.4735358697276,1.058271033975079
309,composite_90,early,0.0857000861902804,472.13973035230043,1.292863901384297
309,composite_90,not_completed,0.0857000861902804,1990.508563466973,1.0691593775913006
309,composite_30_conservative_dmonth,early,0.07662133350519351,533.3677573031846,1.2436160272237367
309,composite_30_conservative_dmonth,not_completed,0.07662133350519351,2209.5236156654505,1.0610371461070496
309,composite_90_conservative_dmonth,early,0.0998420507529112,402.7473236353789,1.3734963234722226
309,composite_90_conservative_dmonth,not_completed,0.0998420507529112,1733.4180449395053,1.0806568730488306
310,composite_30,early,0.07235892756150357,597.1063206775831,1.302772229059137
310,composite_30,not_completed,0.07235892756150357,2623.226198646385,1.0700113791715926
310,readmit_30,early,0.0723349482630796,597.1999728505625,1.2943668634536827
310,readmit_30,not_completed,0.0723349482630796,2623.2237200632253,1.0734618096102915
310,death_30,early,0.07399460811620574,599.1488257129874,1.2699246202749512
310,death_30,not_completed,0.07399460811620574,2637.2178481540764,1.0729086711442015
310,composite_90,early,0.08012688094170577,503.2575101491613,1.2988374971228123
310,composite_90,not_completed,0.08012688094170577,2109.204346741788,1.0759204517441308
310,composite_30_conservative_dmonth,early,0.08158980406372641,561.4038739961501,1.3255868455691882
310,composite_30_conservative_dmonth,not_completed,0.08158980406372641,2366.9460996976595,1.0780925661679785
310,composite_90_conservative_dmonth,early,0.07364907694303206,425.65625378341224,1.3116749622800188
310,composite_90_conservative_dmonth,not_completed,0.07364907694303206,1874.3839376999827,1.0800853443271792
311,composite_30,early,0.06688115960856766,560.0894989050621,1.2803373964221645
311,composite_30,not_completed,0.06688115960856766,2539.7634645832622,1.1138958248161808
311,readmit_30,early,0.06682181386457882,560.3235942655475,1.28597892815309
311,readmit_30,not_completed,0.06682181386457882,2539.8462866767986,1.11226305726285
311,death_30,early,0.06681323458175595,559.6216660474006,1.2843204134214727
311,death_30,not_completed,0.06681323458175595,2548.646859572985,1.113227499277452
311,composite_90,early,0.06532466472126985,468.6647261757082,1.3207494969336124
311,composite_90,not_completed,0.06532466472126985,2062.8092903745537,1.1148437726388882
311,composite_30_conservative_dmonth,early,0.0663634910777616,520.3291207725565,1.3212665915185187
311,composite_30_conservative_dmonth,not_completed,0.0663634910777616,2288.6427616000574,1.1273175091088472
311,composite_90_conservative_dmonth,early,0.06631645263950313,391.3857720291281,1.3379373341151666
311,composite_90_conservative_dmonth,not_completed,0.06631645263950313,1770.587686170506,1.1511005403982568
312,composite_30,early,0.07587504669346523,560.692930995199,1.2791943781149786
312,composite_30,not_completed,0.07587504669346523,2561.3836332945593,1.0698109917873724
312,readmit_30,early,0.07606863338233436,560.247568453598,1.2803650427326856
312,readmit_30,not_completed,0.07606863338233436,2561.238172051899,1.0745988519727365
312,death_30,early,0.07624981728665081,561.3030566662718,1.2865695115197864
312,death_30,not_completed,0.07624981728665081,2579.2790874470447,1.0710816824567355
312,composite_90,early,0.07938073580281514,468.43952126145524,1.3381910923633022
312,composite_90,not_completed,0.07938073580281514,2090.3239455731255,1.0788053160760973
312,composite_30_conservative_dmonth,early,0.08085930289338518,526.442964188278,1.2969362513591678
312,composite_30_conservative_dmonth,not_completed,0.08085930289338518,2315.240692945332,1.0721378715466077
312,composite_90_conservative_dmonth,early,0.07247651064404873,403.2503783268511,1.3930777446688936
312,composite_90_conservative_dmonth,not_completed,0.07247651064404873,1833.376388141511,1.0852996084668705
313,composite_30,early,0.0811562431626596,548.1523330991805,1.417523784814215
313,composite_30,not_completed,0.0811562431626596,2502.672901952716,1.0946492075169099
313,readmit_30,early,0.08114455772000202,548.0407340843789,1.422762915457044
313,readmit_30,not_completed,0.08114455772000202,2502.5681850079545,1.0989431217007857
313,death_30,early,0.08148693690015502,548.1882679259935,1.4336777358889206
313,death_30,not_completed,0.08148693690015502,2508.6437706630945,1.095214247565395
313,composite_90,early,0.062005176216350405,458.3559683600131,1.4467263350552833
313,composite_90,not_completed,0.062005176216350405,2086.8212874052147,1.1059258312018858
313,composite_30_conservative_dmonth,early,0.07764918335028194,512.0027975631907,1.4257822588264544
313,composite_30_conservative_dmonth,not_completed,0.07764918335028194,2287.6577060032782,1.0991039086812942
313,composite_90_conservative_dmonth,early,0.07735440065117177,387.14665162910984,1.4553672050517477
313,composite_90_conservative_dmonth,not_completed,0.07735440065117177,1823.9040756103875,1.109580210020875
314,composite_30,early,0.08278904734974969,533.3567987801936,1.2880042922545585
314,composite_30,not_completed,0.08278904734974969,2455.425093704646,1.0697885355926233
314,readmit_30,early,0.08276756730487746,533.6022091290721,1.2810814915678557
314,readmit_30,not_completed,0.08276756730487746,2455.4965428581836,1.068304385079336
314,death_30,early,0.0808247395347608,534.4995459833752,1.31176044433151
314,death_30,not_completed,0.0808247395347608,2467.441437578772,1.0707375471139444
314,composite_90,early,0.08695834195290535,440.11693616357303,1.3024365949125485
314,composite_90,not_completed,0.08695834195290535,2014.5098695609804,1.093613368901482
314,composite_30_conservative_dmonth,early,0.08659556501262938,498.7075329454829,1.295962809237218
314,composite_30_conservative_dmonth,not_completed,0.08659556501262938,2230.428666782098,1.0772341690536016
314,composite_90_conservative_dmonth,early,0.10761949108057449,382.0443425664334,1.3221144188879157
314,composite_90_conservative_dmonth,not_completed,0.10761949108057449,1766.4458082302274,1.0983404592234782
315,composite_30,early,0.06408397960523,536.7055283639285,1.342197207213125
315,composite_30,not_completed,0.06408397960523,2362.2216434815095,1.0834306813986632
315,readmit_30,early,0.06413419488516885,536.7702438340501,1.3386814694169777
315,readmit_30,not_completed,0.06413419488516885,2362.2137164192527,1.0835773240400923
315,death_30,early,0.0631461294057025,538.8666171863994,1.3449723881932285
315,death_30,not_completed,0.0631461294057025,2373.241152141477,1.0816497478451927
315,composite_90,early,0.06689598511734457,449.7776240385828,1.3982757563195594
315,composite_90,not_completed,0.06689598511734457,1916.2281403567733,1.0966003034262417
315,composite_30_conservative_dmonth,early,0.07022904845913168,500.5602210801877,1.3692687934095853
315,composite_30_conservative_dmonth,not_completed,0.07022904845913168,2141.1509399612664,1.0916207293860545
315,composite_90_conservative_dmonth,early,0.0764927754462685,375.88015735933106,1.4724577783060142
315,composite_90_conservative_dmonth,not_completed,0.0764927754462685,1670.0441707475657,1.1095933751800653
316,composite_30,early,0.09981131437064918,593.5244852242536,1.2966457451701618
316,composite_30,not_completed,0.09981131437064918,2604.2476611638276,1.0795225323446562
316,readmit_30,early,0.09981577164024258,593.0967291809243,1.30223422477852
316,readmit_30,not_completed,0.09981577164024258,2604.1163733329954,1.083070637372759
316,death_30,early,0.09455659030336191,595.3141280589954,1.282260922881024
316,death_30,not_completed,0.09455659030336191,2615.153648175897,1.0828014962002968
316,composite_90,early,0.1031211271749998,495.1051173374037,1.3507865269186385
316,composite_90,not_completed,0.1031211271749998,2150.877551118824,1.086306814424676
316,composite_30_conservative_dmonth,early,0.09649023054982314,553.8253559117196,1.325657131979228
316,composite_30_conservative_dmonth,not_completed,0.09649023054982314,2396.8261738307256,1.0908668700119943
316,composite_90_conservative_dmonth,early,0.11759851688370118,424.34189546259773,1.3822691722800944
316,composite_90_conservative_dmonth,not_completed,0.11759851688370118,1872.876927446218,1.1025912883917666
317,composite_30,early,0.07865836239380061,584.7538309522864,1.3416024255555992
317,composite_30,not_completed,0.07865836239380061,2617.324766774053,1.0921972873880805
317,readmit_30,early,0.07857932416663589,585.2010122013681,1.3275830262467765
317,readmit_30,not_completed,0.07857932416663589,2617.456588982231,1.087357100685677
317,death_30,early,0.07899744377756879,585.0397911108242,1.33881895512582
317,death_30,not_completed,0.07899744377756879,2633.442681283553,1.089083269013902
317,composite_90,early,0.07813541139451943,488.99442703378224,1.393320783661332
317,composite_90,not_completed,0.07813541139451943,2115.7133848623603,1.0998219339170192
317,composite_30_conservative_dmonth,early,0.06966731548308294,549.8895259505607,1.3230931328509181
317,composite_30_conservative_dmonth,not_completed,0.06966731548308294,2369.6015921575795,1.0853682962357671
317,composite_90_conservative_dmonth,early,0.07657570754647604,414.56317608214994,1.4256028723296514
317,composite_90_conservative_dmonth,not_completed,0.07657570754647604,1822.1502583990853,1.1231420321532377
318,composite_30,early,0.06299354436116403,573.4780766290833,1.3720383113940262
318,composite_30,not_completed,0.06299354436116403,2418.3849246306618,1.0952012617154823
318,readmit_30,early,0.06315313754711926,573.4082989740034,1.3749857853623189
318,readmit_30,not_completed,0.06315313754711926,2418.2898759404384,1.102742808632399
318,death_30,early,0.06326528658517795,575.7902238274239,1.362645695407503
318,death_30,not_completed,0.06326528658517795,2431.4458265095614,1.0944049654219268
318,composite_90,early,0.06752170389493554,467.696648970421,1.4784983000001857
318,composite_90,not_completed,0.06752170389493554,1942.1807886377037,1.10694061056808
318,composite_30_conservative_dmonth,early,0.06805853240331969,528.7692707678824,1.4355038407201879
318,composite_30_conservative_dmonth,not_completed,0.06805853240331969,2177.920210878176,1.112440998627668
318,composite_90_conservative_dmonth,early,0.08247933035928112,397.74283146661696,1.5469311088120954
318,composite_90_conservative_dmonth,not_completed,0.08247933035928112,1666.7921424036424,1.1283123188042
319,composite_30,early,0.0701916755266312,548.8540325582754,1.312158733795118
319,composite_30,not_completed,0.0701916755266312,2531.694133222713,1.1055639187533908
319,readmit_30,early,0.07014553974014927,549.0806418040374,1.299267734928557
319,readmit_30,not_completed,0.07014553974014927,2531.818500083012,1.0978707947403763
319,death_30,early,0.0703424052644257,550.0904045777704,1.298487150263616
319,death_30,not_completed,0.0703424052644257,2544.8052040901853,1.1009643784876935
319,composite_90,early,0.06692231435083074,456.65901513187436,1.3064836845320917
319,composite_90,not_completed,0.06692231435083074,2082.9647286847166,1.091086390368095
319,composite_30_conservative_dmonth,early,0.06994981856614392,518.81938876798,1.2702136922175415
319,composite_30_conservative_dmonth,not_completed,0.06994981856614392,2321.8058750448,1.10961888736208
319,composite_90_conservative_dmonth,early,0.08398570457276046,393.5935327914681,1.311215476662251
319,composite_90_conservative_dmonth,not_completed,0.08398570457276046,1800.8196715758993,1.104873741547748
320,composite_30,early,0.08870277078223168,570.3390993823743,1.3541529798531626
320,composite_30,not_completed,0.08870277078223168,2655.9056925609752,1.0891171787831513
320,readmit_30,early,0.08895728939551793,570.2728231496365,1.3485972494036362
320,readmit_30,not_completed,0.08895728939551793,2655.7990183170045,1.0960833811362432
320,death_30,early,0.0883753682338043,571.3835306617707,1.3632428828674035
320,death_30,not_completed,0.0883753682338043,2669.9575288441392,1.087938075384984
320,composite_90,early,0.08972715352646607,475.29082631237196,1.3221495702947497
320,composite_90,not_completed,0.08972715352646607,2145.0521198782144,1.0912407137047293
320,composite_30_conservative_dmonth,early,0.08283442865022722,535.0232441639725,1.2989741822100471
320,composite_30_conservative_dmonth,not_completed,0.08283442865022722,2420.963565671177,1.0880475127493072
320,composite_90_conservative_dmonth,early,0.09090933915282752,411.69720100103785,1.3268682590093022
320,composite_90_conservative_dmonth,not_completed,0.09090933915282752,1878.8183953377152,1.114324219702571
321,composite_30,early,0.06622170778220873,534.129424316295,1.3576601222238946
321,composite_30,not_completed,0.06622170778220873,2507.3367515648297,1.0707539827946864
321,readmit_30,early,0.0661586896751969,533.999769935299,1.3647222181379328
321,readmit_30,not_completed,0.0661586896751969,2507.274857594766,1.0749405887809418
321,death_30,early,0.06558252377416028,536.5017600741016,1.3410039225856345
321,death_30,not_completed,0.06558252377416028,2516.36439127312,1.0727206049507976
321,composite_90,early,0.08433303598071139,443.6997854172839,1.3719819662615305
321,composite_90,not_completed,0.08433303598071139,1990.8815998647835,1.0939472132099957
321,composite_30_conservative_dmonth,early,0.07245378726786916,501.03590409830935,1.3352070900665374
321,composite_30_conservative_dmonth,not_completed,0.07245378726786916,2252.944512816856,1.0850165508094272
321,composite_90_conservative_dmonth,early,0.08602830887058546,387.8704434883132,1.3798630090281396
321,composite_90_conservative_dmonth,not_completed,0.08602830887058546,1719.8468082906775,1.1061926613558501
322,composite_30,early,0.07748399058117293,567.8024251850912,1.290817994038973
322,composite_30,not_completed,0.07748399058117293,2599.358782803714,1.0692288326049422
322,readmit_30,early,0.07743552309161209,567.4696765479072,1.3078510174411229
322,readmit_30,not_completed,0.07743552309161209,2599.2803117388175,1.069707352541547
322,death_30,early,0.07609963971049738,569.5281686236851,1.2999677285916134
322,death_30,not_completed,0.07609963971049738,2611.2821936183054,1.0703394735302778
322,composite_90,early,0.07899224244830595,462.6770937226307,1.3387190116459122
322,composite_90,not_completed,0.07899224244830595,2100.3597141421656,1.075843861153718
322,composite_30_conservative_dmonth,early,0.07897915240603745,529.1120235861534,1.3209164701295883
322,composite_30_conservative_dmonth,not_completed,0.07897915240603745,2365.3527374291803,1.07487056519911
322,composite_90_conservative_dmonth,early,0.08398909339808514,394.4238131917907,1.4065392824461127
322,composite_90_conservative_dmonth,not_completed,0.08398909339808514,1877.4114303507527,1.0812364802680872
323,composite_30,early,0.08179373596396054,585.7142678994134,1.3206109520908893
323,composite_30,not_completed,0.08179373596396054,2618.8147493202655,1.0864513992012437
323,readmit_30,early,0.08183213707332214,585.7482171177429,1.3194263180627948
323,readmit_30,not_completed,0.08183213707332214,2618.7952958053497,1.0879111036680633
323,death_30,early,0.08310605391924909,587.7241562651093,1.3165028211869443
323,death_30,not_completed,0.08310605391924909,2628.820633546113,1.08602975744634
323,composite_90,early,0.07703335368526855,474.2316644781681,1.3807820967107103
323,composite_90,not_completed,0.07703335368526855,2098.595830056501,1.1055059055220107
323,composite_30_conservative_dmonth,early,0.0775693039924499,540.3279575552843,1.3715899784620251
323,composite_30_conservative_dmonth,not_completed,0.0775693039924499,2342.6732020004797,1.100783283933692
323,composite_90_conservative_dmonth,early,0.09369485607765378,415.8176423409681,1.4337327189397306
323,composite_90_conservative_dmonth,not_completed,0.09369485607765378,1797.6597110048872,1.1156618967783916
324,composite_30,early,0.1027415847653805,541.4844273512497,1.4078199890017373
324,composite_30,not_completed,0.1027415847653805,2322.3551402131084,1.1096621547953551
324,readmit_30,early,0.10296935220901916,540.9558342721956,1.418916841604596
324,readmit_30,not_completed,0.10296935220901916,2322.127773986345,1.116295067626346
324,death_30,early,0.10308276430218985,542.4866812852312,1.4135997069070103
324,death_30,not_completed,0.10308276430218985,2335.3602353288106,1.1065390511962074
324,composite_90,early,0.10213816296723453,461.94991837621734,1.446909525322628
324,composite_90,not_completed,0.10213816296723453,1899.417795030228,1.125563739415556
324,composite_30_conservative_dmonth,early,0.10775183729464434,512.9676874642219,1.4123939364087734
324,composite_30_conservative_dmonth,not_completed,0.10775183729464434,2102.9929956958786,1.1256442700449123
324,composite_90_conservative_dmonth,early,0.09785359787531603,383.8054289034363,1.4843156700444045
324,composite_90_conservative_dmonth,not_completed,0.09785359787531603,1621.8370477187393,1.1593780318770122
325,composite_30,early,0.0740928029152733,558.3772448513602,1.3120682812210065
325,composite_30,not_completed,0.0740928029152733,2613.7621577821074,1.0900727789787477
325,readmit_30,early,0.07410838857052057,558.1807817042338,1.3086678919615062
325,readmit_30,not_completed,0.07410838857052057,2613.681092179836,1.091931242552571
325,death_30,early,0.07825774608702685,560.5172261927836,1.317798826190152
325,death_30,not_completed,0.07825774608702685,2624.8695640933065,1.0842010303612613
325,composite_90,early,0.08788246264670652,463.09276442054755,1.3497682383574119
325,composite_90,not_completed,0.08788246264670652,2094.585708703017,1.1066196799196069
325,composite_30_conservative_dmonth,early,0.0776012912800935,519.810525126588,1.3372494135345065
325,composite_30_conservative_dmonth,not_completed,0.0776012912800935,2365.4913839573546,1.1019755955073756
325,composite_90_conservative_dmonth,early,0.10072659277501028,388.4813240323995,1.3829595734058682
325,composite_90_conservative_dmonth,not_completed,0.10072659277501028,1795.7127239355682,1.1056228341516752
326,composite_30,early,0.09532504102724011,554.6303108403473,1.3025229065883412
326,composite_30,not_completed,0.09532504102724011,2521.9217096274915,1.095748185010284
326,readmit_30,early,0.09531360031570676,554.6847950364725,1.3140879227923477
326,readmit_30,not_completed,0.09531360031570676,2521.9136172425506,1.0994682586090596
326,death_30,early,0.09544294240194995,556.4450849495279,1.3170541614005737
326,death_30,not_completed,0.09544294240194995,2535.862802798533,1.0978666838086415
326,composite_90,early,0.07254746797339451,450.18751157650723,1.376158761881376
326,composite_90,not_completed,0.07254746797339451,2068.7284372850254,1.1096779562474777
326,composite_30_conservative_dmonth,early,0.09083482573013185,516.2578972746336,1.3203950456152163
326,composite_30_conservative_dmonth,not_completed,0.09083482573013185,2304.6409824048455,1.1055322373082768
326,composite_90_conservative_dmonth,early,0.09071822996648153,380.20949881808906,1.4799760962152466
326,composite_90_conservative_dmonth,not_completed,0.09071822996648153,1834.5945917524732,1.1196009134595313
327,composite_30,early,0.08812716308502702,558.8922219183881,1.311303418123472
327,composite_30,not_completed,0.08812716308502702,2409.9445002471493,1.0821793524778491
327,readmit_30,early,0.08803888946962637,558.6439007969464,1.3252694726030945
327,readmit_30,not_completed,0.08803888946962637,2409.877519600436,1.0889606207172668
327,death_30,early,0.08974491557788054,559.8872778731827,1.3273231325488621
327,death_30,not_completed,0.08974491557788054,2424.983716469822,1.086683054280968
327,composite_90,early,0.10379621655436179,456.19409252018266,1.317911748918352
327,composite_90,not_completed,0.10379621655436179,1954.1811053217468,1.094260060566685
327,composite_30_conservative_dmonth,early,0.10450845636181773,521.7784108164424,1.3328932553567052
327,composite_30_conservative_dmonth,not_completed,0.10450845636181773,2170.137166368486,1.088930871791604
327,composite_90_conservative_dmonth,early,0.1075551154894889,390.327703117244,1.3824278483150751
327,composite_90_conservative_dmonth,not_completed,0.1075551154894889,1696.6796264702314,1.1186310687104122
328,composite_30,early,0.08382188104096114,563.6620801242935,1.453840066957535
328,composite_30,not_completed,0.08382188104096114,2471.8583270875547,1.1099117053599383
328,readmit_30,early,0.08382188104096114,563.6620801242935,1.453840066957535
328,readmit_30,not_completed,0.08382188104096114,2471.8583270875547,1.1099117053599383
328,death_30,early,0.084225385157712,564.0714513711257,1.4622659647902678
328,death_30,not_completed,0.084225385157712,2483.6668425237385,1.1163771137446301
328,composite_90,early,0.0833421107850411,467.694461765035,1.3964732169194989
328,composite_90,not_completed,0.0833421107850411,2019.7072720812625,1.1026553061262552
328,composite_30_conservative_dmonth,early,0.07951809328175115,521.6815791067331,1.460724825447307
328,composite_30_conservative_dmonth,not_completed,0.07951809328175115,2249.263668287231,1.1045165140301596
328,composite_90_conservative_dmonth,early,0.09635700297848736,403.88258561871,1.5070887498062921
328,composite_90_conservative_dmonth,not_completed,0.09635700297848736,1718.2894009040253,1.136117111234101
329,composite_30,early,0.08173441731957279,582.803206828445,1.1960174516212374
329,composite_30,not_completed,0.08173441731957279,2567.9062161344245,1.0571547705201223
329,readmit_30,early,0.08174957069052763,582.7988404397139,1.2017985056722653
329,readmit_30,not_completed,0.08174957069052763,2567.896895452811,1.0581020204981688
329,death_30,early,0.0805626045291051,582.7069506895933,1.1989315608275017
329,death_30,not_completed,0.0805626045291051,2583.8817249445456,1.0556745591054653
329,composite_90,early,0.08746109910798701,485.7383080870833,1.2299280961601773
329,composite_90,not_completed,0.08746109910798701,2080.8760469554363,1.0654575536850412
329,composite_30_conservative_dmonth,early,0.08669477320279771,538.5647994690005,1.2054648120464788
329,composite_30_conservative_dmonth,not_completed,0.08669477320279771,2321.804309623374,1.0605309889509902
329,composite_90_conservative_dmonth,early,0.10040978109088167,417.0341021757168,1.2109605902245761
329,composite_90_conservative_dmonth,not_completed,0.10040978109088167,1807.923726425578,1.0698845110668447
330,composite_30,early,0.07172971978354371,577.8812764369892,1.2735637756790588
330,composite_30,not_completed,0.07172971978354371,2601.8821414896856,1.0759911284915997
330,readmit_30,early,0.07173988585991219,577.9037034938641,1.2761073615428826
330,readmit_30,not_completed,0.07173988585991219,2601.8949779063273,1.0739877658972568
330,death_30,early,0.06874702000806152,580.0135715806555,1.2678385007494655
330,death_30,not_completed,0.06874702000806152,2614.925325866162,1.0769876750223268
330,composite_90,early,0.08351546976170646,484.41697145048346,1.3205512358694673
330,composite_90,not_completed,0.08351546976170646,2101.7344555460786,1.0913306327335683
330,composite_30_conservative_dmonth,early,0.0756352027446647,539.3347218482901,1.303035935819954
330,composite_30_conservative_dmonth,not_completed,0.0756352027446647,2347.504244748121,1.09216259579457
330,composite_90_conservative_dmonth,early,0.1087267083602185,415.1147871731841,1.4479805682669926
330,composite_90_conservative_dmonth,not_completed,0.1087267083602185,1848.4351256105224,1.1068544232073352
331,composite_30,early,0.06601661431186118,561.6067455885394,1.4493399037643178
331,composite_30,not_completed,0.06601661431186118,2459.0769207666963,1.1146740599651062
331,readmit_30,early,0.06598110080098145,561.493756371446,1.4480732362685758
331,readmit_30,not_completed,0.06598110080098145,2458.992082759836,1.1158131504134368
331,death_30,early,0.06710554514315405,562.6223032338689,1.4322960690273385
331,death_30,not_completed,0.06710554514315405,2473.0974093070768,1.111481621935673
331,composite_90,early,0.06162231692382482,458.788712196341,1.4649547275309358
331,composite_90,not_completed,0.06162231692382482,1996.5143146760042,1.1175583091587964
331,composite_30_conservative_dmonth,early,0.06570082989812417,518.6724130710566,1.413186230847853
331,composite_30_conservative_dmonth,not_completed,0.06570082989812417,2214.3039557831225,1.1149787168396437
331,composite_90_conservative_dmonth,early,0.07397438731591013,393.3535625130138,1.4548903790654308
331,composite_90_conservative_dmonth,not_completed,0.07397438731591013,1726.7872293707055,1.1269825179230704
332,composite_30,early,0.059618437544631614,578.0160903626868,1.3253234378243381
332,composite_30,not_completed,0.059618437544631614,2556.738304404787,1.0838016489206725
332,readmit_30,early,0.05960146593213419,577.9057983719148,1.3161472888798413
332,readmit_30,not_completed,0.05960146593213419,2556.6113290934677,1.085884353959357
332,death_30,early,0.06073044451176048,578.8293367783945,1.320107605737721
332,death_30,not_completed,0.06073044451176048,2572.6759209485253,1.0878807877004217
332,composite_90,early,0.0692456270795756,480.6067840748362,1.516353020147129
332,composite_90,not_completed,0.0692456270795756,2083.0938593075934,1.1203433096452722
332,composite_30_conservative_dmonth,early,0.05965810685934599,541.9841472814762,1.3989786191735727
332,composite_30_conservative_dmonth,not_completed,0.05965810685934599,2316.3915833891606,1.101723507851429
332,composite_90_conservative_dmonth,early,0.06874787768637722,406.5470911351614,1.5543969071029746
332,composite_90_conservative_dmonth,not_completed,0.06874787768637722,1816.566377725023,1.1583827120393497
333,composite_30,early,0.07548682962937485,575.3721683837678,1.2919681692354816
333,composite_30,not_completed,0.07548682962937485,2526.190654856953,1.070259561852519
333,readmit_30,early,0.07549297541337115,575.5169023409535,1.291715052598953
333,readmit_30,not_completed,0.07549297541337115,2526.201158746637,1.0700634752065243
333,death_30,early,0.07531550444292064,577.5083195810672,1.3027031092250412
333,death_30,not_completed,0.07531550444292064,2539.2203557078365,1.069297596001422
333,composite_90,early,0.0828852866811868,476.45608119814733,1.3830365448675406
333,composite_90,not_completed,0.0828852866811868,2034.0326677265818,1.086628490817321
333,composite_30_conservative_dmonth,early,0.08165746925389253,536.8529660728111,1.3465551287977549
333,composite_30_conservative_dmonth,not_completed,0.08165746925389253,2268.067176128696,1.0806746105736789
333,composite_90_conservative_dmonth,early,0.09683468069665298,406.5260800591966,1.4047699332709356
333,composite_90_conservative_dmonth,not_completed,0.09683468069665298,1764.8851123504933,1.1011087817462488
334,composite_30,early,0.0767147318446292,580.2448260404028,1.2783157301918247
334,composite_30,not_completed,0.0767147318446292,2595.907715067001,1.0723930212250452
334,readmit_30,early,0.07673891306483227,580.3214499792593,1.2712326222404255
334,readmit_30,not_completed,0.07673891306483227,2595.9159640895855,1.073875204581997
334,death_30,early,0.07578268163835199,581.2316173143842,1.285036325963255
334,death_30,not_completed,0.07578268163835199,2610.9281621368987,1.0707930404250252
334,composite_90,early,0.07189384646731889,476.6701093837982,1.3153670622062361
334,composite_90,not_completed,0.07189384646731889,2119.0790886513573,1.0787233902507336
334,composite_30_conservative_dmonth,early,0.07776025607319699,540.7795141125549,1.2866411627416756
334,composite_30_conservative_dmonth,not_completed,0.07776025607319699,2352.9211000600867,1.0790536884557635
334,composite_90_conservative_dmonth,early,0.08776060029846623,401.33349035911664,1.3723100779245647
334,composite_90_conservative_dmonth,not_completed,0.08776060029846623,1825.1198553433194,1.0826871250076608
335,composite_30,early,0.06400019476593373,559.3335014982014,1.3852182778234217
335,composite_30,not_completed,0.06400019476593373,2541.890266044519,1.0861674832560912
335,readmit_30,early,0.06397483095902158,558.9835679977913,1.4040992715874072
335,readmit_30,not_completed,0.06397483095902158,2541.851442862693,1.0902090743129451
335,death_30,early,0.0640479698752267,561.4987843310118,1.3742379668951483
335,death_30,not_completed,0.0640479698752267,2553.943794268544,1.0838508062149657
335,composite_90,early,0.06960414344478674,460.6227125489381,1.380713460448994
335,composite_90,not_completed,0.06960414344478674,2026.16437693715,1.091913117710415
335,composite_30_conservative_dmonth,early,0.0684364091496428,518.9642999889419,1.3691954099191497
335,composite_30_conservative_dmonth,not_completed,0.0684364091496428,2266.822440101157,1.0916402504263245
335,composite_90_conservative_dmonth,early,0.08480535623662062,398.0392909618698,1.3751885039454697
335,composite_90_conservative_dmonth,not_completed,0.08480535623662062,1750.222421685,1.0945778728472866
336,composite_30,early,0.05550612382457721,578.9415783616619,1.3328465364996034
336,composite_30,not_completed,0.05550612382457721,2559.5774732903983,1.0888867442069445
336,readmit_30,early,0.055546976810281395,579.4248963581928,1.3197692769633207
336,readmit_30,not_completed,0.055546976810281395,2559.6563606691607,1.0880160902370553
336,death_30,early,0.05605501326197978,581.5385348193491,1.311138107980322
336,death_30,not_completed,0.05605501326197978,2573.7555021278463,1.0841462553953436
336,composite_90,early,0.061744889470924345,484.3822506384979,1.2852246509718193
336,composite_90,not_completed,0.061744889470924345,2064.3650092769863,1.075240771877077
336,composite_30_conservative_dmonth,early,0.05919588390982794,547.8159179595922,1.325726913407113
336,composite_30_conservative_dmonth,not_completed,0.05919588390982794,2330.9721830901926,1.0841691589741551
336,composite_90_conservative_dmonth,early,0.07491440140060224,409.7598082287724,1.3634584599694681
336,composite_90_conservative_dmonth,not_completed,0.07491440140060224,1784.1008007627488,1.094495955608586
337,composite_30,early,0.07248003012383154,547.8267926078714,1.2762923003159208
337,composite_30,not_completed,0.07248003012383154,2513.1933356665445,1.0789495771166586
337,readmit_30,early,0.07249750995926914,547.7846010283577,1.269392339443244
337,readmit_30,not_completed,0.07249750995926914,2513.1729012406713,1.0787809878567118
337,death_30,early,0.07273130672376883,548.8177076309071,1.2709239613824501
337,death_30,not_completed,0.07273130672376883,2520.197863522549,1.0784138031775308
337,composite_90,early,0.08776183665146914,458.6892172937323,1.3160308353989267
337,composite_90,not_completed,0.08776183665146914,2037.0733126041566,1.0810678032835013
337,composite_30_conservative_dmonth,early,0.07922427057129527,510.70758694925314,1.2905696526065213
337,composite_30_conservative_dmonth,not_completed,0.07922427057129527,2301.0498242995545,1.080755005666536
337,composite_90_conservative_dmonth,early,0.0970497627673668,396.17916388326466,1.3247564235867588
337,composite_90_conservative_dmonth,not_completed,0.0970497627673668,1758.097570009108,1.0916315724096743
338,composite_30,early,0.07274806094014102,541.4937557150515,1.3486394797800543
338,composite_30,not_completed,0.07274806094014102,2487.9631259250627,1.0783368619994895
338,readmit_30,early,0.07265544066254967,541.3113952447655,1.3579673078930499
338,readmit_30,not_completed,0.07265544066254967,2487.8852490630898,1.0825323731731247
338,death_30,early,0.07451513615068818,542.5375913169994,1.3179033635669504
338,death_30,not_completed,0.07451513615068818,2501.9652365702827,1.0765622408493658
338,composite_90,early,0.0803669002110241,448.84132944079124,1.4451524231383985
338,composite_90,not_completed,0.0803669002110241,2025.4900954962022,1.0990715401841902
338,composite_30_conservative_dmonth,early,0.08038340255565535,509.74585030497457,1.3277921918536961
338,composite_30_conservative_dmonth,not_completed,0.08038340255565535,2285.827128947656,1.0818186006113895
338,composite_90_conservative_dmonth,early,0.07150498599357312,382.25929610623814,1.4526561992510216
338,composite_90_conservative_dmonth,not_completed,0.07150498599357312,1771.4682937535285,1.1078195735632845
339,composite_30,early,0.0805807536039414,521.7793899943908,1.3041365287499178
339,composite_30,not_completed,0.0805807536039414,2448.2653146335974,1.0776316850958774
339,readmit_30,early,0.08060555521107024,521.9071748079064,1.3024396687971673
339,readmit_30,not_completed,0.08060555521107024,2448.25948517122,1.0813804828090188
339,death_30,early,0.07835533427604711,522.9569496959425,1.2860361702271674
339,death_30,not_completed,0.07835533427604711,2457.2698536471435,1.0828214988554024
339,composite_90,early,0.07484175125659556,430.06173863927035,1.3205963746179017
339,composite_90,not_completed,0.07484175125659556,1994.604601321723,1.0816046509980597
339,composite_30_conservative_dmonth,early,0.07638708433014224,494.0660506802082,1.303181471410796
339,composite_30_conservative_dmonth,not_completed,0.07638708433014224,2240.251883806497,1.087868897235352
339,composite_90_conservative_dmonth,early,0.09644935282662102,360.00310266440766,1.4028820322025728
339,composite_90_conservative_dmonth,not_completed,0.09644935282662102,1690.2726036070185,1.097666876870939
340,composite_30,early,0.0775132626013324,563.0904004145735,1.307273984437703
340,composite_30,not_completed,0.0775132626013324,2386.786323830154,1.094653950343096
340,readmit_30,early,0.07756945668364226,563.1816394979986,1.3097405000671454
340,readmit_30,not_completed,0.07756945668364226,2386.790887257009,1.0957203496388146
340,death_30,early,0.07708837171281156,565.1644400727662,1.3056557290107171
340,death_30,not_completed,0.07708837171281156,2398.849454107933,1.0931627758263756
340,composite_90,early,0.08352865023509276,471.71957494533194,1.3730122877474744
340,composite_90,not_completed,0.08352865023509276,1959.5260863673493,1.1193138597508108
340,composite_30_conservative_dmonth,early,0.08618492648341956,530.7096193163453,1.3808205149447161
340,composite_30_conservative_dmonth,not_completed,0.08618492648341956,2189.5810977685173,1.10322026375284
340,composite_90_conservative_dmonth,early,0.09235486502334388,407.5471937382088,1.3709666901699638
340,composite_90_conservative_dmonth,not_completed,0.09235486502334388,1693.451731311165,1.130201868758973
341,composite_30,early,0.06856441857348138,542.4042947205136,1.4166652366412276
341,composite_30,not_completed,0.06856441857348138,2433.181740825403,1.0880084675886021
341,readmit_30,early,0.06852209343080974,542.3598973234178,1.403469175048439
341,readmit_30,not_completed,0.06852209343080974,2433.150294763326,1.0841384822547486
341,death_30,early,0.06812586897408202,543.4003316031309,1.4215261260669436
341,death_30,not_completed,0.06812586897408202,2445.1949318119546,1.0883267592749395
341,composite_90,early,0.08063393837290479,449.58286921834707,1.4417969061339388
341,composite_90,not_completed,0.08063393837290479,1969.2820529982828,1.094195374651626
341,composite_30_conservative_dmonth,early,0.07826214120324901,505.75237807159516,1.4096426798133352
341,composite_30_conservative_dmonth,not_completed,0.07826214120324901,2205.177585828698,1.0836310593502942
341,composite_90_conservative_dmonth,early,0.07027096291378596,385.9180802708993,1.4562819518930237
341,composite_90_conservative_dmonth,not_completed,0.07027096291378596,1705.874648709253,1.1099671889473042
342,composite_30,early,0.07228562672692233,547.3583105519588,1.3336608838743507
342,composite_30,not_completed,0.07228562672692233,2560.3295838305708,1.0766118890162861
342,readmit_30,early,0.0723453126850901,547.4282631561275,1.3297219865241448
342,readmit_30,not_completed,0.0723453126850901,2560.325921405763,1.0754830728720022
342,death_30,early,0.0704527227100488,548.905661113288,1.3288137221533707
342,death_30,not_completed,0.0704527227100488,2570.2943603050526,1.0752378534834588
342,composite_90,early,0.08081081578270034,444.24659613405026,1.3985062858932127
342,composite_90,not_completed,0.08081081578270034,2067.5382056682643,1.0790598411003474
342,composite_30_conservative_dmonth,early,0.07424541883909583,509.80753814205156,1.3520807844714953
342,composite_30_conservative_dmonth,not_completed,0.07424541883909583,2309.5399828305654,1.072684066584921
342,composite_90_conservative_dmonth,early,0.09129404268315794,379.9251449096031,1.4360211274916104
342,composite_90_conservative_dmonth,not_completed,0.09129404268315794,1781.2811304566171,1.0977702019223101
343,composite_30,early,0.06830433959128245,572.0138734584488,1.3933859822825245
343,composite_30,not_completed,0.06830433959128245,2507.0400214605233,1.1027061160296547
343,readmit_30,early,0.06851274844877989,572.2848858203199,1.3871820557676071
343,readmit_30,not_completed,0.06851274844877989,2506.9853881169274,1.1048376312262376
343,death_30,early,0.06865320127289419,572.076519773882,1.3984832106031237
343,death_30,not_completed,0.06865320127289419,2517.0338782070316,1.1056006890540229
343,composite_90,early,0.07706394773521943,482.94378000321,1.3706227043250052
343,composite_90,not_completed,0.07706394773521943,2043.9909923654432,1.1128344388672633
343,composite_30_conservative_dmonth,early,0.07801538622548149,531.3803133627731,1.3718204724775216
343,composite_30_conservative_dmonth,not_completed,0.07801538622548149,2263.732606122628,1.1184834652872695
343,composite_90_conservative_dmonth,early,0.08420689470124969,412.5611530919704,1.4435273157328428
343,composite_90_conservative_dmonth,not_completed,0.08420689470124969,1790.8446071553628,1.1256514037696326
344,composite_30,early,0.07631203519122291,594.1934121817153,1.2845588118586997
344,composite_30,not_completed,0.07631203519122291,2531.351284379392,1.0961625754633364
344,readmit_30,early,0.07633684985880729,594.2343092101428,1.303963130249632
344,readmit_30,not_completed,0.07633684985880729,2531.307500156233,1.0989707231316945
344,death_30,early,0.07706014700083856,595.602697978544,1.2889255735055176
344,death_30,not_completed,0.07706014700083856,2541.4709428429996,1.0941457211907788
344,composite_90,early,0.08265351509840248,495.37387247875887,1.2999849624333453
344,composite_90,not_completed,0.08265351509840248,2016.6942455396074,1.1060080901919456
344,composite_30_conservative_dmonth,early,0.08740964225200847,561.5589557711075,1.25335062967562
344,composite_30_conservative_dmonth,not_completed,0.08740964225200847,2263.626894537946,1.0964474982245016
344,composite_90_conservative_dmonth,early,0.09213057111826754,423.91141553508515,1.3122515932663714
344,composite_90_conservative_dmonth,not_completed,0.09213057111826754,1789.9430400804843,1.1125940780245005
345,composite_30,early,0.08824339962802638,566.7402283490808,1.3049085118362278
345,composite_30,not_completed,0.08824339962802638,2458.138036865318,1.0784547483531448
345,readmit_30,early,0.08824266854222158,566.5884240803402,1.3098868878249095
345,readmit_30,not_completed,0.08824266854222158,2458.0548500352397,1.0810854301556656
345,death_30,early,0.08833644159849915,567.4053592350249,1.3089772227818965
345,death_30,not_completed,0.08833644159849915,2470.013706901738,1.0818704810837865
345,composite_90,early,0.08548080812958717,460.99315193164495,1.3010481752015386
345,composite_90,not_completed,0.08548080812958717,1983.343027888419,1.082288811537286
345,composite_30_conservative_dmonth,early,0.08239320693407899,522.3409256881339,1.3174542879926885
345,composite_30_conservative_dmonth,not_completed,0.08239320693407899,2218.202692652696,1.081572797815989
345,composite_90_conservative_dmonth,early,0.09018571536884547,387.23579241526477,1.4276140128768613
345,composite_90_conservative_dmonth,not_completed,0.09018571536884547,1673.0325044755689,1.096408571578666
346,composite_30,early,0.09575222108726077,580.7909903312949,1.227915625803096
346,composite_30,not_completed,0.09575222108726077,2587.5773801310743,1.0649352488671762
346,readmit_30,early,0.09584419591135225,580.8582240225311,1.2223172882953408
346,readmit_30,not_completed,0.09584419591135225,2587.5699010655635,1.0650122505914967
346,death_30,early,0.09605299374821653,582.519406868563,1.2365710539549444
346,death_30,not_completed,0.09605299374821653,2599.5720205741713,1.0656227602618449
346,composite_90,early,0.08779435220986888,477.968764539946,1.2789953140515422
346,composite_90,not_completed,0.08779435220986888,2101.334987503153,1.07558906621095
346,composite_30_conservative_dmonth,early,0.08689614320780777,541.5656055721958,1.2374040855037374
346,composite_30_conservative_dmonth,not_completed,0.08689614320780777,2355.520954358336,1.0711210096645796
346,composite_90_conservative_dmonth,early,0.0818180219769817,404.2359644097866,1.3124730596739727
346,composite_90_conservative_dmonth,not_completed,0.0818180219769817,1806.2751623172746,1.0900042576685847
347,composite_30,early,0.07691759151861621,577.913272527393,1.4078441816099065
347,composite_30,not_completed,0.07691759151861621,2588.9066359791354,1.1072012862580434
347,readmit_30,early,0.07682043708001988,578.4233566999363,1.39705372628442
347,readmit_30,not_completed,0.07682043708001988,2589.071666562238,1.105193035514263
347,death_30,early,0.07662032282929421,580.1210129139665,1.4047710814683134
347,death_30,not_completed,0.07662032282929421,2603.037353208111,1.1042861481682484
347,composite_90,early,0.06626193814944063,480.7422957317757,1.4131678182683964
347,composite_90,not_completed,0.06626193814944063,2106.5051544710573,1.1088626622429398
347,composite_30_conservative_dmonth,early,0.07248397401343044,536.8588890000116,1.4322172963532243
347,composite_30_conservative_dmonth,not_completed,0.07248397401343044,2343.9751340621438,1.1137533915407152
347,composite_90_conservative_dmonth,early,0.08565021898831322,410.45439446742097,1.4569909722479881
347,composite_90_conservative_dmonth,not_completed,0.08565021898831322,1850.3553634206219,1.1199082507554015
348,composite_30,early,0.09852494556872926,572.6824376426047,1.3854067366770872
348,composite_30,not_completed,0.09852494556872926,2706.8214411185545,1.0871599014102984
348,readmit_30,early,0.09842554428068306,573.1970913377212,1.3624434269169547
348,readmit_30,not_completed,0.09842554428068306,2706.880721602501,1.085617776583433
348,death_30,early,0.09821458655752911,574.1610526195454,1.3643316975925575
348,death_30,not_completed,0.09821458655752911,2718.920843869583,1.0842669072795312
348,composite_90,early,0.09036611695546673,488.6080014944251,1.3430083593819135
348,composite_90,not_completed,0.09036611695546673,2216.149042509804,1.082098267397384
348,composite_30_conservative_dmonth,early,0.08912631953610736,539.9522533115712,1.3872061351835303
348,composite_30_conservative_dmonth,not_completed,0.08912631953610736,2466.9706367906074,1.0846983604841622
348,composite_90_conservative_dmonth,early,0.10748089352358954,419.6350020146357,1.4050758573281557
348,composite_90_conservative_dmonth,not_completed,0.10748089352358954,1971.7545394961458,1.1018805436827177
349,composite_30,early,0.06579949246367155,517.1654906458895,1.3949879126249556
349,composite_30,not_completed,0.06579949246367155,2495.693408629586,1.0963858790312049
349,readmit_30,early,0.06578886151780577,517.1079645693957,1.385771019655874
349,readmit_30,not_completed,0.06578886151780577,2495.600029530672,1.1015212036066193
349,death_30,early,0.06404702641956092,518.3555910562411,1.377813883465819
349,death_30,not_completed,0.06404702641956092,2509.7165219522017,1.0946858481536133
349,composite_90,early,0.08177205866539947,425.7800629813857,1.436288074691389
349,composite_90,not_completed,0.08177205866539947,1984.6671875486554,1.106176839418432
349,composite_30_conservative_dmonth,early,0.08530590417027542,485.4011673589908,1.3847413826191401
349,composite_30_conservative_dmonth,not_completed,0.08530590417027542,2226.889569858924,1.1006041733633969
349,composite_90_conservative_dmonth,early,0.0844691839900223,359.87097183461844,1.4433278357152965
349,composite_90_conservative_dmonth,not_completed,0.0844691839900223,1727.6080224834561,1.121267563291336
350,composite_30,early,0.09900553496616864,566.664005490525,1.3320998456102882
350,composite_30,not_completed,0.09900553496616864,2562.810444558182,1.0817324220573037
350,readmit_30,early,0.09900811206219452,566.4969754665665,1.3384757857964094
350,readmit_30,not_completed,0.09900811206219452,2562.745387059481,1.0836893930171148
350,death_30,early,0.09475789209425041,567.3111569014189,1.354298020262281
350,death_30,not_completed,0.09475789209425041,2572.6677215085,1.0866835030446456
350,composite_90,early,0.12042221680334099,463.6401072777883,1.3825850053216662
350,composite_90,not_completed,0.12042221680334099,2074.821644249404,1.0949292161934212
350,composite_30_conservative_dmonth,early,0.10603362335291062,526.6121938989716,1.3496370829254118
350,composite_30_conservative_dmonth,not_completed,0.10603362335291062,2327.593148076468,1.0948122220402086
350,composite_90_conservative_dmonth,early,0.13613839459484786,399.1954971740668,1.448661540269405
350,composite_90_conservative_dmonth,not_completed,0.13613839459484786,1814.5390534846574,1.1117789216640788
351,composite_30,early,0.0837053258759517,558.5549731178799,1.3310406238585366
351,composite_30,not_completed,0.0837053258759517,2635.6820626725143,1.0929525805962657
351,readmit_30,early,0.08368659083176465,558.849229845536,1.3228820887011445
351,readmit_30,not_completed,0.08368659083176465,2635.7019927003676,1.0967418422740272
351,death_30,early,0.08174192908333865,560.515929917369,1.343415166565143
351,death_30,not_completed,0.08174192908333865,2649.665058684004,1.0983539251598935
351,composite_90,early,0.08247678690124409,473.54198767744526,1.2937380490450907
351,composite_90,not_completed,0.08247678690124409,2148.2574615687795,1.0832466194341013
351,composite_30_conservative_dmonth,early,0.08509732682023118,523.2683031829016,1.3412550970669042
351,composite_30_conservative_dmonth,not_completed,0.08509732682023118,2383.733506626415,1.0893921267825082
351,composite_90_conservative_dmonth,early,0.09735763393114673,396.9832276518546,1.3068324483373162
351,composite_90_conservative_dmonth,not_completed,0.09735763393114673,1822.189874020647,1.09288030414209
352,composite_30,early,0.07771792541915679,543.887120015782,1.281490753071539
352,composite_30,not_completed,0.07771792541915679,2513.2767812727666,1.069351427968377
352,readmit_30,early,0.07768005064282056,544.4443361301031,1.2628592785838508
352,readmit_30,not_completed,0.07768005064282056,2513.4770806469837,1.065487953437902
352,death_30,early,0.07436500813331726,546.4314901506982,1.2726605964317694
352,death_30,not_completed,0.07436500813331726,2525.443887777783,1.0645855123152081
352,composite_90,early,0.07992213135495142,452.29448788779354,1.3409737342619985
352,composite_90,not_completed,0.07992213135495142,2042.1630023511752,1.0860067464732956
352,composite_30_conservative_dmonth,early,0.07656096647917192,506.9087439515398,1.3160157479732333
352,composite_30_conservative_dmonth,not_completed,0.07656096647917192,2274.5180604425414,1.0707300817305594
352,composite_90_conservative_dmonth,early,0.09453627744108442,386.8435003556033,1.4022803400049455
352,composite_90_conservative_dmonth,not_completed,0.09453627744108442,1783.946573875928,1.0965544515630727
353,composite_30,early,0.07974549349431846,556.8816246742962,1.3636214783729965
353,composite_30,not_completed,0.07974549349431846,2504.8251518194566,1.0899902080473385
353,readmit_30,early,0.07969673757774835,556.9329026040846,1.3753972734449451
353,readmit_30,not_completed,0.07969673757774835,2504.7614558019395,1.0962593578215223
353,death_30,early,0.07916328241532174,556.5505846324276,1.3760917675422508
353,death_30,not_completed,0.07916328241532174,2515.7325600107815,1.0941095937230714
353,composite_90,early,0.08012453391293813,452.97751075707583,1.4108870046436695
353,composite_90,not_completed,0.08012453391293813,2028.690804184591,1.098807091055607
353,composite_30_conservative_dmonth,early,0.08349485568211565,520.2808274187702,1.4063001490288205
353,composite_30_conservative_dmonth,not_completed,0.08349485568211565,2282.699976148805,1.0962601201357014
353,composite_90_conservative_dmonth,early,0.08996546949155837,381.17654626870836,1.4759128467898437
353,composite_90_conservative_dmonth,not_completed,0.08996546949155837,1775.4931688597085,1.1191402838998283
354,composite_30,early,0.08299227377761703,551.5594952016006,1.2856238111683091
354,composite_30,not_completed,0.08299227377761703,2492.084035904214,1.0742287389821563
354,readmit_30,early,0.08296119331079121,551.3563144994469,1.2941468905186286
354,readmit_30,not_completed,0.08296119331079121,2492.0145915040785,1.076424401361941
354,death_30,early,0.08285667161540344,552.5475958323768,1.2954696736770646
354,death_30,not_completed,0.08285667161540344,2504.068082183089,1.0740666692540297
354,composite_90,early,0.07585387265099396,462.3527983340574,1.308592109868149
354,composite_90,not_completed,0.07585387265099396,1993.2789458486818,1.0780223240239688
354,composite_30_conservative_dmonth,early,0.07987988079760498,517.7951084085581,1.3021004576701112
354,composite_30_conservative_dmonth,not_completed,0.07987988079760498,2263.0123911995433,1.0812712764318144
354,composite_90_conservative_dmonth,early,0.08964800114805131,393.68252249766033,1.3684542843692686
354,composite_90_conservative_dmonth,not_completed,0.08964800114805131,1724.9109779611565,1.0981721830684792
355,composite_30,early,0.09771470045304063,560.4087673593964,1.382682807217473
355,composite_30,not_completed,0.09771470045304063,2560.435270401126,1.1094257526246376
355,readmit_30,early,0.09778872023077442,560.9939853740249,1.3589181646349793
355,readmit_30,not_completed,0.09778872023077442,2560.5615627306875,1.1081481803363282
355,death_30,early,0.09589832382208695,563.1190681293093,1.3630942251237474
355,death_30,not_completed,0.09589832382208695,2575.6166094113023,1.1024265056016245
355,composite_90,early,0.10200436851658964,462.2394978582301,1.3936496977563142
355,composite_90,not_completed,0.10200436851658964,2099.5915233921164,1.1198623715832372
355,composite_30_conservative_dmonth,early,0.10144633318765736,520.0785655745542,1.3733072992112803
355,composite_30_conservative_dmonth,not_completed,0.10144633318765736,2332.4998944222643,1.1180801211805629
355,composite_90_conservative_dmonth,early,0.10721070757918638,394.00353768630185,1.3732332376295773
355,composite_90_conservative_dmonth,not_completed,0.10721070757918638,1800.7723754077508,1.1050023817207513
356,composite_30,early,0.07331747480355465,545.7501421311702,1.3412462558564764
356,composite_30,not_completed,0.07331747480355465,2440.1932998171337,1.0853906164167761
356,readmit_30,early,0.07337109144044822,545.6127733737706,1.346898517951282
356,readmit_30,not_completed,0.07337109144044822,2440.1198003026416,1.0890694511255345
356,death_30,early,0.07297183160991329,546.8035314836993,1.3391759218480768
356,death_30,not_completed,0.07297183160991329,2451.219524725384,1.0842326139314558
356,composite_90,early,0.08092494379082353,450.97055867239544,1.3502877602077727
356,composite_90,not_completed,0.08092494379082353,1946.4017984076042,1.080620762343473
356,composite_30_conservative_dmonth,early,0.08166835879533385,507.4578759779728,1.276684529450052
356,composite_30_conservative_dmonth,not_completed,0.08166835879533385,2203.5649392758132,1.0719613687559506
356,composite_90_conservative_dmonth,early,0.09549228887703175,377.4695267219829,1.3918147852775213
356,composite_90_conservative_dmonth,not_completed,0.09549228887703175,1671.2687774223828,1.0947477708698612
357,composite_30,early,0.06991639959457296,543.9870619383925,1.2483546074378584
357,composite_30,not_completed,0.06991639959457296,2614.905604172107,1.0532252047035378
357,readmit_30,early,0.06988548286298206,544.516646837867,1.2086956062359409
357,readmit_30,not_completed,0.06988548286298206,2614.9740238609725,1.0550279127021036
357,death_30,early,0.07141251290660298,544.4921897671064,1.2053294844952356
357,death_30,not_completed,0.07141251290660298,2625.9601565273483,1.0544023368750117
357,composite_90,early,0.06831750633831649,447.21741936503383,1.1874320670743619
357,composite_90,not_completed,0.06831750633831649,2122.037212815127,1.0576987066294596
357,composite_30_conservative_dmonth,early,0.07124595131996328,506.4574603205391,1.2283866197008921
357,composite_30_conservative_dmonth,not_completed,0.07124595131996328,2358.8531552602462,1.0619621999854387
357,composite_90_conservative_dmonth,early,0.07721656838791874,391.0380940561611,1.2854210862115862
357,composite_90_conservative_dmonth,not_completed,0.07721656838791874,1852.723773494469,1.0781087017156699
358,composite_30,early,0.06151775700284571,529.6881533533054,1.4319264782207
358,composite_30,not_completed,0.06151775700284571,2518.3383309496626,1.0815939977175661
358,readmit_30,early,0.06152646675639826,529.6723327172931,1.4247700897640405
358,readmit_30,not_completed,0.06152646675639826,2518.3294925052087,1.0802004351467664
358,death_30,early,0.061677580167079124,529.4337827863171,1.442524399923836
358,death_30,not_completed,0.061677580167079124,2533.3007822590566,1.0823453495309947
358,composite_90,early,0.06908420488289338,446.51776336157843,1.4119261995701695
358,composite_90,not_completed,0.06908420488289338,2056.3934351969015,1.0896118156520005
358,composite_30_conservative_dmonth,early,0.06511034989566512,499.1266008819712,1.3936859462588553
358,composite_30_conservative_dmonth,not_completed,0.06511034989566512,2289.424947512233,1.0842823748537338
358,composite_90_conservative_dmonth,early,0.0876902028946122,378.2195429928605,1.5071831299307443
358,composite_90_conservative_dmonth,not_completed,0.0876902028946122,1786.0873958074021,1.1047631728738887
359,composite_30,early,0.07621490753000121,537.1707162878972,1.3199430197357322
359,composite_30,not_completed,0.07621490753000121,2483.795283661722,1.0912723025460715
359,readmit_30,early,0.07627968703856218,537.0445819507191,1.319464083294276
359,readmit_30,not_completed,0.07627968703856218,2483.7433160210585,1.0938420646848543
359,death_30,early,0.07650316694106218,537.9773027677699,1.312598872336497
359,death_30,not_completed,0.07650316694106218,2498.7490422650394,1.094262446560902
359,composite_90,early,0.05724951703812989,447.1500165186131,1.356222932830951
359,composite_90,not_completed,0.05724951703812989,1990.9073748622263,1.0986284245983422
359,composite_30_conservative_dmonth,early,0.07111494475064588,500.0964682851501,1.321242733872602
359,composite_30_conservative_dmonth,not_completed,0.07111494475064588,2223.7635286399277,1.0995570715311351
359,composite_90_conservative_dmonth,early,0.07002178023637089,382.039355834877,1.3509737322283986
359,composite_90_conservative_dmonth,not_completed,0.07002178023637089,1727.7640770594267,1.106320518872813
360,composite_30,early,0.07274093982167955,558.707858139038,1.300972361076256
360,composite_30,not_completed,0.07274093982167955,2465.19189266157,1.0873386505774079
360,readmit_30,early,0.07270114061560985,558.824771074678,1.3058655434872308
360,readmit_30,not_completed,0.07270114061560985,2465.206107263675,1.0864385525844855
360,death_30,early,0.06993391726514357,560.0891573505039,1.2932389394259969
360,death_30,not_completed,0.06993391726514357,2479.2705299673416,1.0834824227996425
360,composite_90,early,0.07671675678700147,465.47373719637994,1.286386964619279
360,composite_90,not_completed,0.07671675678700147,1999.2023542971226,1.0920702230688302
360,composite_30_conservative_dmonth,early,0.07227798116333947,521.1034213514216,1.2969936003904774
360,composite_30_conservative_dmonth,not_completed,0.07227798116333947,2242.2126996873944,1.0908471775124038
360,composite_90_conservative_dmonth,early,0.09287957935281518,398.43834475144286,1.3190933443562287
360,composite_90_conservative_dmonth,not_completed,0.09287957935281518,1701.9357297286883,1.1110848472137407
361,composite_30,early,0.0697468159835379,569.6791608053697,1.2740196825580368
361,composite_30,not_completed,0.0697468159835379,2582.106926083641,1.0820135356906453
361,readmit_30,early,0.06972222393651671,569.9556011047173,1.2688006496045172
361,readmit_30,not_completed,0.06972222393651671,2582.156985532762,1.0826056615401376
361,death_30,early,0.06873500793749855,570.49321117717,1.2864648328044057
361,death_30,not_completed,0.06873500793749855,2589.0911947200093,1.0818407014043852
361,composite_90,early,0.08114453877911319,464.0063624016256,1.3435198541456035
361,composite_90,not_completed,0.08114453877911319,2059.0114250722245,1.096617443251911
361,composite_30_conservative_dmonth,early,0.07764610531260678,528.2712712782525,1.3177287419610533
361,composite_30_conservative_dmonth,not_completed,0.07764610531260678,2335.7545367125535,1.0902433479887519
361,composite_90_conservative_dmonth,early,0.0923100879102934,394.10179760171343,1.3867879470241828
361,composite_90_conservative_dmonth,not_completed,0.0923100879102934,1803.6749089546847,1.1019484134040416
362,composite_30,early,0.08494512525278888,541.8958463520173,1.3701174771974933
362,composite_30,not_completed,0.08494512525278888,2405.53275735198,1.0907503369267293
362,readmit_30,early,0.0849685526804931,541.8625687328854,1.3741156326972752
362,readmit_30,not_completed,0.0849685526804931,2405.5240051887954,1.0908047326543242
362,death_30,early,0.08545368297445088,542.4501750708741,1.3769353924058552
362,death_30,not_completed,0.08545368297445088,2418.4243788865897,1.093775991849764
362,composite_90,early,0.10163041619104289,467.2766137853782,1.4157195100025164
362,composite_90,not_completed,0.10163041619104289,1966.285813315993,1.1143180143366507
362,composite_30_conservative_dmonth,early,0.09048838147564289,513.2937274551026,1.399522152154262
362,composite_30_conservative_dmonth,not_completed,0.09048838147564289,2190.2475333282123,1.100837200205335
362,composite_90_conservative_dmonth,early,0.11480931991295965,397.94264822539134,1.455743232487847
362,composite_90_conservative_dmonth,not_completed,0.11480931991295965,1677.3229339330953,1.1226225446887428
363,composite_30,early,0.09838480338048214,549.4110992935887,1.3521142638846742
363,composite_30,not_completed,0.09838480338048214,2481.777955634226,1.0885802574538705
363,readmit_30,early,0.09836751134991159,549.3649098921652,1.352292267673217
363,readmit_30,not_completed,0.09836751134991159,2481.7481879025745,1.0901142636685544
363,death_30,early,0.09518308500745547,550.4886883236835,1.3650888993518244
363,death_30,not_completed,0.09518308500745547,2496.8068639490575,1.0861158487087315
363,composite_90,early,0.093097281197713,445.149882405096,1.4339681265668154
363,composite_90,not_completed,0.093097281197713,1980.6235818899352,1.1084275712155744
363,composite_30_conservative_dmonth,early,0.10243391550237002,506.4656737039938,1.3721462709623968
363,composite_30_conservative_dmonth,not_completed,0.10243391550237002,2235.7226988814136,1.095885711715361
363,composite_90_conservative_dmonth,early,0.09642627825758003,381.55086802345807,1.5311804020278812
363,composite_90_conservative_dmonth,not_completed,0.09642627825758003,1700.3469606030344,1.1310274935386087
364,composite_30,early,0.09594315176841496,564.6662059544404,1.3898418044944265
364,composite_30,not_completed,0.09594315176841496,2517.2310331971316,1.0998137314769258
364,readmit_30,early,0.09591672873134317,564.535117840161,1.4004141896259645
364,readmit_30,not_completed,0.09591672873134317,2517.2417351548665,1.0984498831609883
364,death_30,early,0.09728476984991485,566.3119797470591,1.4073479939908207
364,death_30,not_completed,0.09728476984991485,2532.1424411470985,1.1015222623050522
364,composite_90,early,0.07604673260585375,463.7017146752721,1.3986075480718392
364,composite_90,not_completed,0.07604673260585375,2062.2666714884044,1.1039079318529497
364,composite_30_conservative_dmonth,early,0.09433526479231484,531.6507015259758,1.4352677198030512
364,composite_30_conservative_dmonth,not_completed,0.09433526479231484,2300.0928365042478,1.1097139566897645
364,composite_90_conservative_dmonth,early,0.07682902148278284,393.5058266446341,1.460152771188709
364,composite_90_conservative_dmonth,not_completed,0.07682902148278284,1819.982935857046,1.1322253800868969
365,composite_30,early,0.07901265689039845,553.3380672226119,1.3273887575437209
365,composite_30,not_completed,0.07901265689039845,2538.2604305871882,1.076643136289159
365,readmit_30,early,0.07893805361571166,553.287909414545,1.3401684816799588
365,readmit_30,not_completed,0.07893805361571166,2538.2533323601874,1.0764378924341667
365,death_30,early,0.07837102589345997,553.453718744114,1.324119778629105
365,death_30,not_completed,0.07837102589345997,2550.289427259629,1.0751736582822227
365,composite_90,early,0.08932588739643009,455.7011583248011,1.3104649010778766
365,composite_90,not_completed,0.08932588739643009,2047.3830805604164,1.0757369634367158
365,composite_30_conservative_dmonth,early,0.08288672460501938,516.9163926009148,1.3388784505980225
365,composite_30_conservative_dmonth,not_completed,0.08288672460501938,2317.226974818615,1.0800745176772861
365,composite_90_conservative_dmonth,early,0.09166868559474878,395.64366611600457,1.3329100304626311
365,composite_90_conservative_dmonth,not_completed,0.09166868559474878,1768.1396095769564,1.0876411328527271
366,composite_30,early,0.08355323031864573,572.0522710486033,1.360711641579614
366,composite_30,not_completed,0.08355323031864573,2560.6840692644687,1.0927039645226355
366,readmit_30,early,0.08348628945347884,572.2530160643674,1.3557113231480336
366,readmit_30,not_completed,0.08348628945347884,2560.7340039435594,1.0895583192955511
366,death_30,early,0.08297647007161726,573.9285865985524,1.3744572896764384
366,death_30,not_completed,0.08297647007161726,2573.676796924192,1.0920474431624565
366,composite_90,early,0.07366367148524179,480.99438141760413,1.3257932573344446
366,composite_90,not_completed,0.07366367148524179,2041.7952025150023,1.097311710643327
366,composite_30_conservative_dmonth,early,0.0804328784540843,534.6027005719567,1.3498363578338048
366,composite_30_conservative_dmonth,not_completed,0.0804328784540843,2318.799673763364,1.1010645435365913
366,composite_90_conservative_dmonth,early,0.08001950755861553,406.6730297156119,1.3867697199171838
366,composite_90_conservative_dmonth,not_completed,0.08001950755861553,1787.8625930268724,1.1089411246918586
367,composite_30,early,0.0669734895435688,539.5028590646607,1.3840178959084388
367,composite_30,not_completed,0.0669734895435688,2540.712479071143,1.0873123665110118
367,readmit_30,early,0.066930637407485,539.3807194216754,1.4007501524438613
367,readmit_30,not_completed,0.066930637407485,2540.608486980449,1.0888738978364694
367,death_30,early,0.06639498786384711,539.1708083929833,1.3944696515639436
367,death_30,not_completed,0.06639498786384711,2552.645449235144,1.085966482332748
367,composite_90,early,0.06655921029678132,443.3320532900395,1.4652970702340862
367,composite_90,not_completed,0.06655921029678132,2050.527123464134,1.1020856740157483
367,composite_30_conservative_dmonth,early,0.06957072039132786,501.7956089904746,1.3677027964135584
367,composite_30_conservative_dmonth,not_completed,0.06957072039132786,2297.6539360515467,1.0901051271179485
367,composite_90_conservative_dmonth,early,0.07730155602337146,378.35136291243276,1.484700076184279
367,composite_90_conservative_dmonth,not_completed,0.07730155602337146,1761.5028683696667,1.1173297688361088
368,composite_30,early,0.06847430416336019,537.2079611372959,1.284300101691897
368,composite_30,not_completed,0.06847430416336019,2547.5155300699666,1.0767111342222984
368,readmit_30,early,0.06844762935957859,537.3902588591359,1.2848247041689878
368,readmit_30,not_completed,0.06844762935957859,2547.51686545537,1.078578287677921
368,death_30,early,0.06892946551830706,539.2027168152645,1.282970661906043
368,death_30,not_completed,0.06892946551830706,2561.4972718188974,1.0763764155767939
368,composite_90,early,0.07972456688696195,445.67936279957354,1.2809049486198782
368,composite_90,not_completed,0.07972456688696195,2045.0019027283947,1.0636458945876903
368,composite_30_conservative_dmonth,early,0.06679287868870451,497.3810160438323,1.2609868920172556
368,composite_30_conservative_dmonth,not_completed,0.06679287868870451,2318.9082991345927,1.0623377756423926
368,composite_90_conservative_dmonth,early,0.09342139033969599,380.5794130537963,1.3818148895757216
368,composite_90_conservative_dmonth,not_completed,0.09342139033969599,1734.6873076600918,1.0781680616489049
369,composite_30,early,0.08847995130876782,561.6403195398489,1.3431892084894568
369,composite_30,not_completed,0.08847995130876782,2518.0471490704763,1.0773680762965205
369,readmit_30,early,0.08838312418170505,561.9758272615334,1.3238596782968453
369,readmit_30,not_completed,0.08838312418170505,2518.1029656310307,1.0780147774600446
369,death_30,early,0.08894471576832662,562.891498784186,1.3330376025300013
369,death_30,not_completed,0.08894471576832662,2531.1142298800714,1.0747607574234985
369,composite_90,early,0.11269530343272693,463.14779997795335,1.3360646506520555
369,composite_90,not_completed,0.11269530343272693,2026.0808686820176,1.082155514760519
369,composite_30_conservative_dmonth,early,0.10752399336618076,525.9567903610899,1.3117011707576538
369,composite_30_conservative_dmonth,not_completed,0.10752399336618076,2260.0450004166305,1.0776541393173693
369,composite_90_conservative_dmonth,early,0.1114269911038665,391.8926776141545,1.3932068163340656
369,composite_90_conservative_dmonth,not_completed,0.1114269911038665,1748.8413813880588,1.1091179696699305
370,composite_30,early,0.0928920827334497,570.4584351745654,1.318212411483257
370,composite_30,not_completed,0.0928920827334497,2551.2815093019467,1.0960017625420295
370,readmit_30,early,0.09287565230538349,570.6198204811471,1.296060565214925
370,readmit_30,not_completed,0.09287565230538349,2551.318083730433,1.0925620140558734
370,death_30,early,0.09184838375452022,570.8224230111945,1.2915473925609906
370,death_30,not_completed,0.09184838375452022,2561.4015133896487,1.0919315395448774
370,composite_90,early,0.09141393509617057,473.30891340622486,1.33362015418411
370,composite_90,not_completed,0.09141393509617057,2116.4431755202095,1.1003782125838657
370,composite_30_conservative_dmonth,early,0.08814556583444472,531.5572930803537,1.3735282918981724
370,composite_30_conservative_dmonth,not_completed,0.08814556583444472,2345.953891719523,1.1048984146755128
370,composite_90_conservative_dmonth,early,0.11313020904260745,396.97262932722845,1.4202963245629598
370,composite_90_conservative_dmonth,not_completed,0.11313020904260745,1778.4024458798713,1.1081496557329058
371,composite_30,early,0.07016719186082568,563.8250897853874,1.2818919014965557
371,composite_30,not_completed,0.07016719186082568,2495.219572343344,1.0783994299781994
371,readmit_30,early,0.07016769379075806,563.7298104233588,1.2895367021673345
371,readmit_30,not_completed,0.07016769379075806,2495.1852895491443,1.0770524054595727
371,death_30,early,0.0674950356749897,564.8237112429123,1.272071554984763
371,death_30,not_completed,0.0674950356749897,2509.2011886400164,1.0775973468895623
371,composite_90,early,0.07514468823274076,476.1373524169123,1.3529422990087994
371,composite_90,not_completed,0.07514468823274076,2043.12111976488,1.094308349462786
371,composite_30_conservative_dmonth,early,0.0778106273972889,527.1955407875954,1.347801805529454
371,composite_30_conservative_dmonth,not_completed,0.0778106273972889,2274.163206278225,1.0821857290461903
371,composite_90_conservative_dmonth,early,0.09406590255181407,408.9019309591493,1.4225737565739476
371,composite_90_conservative_dmonth,not_completed,0.09406590255181407,1775.8734995369234,1.1115404230182402
372,composite_30,early,0.06619538591109914,534.8874308188321,1.296239663412066
372,composite_30,not_completed,0.06619538591109914,2492.1631767941867,1.079645929082776
372,readmit_30,early,0.06616673455778452,534.7760559013016,1.2964402087028777
372,readmit_30,not_completed,0.06616673455778452,2492.0995646769466,1.0794022756857142
372,death_30,early,0.06375426069482669,535.9225376328858,1.294597095283649
372,death_30,not_completed,0.06375426069482669,2508.1675796028608,1.0835444758432302
372,composite_90,early,0.06454405876316079,440.90438896057617,1.3522025028750269
372,composite_90,not_completed,0.06454405876316079,1996.9300467005614,1.0966107782246253
372,composite_30_conservative_dmonth,early,0.06757632966134536,495.68518896866783,1.3216101357219612
372,composite_30_conservative_dmonth,not_completed,0.06757632966134536,2248.010691462283,1.095358560384841
372,composite_90_conservative_dmonth,early,0.06420595709964533,383.37894711888003,1.362309398795167
372,composite_90_conservative_dmonth,not_completed,0.06420595709964533,1758.907890716237,1.1106887344863325
373,composite_30,early,0.0770974140484968,536.116006103982,1.275095008073735
373,composite_30,not_completed,0.0770974140484968,2471.3271069172797,1.074478324614023
373,readmit_30,early,0.07713945784419611,536.1293111821326,1.2786618027100987
373,readmit_30,not_completed,0.07713945784419611,2471.316445390271,1.0775791371513637
373,death_30,early,0.07828815317566921,536.2769093302952,1.279258703615736
373,death_30,not_completed,0.07828815317566921,2483.3367843011742,1.0777236859640054
373,composite_90,early,0.05816004493150351,438.746754662596,1.296374464525718
373,composite_90,not_completed,0.05816004493150351,1984.483840391513,1.0740820285902741
373,composite_30_conservative_dmonth,early,0.06293421817139014,496.6349245746322,1.2956593741618356
373,composite_30_conservative_dmonth,not_completed,0.06293421817139014,2237.3319846735076,1.0801852957877671
373,composite_90_conservative_dmonth,early,0.0615686672559435,375.3666464788429,1.3281569261323387
373,composite_90_conservative_dmonth,not_completed,0.0615686672559435,1717.3051860006033,1.0864298047757301
374,composite_30,early,0.08535092748366158,569.4920981797566,1.3819628046744454
374,composite_30,not_completed,0.08535092748366158,2488.2492019251385,1.078120049993969
374,readmit_30,early,0.08540202266278604,569.6537761197515,1.3752152195955
374,readmit_30,not_completed,0.08540202266278604,2488.237905631272,1.0775375060997612
374,death_30,early,0.08280758975346247,571.4496812377471,1.3695779724007489
374,death_30,not_completed,0.08280758975346247,2502.227756222092,1.0759990597219873
374,composite_90,early,0.085770304951539,478.01587468173847,1.3452070406752556
374,composite_90,not_completed,0.085770304951539,2029.268550977108,1.0879305778853596
374,composite_30_conservative_dmonth,early,0.09360812771251219,538.6061647147579,1.389296097501161
374,composite_30_conservative_dmonth,not_completed,0.09360812771251219,2276.191261924255,1.080525652248955
374,composite_90_conservative_dmonth,early,0.09898976480633868,407.88906234782615,1.413238417608157
374,composite_90_conservative_dmonth,not_completed,0.09898976480633868,1765.2336265798372,1.0913676002813866
375,composite_30,early,0.07804891243527715,535.2673837966477,1.2996034347573366
375,composite_30,not_completed,0.07804891243527715,2413.163918538784,1.0748271315749474
375,readmit_30,early,0.07800985519280418,535.1618745880538,1.3009045988197554
375,readmit_30,not_completed,0.07800985519280418,2413.1348005642194,1.076991873131343
375,death_30,early,0.07858376614135422,537.155791315439,1.2912577129918559
375,death_30,not_completed,0.07858376614135422,2425.0975538697467,1.0768976776912553
375,composite_90,early,0.0806650779079726,444.0876081078476,1.3498769116405582
375,composite_90,not_completed,0.0806650779079726,1956.1489188055289,1.0892399968742181
375,composite_30_conservative_dmonth,early,0.072585999627308,496.3940154467227,1.3195395101265417
375,composite_30_conservative_dmonth,not_completed,0.072585999627308,2185.1974850039437,1.0793990238740496
375,composite_90_conservative_dmonth,early,0.09352419070885515,372.7210445656335,1.435359491784499
375,composite_90_conservative_dmonth,not_completed,0.09352419070885515,1701.9639538716265,1.0947144562144595
376,composite_30,early,0.07500285807324349,587.2347707814157,1.2738341888841616
376,composite_30,not_completed,0.07500285807324349,2586.059501955976,1.075620047531473
376,readmit_30,early,0.07500661437393621,587.2841575665929,1.2729664071132805
376,readmit_30,not_completed,0.07500661437393621,2586.0467085478545,1.0762635739933666
376,death_30,early,0.07517597856209114,589.2051008203634,1.2803250194144937
376,death_30,not_completed,0.07517597856209114,2594.079511863543,1.0736176684770082
376,composite_90,early,0.08111071169276982,494.5919390229128,1.2657375579149985
376,composite_90,not_completed,0.08111071169276982,2111.430619302061,1.0797935819529687
376,composite_30_conservative_dmonth,early,0.08518848257140706,549.0273741285594,1.2737639560730247
376,composite_30_conservative_dmonth,not_completed,0.08518848257140706,2342.247731017491,1.077113068927779
376,composite_90_conservative_dmonth,early,0.07631537270436378,428.94325200449055,1.2898830617623256
376,composite_90_conservative_dmonth,not_completed,0.07631537270436378,1861.9994344683687,1.0985865455274288
377,composite_30,early,0.07488482660684356,565.8289777860332,1.3371476941678004
377,composite_30,not_completed,0.07488482660684356,2600.590988923203,1.0958139566974179
377,readmit_30,early,0.07494305055358738,565.6752868985931,1.3510915885029455
377,readmit_30,not_completed,0.07494305055358738,2600.499595013695,1.1003408933946544
377,death_30,early,0.0753582083613826,566.9631972852176,1.3566346116465204
377,death_30,not_completed,0.0753582083613826,2617.5713926436624,1.09684224088306
377,composite_90,early,0.07684306722978643,473.37413803939387,1.3254223510632215
377,composite_90,not_completed,0.07684306722978643,2131.062299648924,1.0882820478549604
377,composite_30_conservative_dmonth,early,0.06953963210608875,530.565535340441,1.3367316347931115
377,composite_30_conservative_dmonth,not_completed,0.06953963210608875,2373.6983053581907,1.093003666095997
377,composite_90_conservative_dmonth,early,0.09043797951596783,401.062481058498,1.3771910834729248
377,composite_90_conservative_dmonth,not_completed,0.09043797951596783,1866.8358444837145,1.1110594243410297
378,composite_30,early,0.07310345539167129,577.1344484767998,1.3633359968046013
378,composite_30,not_completed,0.07310345539167129,2593.47320243124,1.1025387815581664
378,readmit_30,early,0.07307758683303806,577.080647895528,1.3700453602986036
378,readmit_30,not_completed,0.07307758683303806,2593.4664559641055,1.1009743343222262
378,death_30,early,0.07328165127406147,578.4744309424141,1.3570446942862133
378,death_30,not_completed,0.07328165127406147,2607.63327435791,1.0941963223605078
378,composite_90,early,0.07402217905784385,488.91360745724654,1.402082734723639
378,composite_90,not_completed,0.07402217905784385,2125.6705904412315,1.1081603597017564
378,composite_30_conservative_dmonth,early,0.08069579245652315,540.3443585005848,1.375217536965054
378,composite_30_conservative_dmonth,not_completed,0.08069579245652315,2352.337187661472,1.1062285441271642
378,composite_90_conservative_dmonth,early,0.08646905112906245,416.9658805767169,1.4706706656416175
378,composite_90_conservative_dmonth,not_completed,0.08646905112906245,1858.5326808953293,1.1229027348407885
379,composite_30,early,0.0747189549662153,572.7598147805539,1.2802182757947735
379,composite_30,not_completed,0.0747189549662153,2491.8519587846918,1.0735009955943708
379,readmit_30,early,0.07470413387697694,572.9142324035129,1.2767203125198021
379,readmit_30,not_completed,0.07470413387697694,2491.871409034355,1.0741787867666768
379,death_30,early,0.07319761383894924,575.1171908423898,1.2908087828784451
379,death_30,not_completed,0.07319761383894924,2504.9458703461914,1.0721432345442794
379,composite_90,early,0.07927062549052089,482.10204003658697,1.3013045513816635
379,composite_90,not_completed,0.07927062549052089,2039.273700427522,1.0719759218884426
379,composite_30_conservative_dmonth,early,0.08004970795738786,534.5649704756122,1.3001841970759052
379,composite_30_conservative_dmonth,not_completed,0.08004970795738786,2270.151803601373,1.0740061804118894
379,composite_90_conservative_dmonth,early,0.09463628437146875,411.87079505184624,1.3223214011156526
379,composite_90_conservative_dmonth,not_completed,0.09463628437146875,1780.2465467243428,1.08830277850091
380,composite_30,early,0.07069527894870992,534.6530958371914,1.320836777766116
380,composite_30,not_completed,0.07069527894870992,2424.0697756391646,1.0801861693358372
380,readmit_30,early,0.0707742524486735,534.6220282008846,1.3275890128814527
380,readmit_30,not_completed,0.0707742524486735,2424.0191605587115,1.083764137525297
380,death_30,early,0.06843345718790114,535.3579761947165,1.3329987187069876
380,death_30,not_completed,0.06843345718790114,2434.985920421505,1.081655417191915
380,composite_90,early,0.06849614668719785,441.4023357731426,1.3851437051000712
380,composite_90,not_completed,0.06849614668719785,1940.0965017179406,1.0853104920385066
380,composite_30_conservative_dmonth,early,0.07112439525134628,497.0843119991084,1.354552925231309
380,composite_30_conservative_dmonth,not_completed,0.07112439525134628,2183.896329651375,1.0841925293238128
380,composite_90_conservative_dmonth,early,0.08473251316519397,385.3313495774908,1.385710038145601
380,composite_90_conservative_dmonth,not_completed,0.08473251316519397,1663.986114321014,1.10002142225119
381,composite_30,early,0.07217282759765767,560.4831271179647,1.3050760095653224
381,composite_30,not_completed,0.07217282759765767,2541.903662328249,1.0795407098807799
381,readmit_30,early,0.07221850687843237,560.4745009422137,1.2979459463959295
381,readmit_30,not_completed,0.07221850687843237,2541.843477434676,1.0833101895063462
381,death_30,early,0.07145520495512418,560.1847098935218,1.324553627893857
381,death_30,not_completed,0.07145520495512418,2555.8413540865877,1.0798223797470774
381,composite_90,early,0.07940504465210967,469.6646475006127,1.350219040187466
381,composite_90,not_completed,0.07940504465210967,2012.9161652734308,1.0858611309928943
381,composite_30_conservative_dmonth,early,0.07831169143789811,522.9902841646406,1.2927184644232124
381,composite_30_conservative_dmonth,not_completed,0.07831169143789811,2257.963624763645,1.0821268662935715
381,composite_90_conservative_dmonth,early,0.09353145390932935,395.15800261124207,1.4077215584501885
381,composite_90_conservative_dmonth,not_completed,0.09353145390932935,1700.8155726260206,1.1035596930601594
382,composite_30,early,0.0693722253065737,562.8402488607117,1.2777707501489897
382,composite_30,not_completed,0.0693722253065737,2521.945356901287,1.08115909460127
382,readmit_30,early,0.0694101399098682,562.954067011719,1.2734402709514325
382,readmit_30,not_completed,0.0694101399098682,2521.9617831023825,1.0808241891538948
382,death_30,early,0.06921111239227534,564.7800785428548,1.2853794342916218
382,death_30,not_completed,0.06921111239227534,2528.9467351968497,1.0790578529146337
382,composite_90,early,0.06985569331584576,465.08685282517007,1.3014583745250228
382,composite_90,not_completed,0.06985569331584576,2052.257319789204,1.0772807635408324
382,composite_30_conservative_dmonth,early,0.07402575101022968,524.276400730704,1.287245755897593
382,composite_30_conservative_dmonth,not_completed,0.07402575101022968,2288.9021236568406,1.0828110864359997
382,composite_90_conservative_dmonth,early,0.07165547400257462,395.5627250905235,1.3535716684316115
382,composite_90_conservative_dmonth,not_completed,0.07165547400257462,1779.9448276970893,1.0933656900631588
383,composite_30,early,0.054607689952694057,560.9416093324543,1.2542787269302242
383,composite_30,not_completed,0.054607689952694057,2469.429793336011,1.0643997042457634
383,readmit_30,early,0.054607689952694057,560.9416093324543,1.2542787269302242
383,readmit_30,not_completed,0.054607689952694057,2469.429793336011,1.0643997042457634
383,death_30,early,0.0559034232319623,562.9174130901547,1.2569242453592948
383,death_30,not_completed,0.0559034232319623,2484.4028243623516,1.0633657715688996
383,composite_90,early,0.06291909839674478,467.04709723961685,1.3110523844189215
383,composite_90,not_completed,0.06291909839674478,2007.6677611219043,1.0748079545112812
383,composite_30_conservative_dmonth,early,0.06748904810971723,527.395036020394,1.2743230035932533
383,composite_30_conservative_dmonth,not_completed,0.06748904810971723,2236.4365099284914,1.0743955640941205
383,composite_90_conservative_dmonth,early,0.0636529895061389,398.61033478994494,1.2997523307647922
383,composite_90_conservative_dmonth,not_completed,0.0636529895061389,1755.8080131602728,1.0763896058148699
384,composite_30,early,0.07973494084124075,563.567946014962,1.3449764752093933
384,composite_30,not_completed,0.07973494084124075,2575.5622865024725,1.0845307152808343
384,readmit_30,early,0.07970331499870024,563.7326891295891,1.339930210891804
384,readmit_30,not_completed,0.07970331499870024,2575.603810282403,1.0850025253706188
384,death_30,early,0.0784336424132791,565.7818371251326,1.3394922408137138
384,death_30,not_completed,0.0784336424132791,2585.6183824623927,1.0829967322196279
384,composite_90,early,0.0820703456525917,467.6804944632529,1.3432809025110357
384,composite_90,not_completed,0.0820703456525917,2108.9498021702957,1.0869236416699448
384,composite_30_conservative_dmonth,early,0.07962777464758412,524.0207076471611,1.3642061291847887
384,composite_30_conservative_dmonth,not_completed,0.07962777464758412,2350.5599047318237,1.0881281723410852
384,composite_90_conservative_dmonth,early,0.10114706255321854,400.20829679456386,1.3645917612198688
384,composite_90_conservative_dmonth,not_completed,0.10114706255321854,1863.951836551935,1.099109322321363
385,composite_30,early,0.08716798848176506,557.9692338637138,1.3999718569387019
385,composite_30,not_completed,0.08716798848176506,2544.434218527796,1.0922182250941799
385,readmit_30,early,0.08711302195870624,558.4290991296614,1.3778321710270758
385,readmit_30,not_completed,0.08711302195870624,2544.541138625508,1.0908531839257887
385,death_30,early,0.0879249148497022,558.8341610598494,1.3916011680462113
385,death_30,not_completed,0.0879249148497022,2559.3121552491884,1.0949371760234368
385,composite_90,early,0.0877948107882646,473.7365070597862,1.4436109022402308
385,composite_90,not_completed,0.0877948107882646,2088.497559631376,1.1075590145969616
385,composite_30_conservative_dmonth,early,0.08751770114515259,525.000387495594,1.39998415481429
385,composite_30_conservative_dmonth,not_completed,0.08751770114515259,2300.298600073277,1.1042838923830232
385,composite_90_conservative_dmonth,early,0.10397647323597212,405.3898117131561,1.5230581394137301
385,composite_90_conservative_dmonth,not_completed,0.10397647323597212,1825.0640951479,1.1224598681754456
386,composite_30,early,0.0873073828731415,587.3445760077797,1.3195223300264978
386,composite_30,not_completed,0.0873073828731415,2634.7607343772224,1.080210979843617
386,readmit_30,early,0.08733501004159132,587.0777464389126,1.3121613321144596
386,readmit_30,not_completed,0.08733501004159132,2634.66906859799,1.0826282178996822
386,death_30,early,0.08715958357005787,587.9453463174941,1.3274181996357997
386,death_30,not_completed,0.08715958357005787,2642.6591242737877,1.0829126123950956
386,composite_90,early,0.08770717161722724,498.17221197396924,1.3266572591221468
386,composite_90,not_completed,0.08770717161722724,2149.9231309814386,1.0832676648109498
386,composite_30_conservative_dmonth,early,0.08902673303597038,551.8150744802695,1.3162284525046068
386,composite_30_conservative_dmonth,not_completed,0.08902673303597038,2385.8352864879175,1.0786048642570987
386,composite_90_conservative_dmonth,early,0.10267776864575698,422.9873142256005,1.3658886662396892
386,composite_90_conservative_dmonth,not_completed,0.10267776864575698,1832.667782401932,1.0963866777579818
387,composite_30,early,0.05592382029557523,530.1018011140712,1.276323394745299
387,composite_30,not_completed,0.05592382029557523,2409.083405292635,1.0760951339918807
387,readmit_30,early,0.05586241519341937,530.0511216919832,1.2803046188758613
387,readmit_30,not_completed,0.05586241519341937,2409.0612398597577,1.0778742197286535
387,death_30,early,0.056126451611294634,531.1062017151303,1.276983565527914
387,death_30,not_completed,0.056126451611294634,2417.077921177925,1.0771615775126016
387,composite_90,early,0.07096912359795794,440.22825772703516,1.358209405399037
387,composite_90,not_completed,0.07096912359795794,1925.0715865954592,1.0888479834544036
387,composite_30_conservative_dmonth,early,0.07142550608589952,489.9807163663927,1.3356994440382648
387,composite_30_conservative_dmonth,not_completed,0.07142550608589952,2150.9277463353205,1.0829980800791337
387,composite_90_conservative_dmonth,early,0.08100319027298765,374.8455702555842,1.3687928671166822
387,composite_90_conservative_dmonth,not_completed,0.08100319027298765,1659.8952517748567,1.104758847637658
388,composite_30,early,0.07030475026230011,570.3903006139402,1.3159702064889274
388,composite_30,not_completed,0.07030475026230011,2533.928979774201,1.0935077217909301
388,readmit_30,early,0.07041849670276262,570.4538677362675,1.3123269491228884
388,readmit_30,not_completed,0.07041849670276262,2533.952832394613,1.0941899769266383
388,death_30,early,0.06995741290477811,571.4823775577164,1.3109784954929629
388,death_30,not_completed,0.06995741290477811,2541.9552023717747,1.0927899230762128
388,composite_90,early,0.0761855301818635,474.75019142298896,1.3429382461149986
388,composite_90,not_completed,0.0761855301818635,2061.1614128168967,1.0873051058943595
388,composite_30_conservative_dmonth,early,0.07452439595099779,532.6262245603128,1.3226570913230367
388,composite_30_conservative_dmonth,not_completed,0.07452439595099779,2290.9089955255713,1.1017580432703393
388,composite_90_conservative_dmonth,early,0.0890023677603041,400.8971772077074,1.3566201434659095
388,composite_90_conservative_dmonth,not_completed,0.0890023677603041,1811.285552041537,1.0925060215506477
389,composite_30,early,0.08281365136836774,593.8592882977099,1.273234342397547
389,composite_30,not_completed,0.08281365136836774,2501.003481635156,1.0752328004214464
389,readmit_30,early,0.08285267781055715,594.1074715402746,1.2690717143710402
389,readmit_30,not_completed,0.08285267781055715,2501.048245734846,1.0772952349137404
389,death_30,early,0.0829568676303197,596.1838771109218,1.2657138765445515
389,death_30,not_completed,0.0829568676303197,2515.1010685771976,1.075267756002699
389,composite_90,early,0.08928915473265824,506.31808709873513,1.313772773985261
389,composite_90,not_completed,0.08928915473265824,2049.0446001280534,1.0862707782898637
389,composite_30_conservative_dmonth,early,0.09167494014322843,555.4893880678915,1.2821421895236884
389,composite_30_conservative_dmonth,not_completed,0.09167494014322843,2266.051620652126,1.0893760512286355
389,composite_90_conservative_dmonth,early,0.090593154964207,433.67995386959706,1.3371440521179536
389,composite_90_conservative_dmonth,not_completed,0.090593154964207,1796.8680458564656,1.0974323058072217
390,composite_30,early,0.06636296588540708,555.7433083612679,1.373819016985084
390,composite_30,not_completed,0.06636296588540708,2472.1770841678003,1.0709659196194339
390,readmit_30,early,0.06634688968494354,555.7555410479755,1.3495725467779442
390,readmit_30,not_completed,0.06634688968494354,2472.1648139353415,1.0717823960189528
390,death_30,early,0.0653061156269886,555.673475937697,1.3702853286875145
390,death_30,not_completed,0.0653061156269886,2483.1446704722994,1.0703356366591135
390,composite_90,early,0.07138351878032764,471.4228938030194,1.390373940962483
390,composite_90,not_completed,0.07138351878032764,2026.054915906787,1.0939178086502472
390,composite_30_conservative_dmonth,early,0.06944835134979983,517.1451925436147,1.3797663441409955
390,composite_30_conservative_dmonth,not_completed,0.06944835134979983,2230.070109945233,1.0875048723765814
390,composite_90_conservative_dmonth,early,0.07417894264718143,398.71382949522655,1.4076264871754811
390,composite_90_conservative_dmonth,not_completed,0.07417894264718143,1784.1493832504448,1.1051233710442527
391,composite_30,early,0.06977132115864906,558.7560371717215,1.4149718005930563
391,composite_30,not_completed,0.06977132115864906,2606.7536032707917,1.0850509838753937
391,readmit_30,early,0.06979776281362761,558.4586082622574,1.4215781411592305
391,readmit_30,not_completed,0.06979776281362761,2606.588644551485,1.0898401572054113
391,death_30,early,0.06928561460686955,560.5052922710639,1.4104511396628916
391,death_30,not_completed,0.06928561460686955,2621.6708220340297,1.0880696614047667
391,composite_90,early,0.07818560214432162,458.3830347959914,1.375157662233353
391,composite_90,not_completed,0.07818560214432162,2096.1786499423583,1.0868252332466186
391,composite_30_conservative_dmonth,early,0.07921626999613085,517.5853224762293,1.441807971200316
391,composite_30_conservative_dmonth,not_completed,0.07921626999613085,2339.6410707091286,1.0889799769663446
391,composite_90_conservative_dmonth,early,0.10137337185610355,388.6051447429106,1.3488147563191262
391,composite_90_conservative_dmonth,not_completed,0.10137337185610355,1788.0652254665965,1.1034521552389123
392,composite_30,early,0.07824091973916644,549.2731342986332,1.4226656775345206
392,composite_30,not_completed,0.07824091973916644,2450.9544923485587,1.091007000698347
392,readmit_30,early,0.07838911673531175,549.6651146727273,1.427991422400119
392,readmit_30,not_completed,0.07838911673531175,2450.954327080295,1.0924623294856255
392,death_30,early,0.07880012163885113,551.3932690731274,1.4101326581529319
392,death_30,not_completed,0.07880012163885113,2464.941774523562,1.0884944849402516
392,composite_90,early,0.06824954535929253,458.5788567459524,1.4622053003963988
392,composite_90,not_completed,0.06824954535929253,1949.9291828940377,1.0998523420067692
392,composite_30_conservative_dmonth,early,0.07454801349443672,507.5945142907583,1.4982733972077114
392,composite_30_conservative_dmonth,not_completed,0.07454801349443672,2210.82751675691,1.0990228381642364
392,composite_90_conservative_dmonth,early,0.07580284413834948,392.7784500795072,1.5338105087705038
392,composite_90_conservative_dmonth,not_completed,0.07580284413834948,1695.739080516509,1.1293714254582432
393,composite_30,early,0.06401553803947073,552.9465293113882,1.3038293971047679
393,composite_30,not_completed,0.06401553803947073,2513.623235312733,1.0931833597153051
393,readmit_30,early,0.06402166350825009,552.7748866089079,1.310632389282547
393,readmit_30,not_completed,0.06402166350825009,2513.5343923193213,1.0960098906927982
393,death_30,early,0.0639622241551228,553.8206139911565,1.3013825720172079
393,death_30,not_completed,0.0639622241551228,2526.594467432722,1.0933587469616795
393,composite_90,early,0.08327559891391058,463.8857234836762,1.340421408654236
393,composite_90,not_completed,0.08327559891391058,2035.7559290772326,1.098508592570229
393,composite_30_conservative_dmonth,early,0.06567648837091243,512.5270586080587,1.3443262155169289
393,composite_30_conservative_dmonth,not_completed,0.06567648837091243,2266.6950739401127,1.1016816749318152
393,composite_90_conservative_dmonth,early,0.08999657585909107,391.2102809344832,1.341646355498407
393,composite_90_conservative_dmonth,not_completed,0.08999657585909107,1748.0158180601786,1.1035843281361641
394,composite_30,early,0.06974515312461119,563.6274596256886,1.332748106827822
394,composite_30,not_completed,0.06974515312461119,2570.5674664893595,1.0903794558692494
394,readmit_30,early,0.06973555824701368,563.9058386691588,1.3363045251928167
394,readmit_30,not_completed,0.06973555824701368,2570.58785046461,1.0938751547613876
394,death_30,early,0.06942073940294681,565.6724697648912,1.3307477512460493
394,death_30,not_completed,0.06942073940294681,2584.585133856435,1.0882556758092878
394,composite_90,early,0.07928458975079868,461.1822286705439,1.3776607543155086
394,composite_90,not_completed,0.07928458975079868,2072.7710410921327,1.097292261089538
394,composite_30_conservative_dmonth,early,0.06661588823239652,522.9813616525195,1.3228147118275375
394,composite_30_conservative_dmonth,not_completed,0.06661588823239652,2306.5071632268505,1.0989925492461114
394,composite_90_conservative_dmonth,early,0.09398424860552618,402.1224843895634,1.4763021877478304
394,composite_90_conservative_dmonth,not_completed,0.09398424860552618,1860.0942139932079,1.1167022098423287
395,composite_30,early,0.0909129660366897,563.5929398832227,1.3603557223469238
395,composite_30,not_completed,0.0909129660366897,2589.225015778204,1.0861670669771812
395,readmit_30,early,0.09088388278961482,563.6227889515598,1.365133609858712
395,readmit_30,not_completed,0.09088388278961482,2589.2019985006755,1.0883194937519272
395,death_30,early,0.08908256506098321,563.447301193708,1.3617079101609422
395,death_30,not_completed,0.08908256506098321,2601.159052684788,1.0868673333018544
395,composite_90,early,0.08413092912786568,473.9971010397921,1.3611698503108534
395,composite_90,not_completed,0.08413092912786568,2109.6907902687667,1.1038169748209476
395,composite_30_conservative_dmonth,early,0.08661429840433238,525.974629963965,1.368858331976011
395,composite_30_conservative_dmonth,not_completed,0.08661429840433238,2359.256725729667,1.0925918775958867
395,composite_90_conservative_dmonth,early,0.09198392968811425,407.0543095813805,1.3930014957622132
395,composite_90_conservative_dmonth,not_completed,0.09198392968811425,1848.631857930141,1.109228094704155
396,composite_30,early,0.056230723242176775,572.911494489375,1.2438468180606517
396,composite_30,not_completed,0.056230723242176775,2428.1768545057107,1.0791459098398923
396,readmit_30,early,0.056230723242176775,572.911494489375,1.2438468180606517
396,readmit_30,not_completed,0.056230723242176775,2428.1768545057107,1.0791459098398923
396,death_30,early,0.05762081795951095,574.903060277408,1.251160933733141
396,death_30,not_completed,0.05762081795951095,2441.148820998072,1.0838944215734465
396,composite_90,early,0.05962440246911709,473.36342042908507,1.2514387112315235
396,composite_90,not_completed,0.05962440246911709,1982.3328997882477,1.0826044977848406
396,composite_30_conservative_dmonth,early,0.056964312039107866,537.2102622302473,1.2517775947176584
396,composite_30_conservative_dmonth,not_completed,0.056964312039107866,2205.2520865717584,1.0871379981192086
396,composite_90_conservative_dmonth,early,0.06872450108839323,402.2946099459873,1.2751489906120201
396,composite_90_conservative_dmonth,not_completed,0.06872450108839323,1710.09576277549,1.1057437243735748
397,composite_30,early,0.06916828894687438,579.5610877731117,1.2608928092647564
397,composite_30,not_completed,0.06916828894687438,2571.750967362726,1.0960092160290058
397,readmit_30,early,0.06935295065673118,579.401346108675,1.2696216242934821
397,readmit_30,not_completed,0.06935295065673118,2571.6263209988865,1.104627365797699
397,death_30,early,0.06894029744638099,580.6473841775817,1.2751008170672566
397,death_30,not_completed,0.06894029744638099,2583.6977877016575,1.1001730261461202
397,composite_90,early,0.06774026254179857,478.87394318095886,1.2508370714828045
397,composite_90,not_completed,0.06774026254179857,2082.8736848189114,1.0875204519268313
397,composite_30_conservative_dmonth,early,0.06589244670889774,536.6978997439807,1.253626905913836
397,composite_30_conservative_dmonth,not_completed,0.06589244670889774,2331.762932525101,1.095958591375028
397,composite_90_conservative_dmonth,early,0.07550358476011026,410.69367556069716,1.34562189230602
397,composite_90_conservative_dmonth,not_completed,0.07550358476011026,1836.7459204072584,1.0984760193693626
398,composite_30,early,0.06558022504876193,559.7693867905596,1.3373873966377139
398,composite_30,not_completed,0.06558022504876193,2461.4549324973063,1.0749727092770363
398,readmit_30,early,0.06532351442938444,560.1270018044911,1.3312174292806325
398,readmit_30,not_completed,0.06532351442938444,2461.4906187281686,1.0773910437484455
398,death_30,early,0.06624178777131191,561.8221814251779,1.3137233967036892
398,death_30,not_completed,0.06624178777131191,2475.4377362449013,1.0728759487711659
398,composite_90,early,0.07176754264389365,472.775914935941,1.3190156546395542
398,composite_90,not_completed,0.07176754264389365,1993.504333967945,1.076304313385956
398,composite_30_conservative_dmonth,early,0.07164236134155001,521.8817084438003,1.3315964875614172
398,composite_30_conservative_dmonth,not_completed,0.07164236134155001,2239.3844352628917,1.080048536416625
398,composite_90_conservative_dmonth,early,0.06192539581602318,398.3547308949808,1.361728239306517
398,composite_90_conservative_dmonth,not_completed,0.06192539581602318,1717.2468975195886,1.0927460076501707
399,composite_30,early,0.08563752999762585,560.080959332731,1.3274040140658623
399,composite_30,not_completed,0.08563752999762585,2568.0445200260424,1.0794075262158809
399,readmit_30,early,0.08570885820283781,560.1699282128579,1.3138352416795074
399,readmit_30,not_completed,0.08570885820283781,2568.0204462293414,1.0831360200757771
399,death_30,early,0.08731043940421546,561.4761882850813,1.3003850314985723
399,death_30,not_completed,0.08731043940421546,2584.193816098427,1.0770645699861197
399,composite_90,early,0.10483495850007814,456.3839495274845,1.3533260134652323
399,composite_90,not_completed,0.10483495850007814,2095.151168704897,1.0893982782290832
399,composite_30_conservative_dmonth,early,0.09845138532450669,517.9336174617653,1.3595526289732511
399,composite_30_conservative_dmonth,not_completed,0.09845138532450669,2343.0491897187244,1.0889158554137197
399,composite_90_conservative_dmonth,early,0.10928593720302025,381.58075574514294,1.4050030445670794
399,composite_90_conservative_dmonth,not_completed,0.10928593720302025,1804.9295129833165,1.1000599237977837
400,composite_30,early,0.07394313132173184,568.2511762572809,1.25117200933747
400,composite_30,not_completed,0.07394313132173184,2576.1452453945517,1.076154987291359
400,readmit_30,early,0.07402291273230964,568.3930958773525,1.243581215825373
400,readmit_30,not_completed,0.07402291273230964,2576.1564902557247,1.0779613898686304
400,death_30,early,0.07381691677888906,570.1300330584033,1.258095619790231
400,death_30,not_completed,0.07381691677888906,2587.1184504337916,1.078413724890693
400,composite_90,early,0.08036892594596481,478.1141269320186,1.3396755507178577
400,composite_90,not_completed,0.08036892594596481,2077.1550637109235,1.0866927144195313
400,composite_30_conservative_dmonth,early,0.07026251990839613,533.3233671658039,1.2810742856209447
400,composite_30_conservative_dmonth,not_completed,0.07026251990839613,2307.077313636007,1.083458266721931
400,composite_90_conservative_dmonth,early,0.10031274686251752,413.3576235021681,1.3598111906022954
400,composite_90_conservative_dmonth,not_completed,0.10031274686251752,1822.1836167831775,1.0885545702386579
401,composite_30,early,0.06776819156018012,547.4146081265741,1.2953313936640478
401,composite_30,not_completed,0.06776819156018012,2550.333424993541,1.0782514920045836
401,readmit_30,early,0.06775340856218681,547.318431635138,1.2950377264686184
401,readmit_30,not_completed,0.06775340856218681,2550.3048796602916,1.0773054595757776
401,death_30,early,0.06589782919121324,548.74450402629,1.2859765189762153
401,death_30,not_completed,0.06589782919121324,2565.424076056973,1.0774183489742857
401,composite_90,early,0.08058245929933056,456.00498105115474,1.308483000385316
401,composite_90,not_completed,0.08058245929933056,2064.387262792812,1.0770628576704693
401,composite_30_conservative_dmonth,early,0.06550082609829444,515.3532665108145,1.3082918982769434
401,composite_30_conservative_dmonth,not_completed,0.06550082609829444,2321.177091916385,1.0854141546757206
401,composite_90_conservative_dmonth,early,0.10448781346602973,393.43253230487227,1.3224009461887654
401,composite_90_conservative_dmonth,not_completed,0.10448781346602973,1786.4061838521213,1.0848561517470874
402,composite_30,early,0.07013883879947322,570.1030014743338,1.339015695581316
402,composite_30,not_completed,0.07013883879947322,2473.9215887703062,1.0804805098960637
402,readmit_30,early,0.07020547779091774,570.4146853706759,1.323147876806681
402,readmit_30,not_completed,0.07020547779091774,2473.9461207098943,1.0833338582046887
402,death_30,early,0.07106660712268748,570.3208095833229,1.3338819352658382
402,death_30,not_completed,0.07106660712268748,2486.0212250513487,1.0796575149852625
402,composite_90,early,0.0774092002394038,471.30226944823613,1.3752231594739184
402,composite_90,not_completed,0.0774092002394038,1997.0499549647232,1.0944133328513221
402,composite_30_conservative_dmonth,early,0.07545763049165873,530.3484320109427,1.3591316558029862
402,composite_30_conservative_dmonth,not_completed,0.07545763049165873,2220.959131930639,1.0879911604436259
402,composite_90_conservative_dmonth,early,0.08739912965366418,396.3589130975252,1.450501041520624
402,composite_90_conservative_dmonth,not_completed,0.08739912965366418,1713.1298448344508,1.1047436232151768
403,composite_30,early,0.07587319636559979,590.9495464109496,1.3387203049407965
403,composite_30,not_completed,0.07587319636559979,2556.926812134748,1.0867617054080911
403,readmit_30,early,0.07564631596004603,590.9892558893691,1.3317038751776757
403,readmit_30,not_completed,0.07564631596004603,2556.9867487157035,1.0848878550423742
403,death_30,early,0.07596396386892158,593.0036918870804,1.316299766216631
403,death_30,not_completed,0.07596396386892158,2565.9346398387797,1.0864240993379009
403,composite_90,early,0.06545778910232807,488.75216996173276,1.3627037663543144
403,composite_90,not_completed,0.06545778910232807,2074.773808132313,1.1017357994465533
403,composite_30_conservative_dmonth,early,0.0742560652656182,552.0887319528327,1.3089668082401815
403,composite_30_conservative_dmonth,not_completed,0.0742560652656182,2325.7386353694005,1.1047486905512185
403,composite_90_conservative_dmonth,early,0.07323679052935149,411.4363508699553,1.372270228850564
403,composite_90_conservative_dmonth,not_completed,0.07323679052935149,1817.566591071293,1.109687393752764
404,composite_30,early,0.06835714648386794,581.2832932954741,1.3714771890248276
404,composite_30,not_completed,0.06835714648386794,2459.8243815108453,1.097629955831136
404,readmit_30,early,0.06822122790569717,581.4078510616575,1.3678453218248083
404,readmit_30,not_completed,0.06822122790569717,2459.87141969279,1.0948068899750918
404,death_30,early,0.06968805324995439,582.3344096684178,1.3765438440291822
404,death_30,not_completed,0.06968805324995439,2469.8135841935687,1.09955175659962
404,composite_90,early,0.06753317675066206,491.59981207551596,1.3262379803515665
404,composite_90,not_completed,0.06753317675066206,1979.9966815551836,1.11086548041817
404,composite_30_conservative_dmonth,early,0.07050381556891479,550.6979359227413,1.347129154156753
404,composite_30_conservative_dmonth,not_completed,0.07050381556891479,2229.9076605426817,1.096207871503088
404,composite_90_conservative_dmonth,early,0.0767796214356789,419.9644414533977,1.3503716563159633
404,composite_90_conservative_dmonth,not_completed,0.0767796214356789,1783.814281936839,1.1175477394915132
405,composite_30,early,0.10326058647107657,567.9864510028035,1.3287129128674415
405,composite_30,not_completed,0.10326058647107657,2525.2257267462464,1.0865527410846438
405,readmit_30,early,0.10317538665539167,568.1348797137733,1.3124708082702603
405,readmit_30,not_completed,0.10317538665539167,2525.280037385749,1.0873306575004549
405,death_30,early,0.10368647885471609,567.9097629810971,1.324038677758632
405,death_30,not_completed,0.10368647885471609,2534.2349518548626,1.0845256454417638
405,composite_90,early,0.09965850404106165,474.4479929923865,1.3235195931338184
405,composite_90,not_completed,0.09965850404106165,2053.8155936317157,1.0835666016576242
405,composite_30_conservative_dmonth,early,0.09889650827693808,539.022202794819,1.3017044157467246
405,composite_30_conservative_dmonth,not_completed,0.09889650827693808,2290.4909806750584,1.085052768807923
405,composite_90_conservative_dmonth,early,0.11338806530810859,399.1529680840761,1.3526581419827584
405,composite_90_conservative_dmonth,not_completed,0.11338806530810859,1758.688031882546,1.100042986284768
406,composite_30,early,0.06109011998099973,575.011818767686,1.2771968495575001
406,composite_30,not_completed,0.06109011998099973,2544.337138003861,1.0663032239337646
406,readmit_30,early,0.06104333433497269,574.8787157351413,1.2826234671203132
406,readmit_30,not_completed,0.06104333433497269,2544.3098652216804,1.066612518586553
406,death_30,early,0.06024922335052915,574.9473128969802,1.2777374868846085
406,death_30,not_completed,0.06024922335052915,2554.3501331596544,1.0663873961058863
406,composite_90,early,0.06237442354543825,476.0840788904903,1.2805261759653586
406,composite_90,not_completed,0.06237442354543825,2088.297185778019,1.0749705107652932
406,composite_30_conservative_dmonth,early,0.06436088801971176,532.3775102564832,1.3014766839748357
406,composite_30_conservative_dmonth,not_completed,0.06436088801971176,2296.493448258683,1.0646417979639728
406,composite_90_conservative_dmonth,early,0.06667753346475992,411.2498564604613,1.3609301498999251
406,composite_90_conservative_dmonth,not_completed,0.06667753346475992,1846.0677683343906,1.0841159378686087
407,composite_30,early,0.0826683314379203,558.221464681946,1.3344848912019078
407,composite_30,not_completed,0.0826683314379203,2362.014726019844,1.0866621605948636
407,readmit_30,early,0.08271751355642191,558.0471909981296,1.3347740316817904
407,readmit_30,not_completed,0.08271751355642191,2361.9503697305818,1.0867117782986255
407,death_30,early,0.07988326505865642,558.8975170472141,1.3579065491940137
407,death_30,not_completed,0.07988326505865642,2375.9201318340733,1.088264069284414
407,composite_90,early,0.08586592956506423,472.7975231472119,1.3709088200397024
407,composite_90,not_completed,0.08586592956506423,1916.9857789800049,1.0914112834072083
407,composite_30_conservative_dmonth,early,0.08194317764171784,522.6645953500737,1.3369096007511394
407,composite_30_conservative_dmonth,not_completed,0.08194317764171784,2140.0322580526768,1.0884782750518167
407,composite_90_conservative_dmonth,early,0.09476060073971541,395.6067101373216,1.4570762414068406
407,composite_90_conservative_dmonth,not_completed,0.09476060073971541,1656.7979763651222,1.1134792828749258
408,composite_30,early,0.08150224945091936,605.2970159928171,1.2934293491475648
408,composite_30,not_completed,0.08150224945091936,2606.0353694966757,1.0864122727794652
408,readmit_30,early,0.08161685384460222,605.3147612672133,1.2902054381345323
408,readmit_30,not_completed,0.08161685384460222,2605.9961238136575,1.089100571863984
408,death_30,early,0.07791351425493746,607.3186713886901,1.2953134486862103
408,death_30,not_completed,0.07791351425493746,2623.9767336613845,1.0904870321769229
408,composite_90,early,0.08965717487599034,501.575569550616,1.2961032717391978
408,composite_90,not_completed,0.08965717487599034,2117.1579502241475,1.097229661153907
408,composite_30_conservative_dmonth,early,0.0864606756610258,560.3884613436227,1.320320929642902
408,composite_30_conservative_dmonth,not_completed,0.0864606756610258,2339.9874406586923,1.0988316905980717
408,composite_90_conservative_dmonth,early,0.10184178257858496,422.98491194095135,1.365443794044222
408,composite_90_conservative_dmonth,not_completed,0.10184178257858496,1828.961831166589,1.1014262720830386
409,composite_30,early,0.06564100445173511,566.7896933055392,1.3306475760178242
409,composite_30,not_completed,0.06564100445173511,2575.931340822773,1.0818358790245248
409,readmit_30,early,0.06553184333750971,566.4111839747158,1.364057066011364
409,readmit_30,not_completed,0.06553184333750971,2575.7629008823856,1.088057520124677
409,death_30,early,0.06612060529277027,567.757507656802,1.3363050331637267
409,death_30,not_completed,0.06612060529277027,2584.894314708758,1.0848519415698934
409,composite_90,early,0.08300709546500738,465.977950152383,1.324870532045174
409,composite_90,not_completed,0.08300709546500738,2075.181691556216,1.0760785599026224
409,composite_30_conservative_dmonth,early,0.07595744230349942,524.9635715803716,1.3466579447466749
409,composite_30_conservative_dmonth,not_completed,0.07595744230349942,2338.0659614297365,1.08226913705122
409,composite_90_conservative_dmonth,early,0.09082846569598352,402.46057927122575,1.4000591891819825
409,composite_90_conservative_dmonth,not_completed,0.09082846569598352,1791.841926896385,1.1033885912457095
410,composite_30,early,0.08185011230417784,568.7723983413289,1.3704020975824482
410,composite_30,not_completed,0.08185011230417784,2573.7100893093784,1.0806065466955914
410,readmit_30,early,0.08186103355361549,569.0338701618334,1.353673495342119
410,readmit_30,not_completed,0.08186103355361549,2573.7595796217793,1.0797106482611247
410,death_30,early,0.08022680624076282,569.8246449967305,1.3689423414568211
410,death_30,not_completed,0.08022680624076282,2584.742394306414,1.0795665372796008
410,composite_90,early,0.08341945852504101,471.7964269329306,1.4476087971104268
410,composite_90,not_completed,0.08341945852504101,2118.3673367901456,1.1041650910518668
410,composite_30_conservative_dmonth,early,0.08317707419072236,529.2271692410153,1.344928426318155
410,composite_30_conservative_dmonth,not_completed,0.08317707419072236,2366.5325765753723,1.0909223838734643
410,composite_90_conservative_dmonth,early,0.08533647776632422,404.84295589686167,1.5536102515567711
410,composite_90_conservative_dmonth,not_completed,0.08533647776632422,1883.1657211857594,1.1199788059225957
411,composite_30,early,0.05753159890822938,551.6596512903652,1.4643116581200937
411,composite_30,not_completed,0.05753159890822938,2573.1113649248564,1.0951306977269595
411,readmit_30,early,0.057538407027061735,552.1678554059887,1.4756048198103833
411,readmit_30,not_completed,0.057538407027061735,2573.1778256581265,1.095139355705845
411,death_30,early,0.056882332631252475,553.7755474721747,1.464214352247922
411,death_30,not_completed,0.056882332631252475,2585.1400770655036,1.0950935220355686
411,composite_90,early,0.0702600346947962,458.90584642880856,1.4716771439405794
411,composite_90,not_completed,0.0702600346947962,2075.026699566482,1.1211203717985592
411,composite_30_conservative_dmonth,early,0.060850670979905354,517.5648465602944,1.4281095977618132
411,composite_30_conservative_dmonth,not_completed,0.060850670979905354,2332.9776128112144,1.0983538456121518
411,composite_90_conservative_dmonth,early,0.09418216273418599,393.2802922038101,1.504617112505297
411,composite_90_conservative_dmonth,not_completed,0.09418216273418599,1809.8896160782783,1.1338853395650965
412,composite_30,early,0.06471069676818393,517.1911049537289,1.3520715140964406
412,composite_30,not_completed,0.06471069676818393,2435.789460490759,1.0931052868451847
412,readmit_30,early,0.06506506173139193,517.9694708361161,1.3441256662564296
412,readmit_30,not_completed,0.06506506173139193,2435.826454121691,1.1038742832401722
412,death_30,early,0.06471000192576591,518.8660075068531,1.35950490764219
412,death_30,not_completed,0.06471000192576591,2448.690767587875,1.0969668315926397
412,composite_90,early,0.074027839363404,447.0055606681411,1.3271272526427933
412,composite_90,not_completed,0.074027839363404,1986.4141783360515,1.0846961556450512
412,composite_30_conservative_dmonth,early,0.07867355713260289,493.66931540349293,1.2845126424260815
412,composite_30_conservative_dmonth,not_completed,0.07867355713260289,2226.985947039773,1.093775454923091
412,composite_90_conservative_dmonth,early,0.0792649542374603,371.4736273860385,1.430306985064202
412,composite_90_conservative_dmonth,not_completed,0.0792649542374603,1711.8942409183483,1.1047755733907036
413,composite_30,early,0.06709564732414447,571.3510329850432,1.4355095715088466
413,composite_30,not_completed,0.06709564732414447,2528.4423070832904,1.1010006995788533
413,readmit_30,early,0.06709209267003152,571.4387018992902,1.4340884296083471
413,readmit_30,not_completed,0.06709209267003152,2528.471733762654,1.0995664775919634
413,death_30,early,0.06749127082259203,573.878749461237,1.4404678647851032
413,death_30,not_completed,0.06749127082259203,2537.601439274269,1.093170910146295
413,composite_90,early,0.08492789806396557,468.5466472001591,1.3404626783612323
413,composite_90,not_completed,0.08492789806396557,2019.1229846019255,1.0912716490494576
413,composite_30_conservative_dmonth,early,0.07183124835447978,531.8925880289502,1.4071590456244765
413,composite_30_conservative_dmonth,not_completed,0.07183124835447978,2293.6564625638193,1.0996437900019598
413,composite_90_conservative_dmonth,early,0.09559150865604056,402.0292520155469,1.387826969159524
413,composite_90_conservative_dmonth,not_completed,0.09559150865604056,1748.9668865708352,1.1052502060299143
414,composite_30,early,0.08073661485975211,559.463305215242,1.334685427373277
414,composite_30,not_completed,0.08073661485975211,2570.381459907327,1.0969021028435786
414,readmit_30,early,0.0807421308412393,559.8528889003261,1.3213763721257665
414,readmit_30,not_completed,0.0807421308412393,2570.4016513393613,1.0984820437359464
414,death_30,early,0.07816367028377816,561.5906518537938,1.3305747148297584
414,death_30,not_completed,0.07816367028377816,2584.3469555584957,1.0950439397413803
414,composite_90,early,0.08755640045956993,468.6887552782145,1.411293859709704
414,composite_90,not_completed,0.08755640045956993,2086.8088998392395,1.1203646430972984
414,composite_30_conservative_dmonth,early,0.08393074726897633,526.188473682707,1.350626714586409
414,composite_30_conservative_dmonth,not_completed,0.08393074726897633,2317.241545049213,1.1024145664115252
414,composite_90_conservative_dmonth,early,0.10766801020548161,400.922598329276,1.477973773190759
414,composite_90_conservative_dmonth,not_completed,0.10766801020548161,1834.2519614620155,1.1520480341031707
415,composite_30,early,0.06944782818618035,553.2264125061262,1.3580755686376675
415,composite_30,not_completed,0.06944782818618035,2561.8689851857494,1.0789672777872468
415,readmit_30,early,0.0695058585466692,553.1080338057991,1.3556804421831117
415,readmit_30,not_completed,0.0695058585466692,2561.8516498574827,1.0757895002659765
415,death_30,early,0.06992747901701796,553.960843432007,1.3736605842255023
415,death_30,not_completed,0.06992747901701796,2578.7651641216694,1.0818574111764203
415,composite_90,early,0.07354120521934687,461.0740510267074,1.430415492295081
415,composite_90,not_completed,0.07354120521934687,2080.728120596214,1.0994967300760412
415,composite_30_conservative_dmonth,early,0.0707956648957495,518.810350000759,1.3725889425520994
415,composite_30_conservative_dmonth,not_completed,0.0707956648957495,2324.889379331369,1.0840664850392254
415,composite_90_conservative_dmonth,early,0.0848201156282126,395.48174072295393,1.5046025485238772
415,composite_90_conservative_dmonth,not_completed,0.0848201156282126,1831.7902038286422,1.1102793859256304
416,composite_30,early,0.07187346212335723,580.8252422097921,1.319226758655235
416,composite_30,not_completed,0.07187346212335723,2496.3399526486246,1.0773772779853348
416,readmit_30,early,0.07189039424319424,580.6873107795609,1.3215870947842359
416,readmit_30,not_completed,0.07189039424319424,2496.3017503653027,1.0799523919561307
416,death_30,early,0.0675795586749181,581.3452915826543,1.342243387762481
416,death_30,not_completed,0.0675795586749181,2508.1693191886225,1.0856417841458863
416,composite_90,early,0.0865760564650932,485.04121718391946,1.3472607770694656
416,composite_90,not_completed,0.0865760564650932,2039.362315116152,1.087498479495021
416,composite_30_conservative_dmonth,early,0.07005216817788915,535.6528995861249,1.3510084694199749
416,composite_30_conservative_dmonth,not_completed,0.07005216817788915,2267.142954654403,1.0862974833325862
416,composite_90_conservative_dmonth,early,0.1041580234770299,413.6161592770598,1.4335469353980264
416,composite_90_conservative_dmonth,not_completed,0.1041580234770299,1778.27643872194,1.0985594447055642
417,composite_30,early,0.07374995691990074,555.1058128297082,1.383669049234202
417,composite_30,not_completed,0.07374995691990074,2545.314118614117,1.0935606858978573
417,readmit_30,early,0.0737319126449279,555.2595425451642,1.3723824635836603
417,readmit_30,not_completed,0.0737319126449279,2545.3772304530507,1.0927389399865015
417,death_30,early,0.07453870337592713,556.1500182560193,1.3921101255083403
417,death_30,not_completed,0.07453870337592713,2555.372105020113,1.0927572243510608
417,composite_90,early,0.08638904702852582,466.9647296943967,1.4070445858963523
417,composite_90,not_completed,0.08638904702852582,2048.694163856321,1.1003107026595953
417,composite_30_conservative_dmonth,early,0.08060842101070513,524.1046266804975,1.3638507393565231
417,composite_30_conservative_dmonth,not_completed,0.08060842101070513,2308.446740731469,1.093770390133745
417,composite_90_conservative_dmonth,early,0.10992302435421954,396.49854184801325,1.520131745311797
417,composite_90_conservative_dmonth,not_completed,0.10992302435421954,1759.539277404599,1.107455097003853
418,composite_30,early,0.08733726210895848,551.5071684822814,1.3201105156845943
418,composite_30,not_completed,0.08733726210895848,2563.277429929845,1.0809318285086222
418,readmit_30,early,0.08734189660933679,551.4465360592611,1.3306869263814216
418,readmit_30,not_completed,0.08734189660933679,2563.231533082432,1.0853419294373676
418,death_30,early,0.08707562033290399,552.5025765828285,1.3198058209289496
418,death_30,not_completed,0.08707562033290399,2576.287867205663,1.0825138932896912
418,composite_90,early,0.09128055191281242,465.60041389872987,1.356881282509669
418,composite_90,not_completed,0.09128055191281242,2117.3561333136677,1.0846005180502267
418,composite_30_conservative_dmonth,early,0.08436913302793302,517.2548737971143,1.3160787432589487
418,composite_30_conservative_dmonth,not_completed,0.08436913302793302,2339.2017906074366,1.0854143978439679
418,composite_90_conservative_dmonth,early,0.10091558872650419,382.7002798255968,1.4905777333730974
418,composite_90_conservative_dmonth,not_completed,0.10091558872650419,1856.2889154865863,1.1017315218620294
419,composite_30,early,0.08266857208727428,581.6141161078705,1.2997986749450792
419,composite_30,not_completed,0.08266857208727428,2532.816020354797,1.0823019280665342
419,readmit_30,early,0.08253597981026954,581.6411316707256,1.290246689411745
419,readmit_30,not_completed,0.08253597981026954,2532.819282037116,1.078435508430376
419,death_30,early,0.08448443387142068,583.4385436752746,1.3014419965971877
419,death_30,not_completed,0.08448443387142068,2546.7480988107654,1.0817116094398258
419,composite_90,early,0.07269121925818423,475.9286384293495,1.3071705325669736
419,composite_90,not_completed,0.07269121925818423,2049.0967881292795,1.0869806890900502
419,composite_30_conservative_dmonth,early,0.08437892539638171,540.2353701645926,1.3049421548468048
419,composite_30_conservative_dmonth,not_completed,0.08437892539638171,2288.8957674147864,1.0867666763644421
419,composite_90_conservative_dmonth,early,0.07281183320699812,413.6733733996627,1.3320135942748432
419,composite_90_conservative_dmonth,not_completed,0.07281183320699812,1793.8776265472436,1.1011624836135454
420,composite_30,early,0.08346291715607065,554.4058421407447,1.4469419744986063
420,composite_30,not_completed,0.08346291715607065,2512.2657335135177,1.0786605537257377
420,readmit_30,early,0.08351849557138219,553.8958791033738,1.5057792716170753
420,readmit_30,not_completed,0.08351849557138219,2512.2020764168733,1.0823245829037693
420,death_30,early,0.08135043702483827,555.3054582848898,1.432831876543348
420,death_30,not_completed,0.08135043702483827,2527.2253992413944,1.0824011495912136
420,composite_90,early,0.0839892257091096,461.6324703065357,1.470169511051636
420,composite_90,not_completed,0.0839892257091096,2031.1909290188112,1.0933582499273347
420,composite_30_conservative_dmonth,early,0.08013834206375244,520.2098387689314,1.4571062669556436
420,composite_30_conservative_dmonth,not_completed,0.08013834206375244,2274.991582150681,1.0931601055449112
420,composite_90_conservative_dmonth,early,0.10791380920312364,392.0157580293468,1.5248216604912084
420,composite_90_conservative_dmonth,not_completed,0.10791380920312364,1757.8234228238541,1.1216765370308333
421,composite_30,early,0.08168417606232983,529.711225558894,1.3792334931879169
421,composite_30,not_completed,0.08168417606232983,2480.0678909678995,1.079245000971423
421,readmit_30,early,0.08172549094772073,530.0622599800927,1.3751553967719758
421,readmit_30,not_completed,0.08172549094772073,2480.082483402285,1.0829385504473572
421,death_30,early,0.08252485513979291,530.7070944620386,1.3887539634202328
421,death_30,not_completed,0.08252485513979291,2490.052851049184,1.0841727731173214
421,composite_90,early,0.09087527222625547,441.27523884922084,1.4344537627932972
421,composite_90,not_completed,0.09087527222625547,1996.2226418476432,1.0930942411311733
421,composite_30_conservative_dmonth,early,0.09145056016264878,492.480170813768,1.393851887606253
421,composite_30_conservative_dmonth,not_completed,0.09145056016264878,2237.0986359730073,1.087748301492329
421,composite_90_conservative_dmonth,early,0.09110702639167487,381.8845799864022,1.4672641746905855
421,composite_90_conservative_dmonth,not_completed,0.09110702639167487,1756.224844093434,1.0922926197214207
422,composite_30,early,0.07045169495812927,520.2644422759234,1.3456157142908618
422,composite_30,not_completed,0.07045169495812927,2423.725645646053,1.0892235687346004
422,readmit_30,early,0.07038104010934366,520.6144899741487,1.3281599938571158
422,readmit_30,not_completed,0.07038104010934366,2423.7843269123996,1.0895872433160616
422,death_30,early,0.07146703643908826,520.9299731862205,1.3533936729213276
422,death_30,not_completed,0.07146703643908826,2434.668669555542,1.0901753487320722
422,composite_90,early,0.08151897416426473,422.54993110508144,1.413090537147937
422,composite_90,not_completed,0.08151897416426473,1923.7955696149675,1.103463026276911
422,composite_30_conservative_dmonth,early,0.08443891816913092,483.0774605490751,1.3590630024319525
422,composite_30_conservative_dmonth,not_completed,0.08443891816913092,2188.7106451414115,1.10002290003719
422,composite_90_conservative_dmonth,early,0.10900418408693557,351.29930730033175,1.473530474514856
422,composite_90_conservative_dmonth,not_completed,0.10900418408693557,1626.7535320415334,1.1098012861663997
423,composite_30,early,0.0823328800142702,536.5504935953995,1.2959707257053081
423,composite_30,not_completed,0.0823328800142702,2554.0427302366156,1.0865730786745018
423,readmit_30,early,0.0822750800949948,536.4792793225636,1.2969026571170723
423,readmit_30,not_completed,0.0822750800949948,2554.003755194122,1.0844363742033483
423,death_30,early,0.08736280922342066,538.3499181856888,1.3077094550839785
423,death_30,not_completed,0.08736280922342066,2566.040132994988,1.0830138877810493
423,composite_90,early,0.09355616497246817,448.5178525980835,1.327778922868648
423,composite_90,not_completed,0.09355616497246817,2105.09958539978,1.0912966764272618
423,composite_30_conservative_dmonth,early,0.09218267235230868,501.9181925386322,1.3638246274628028
423,composite_30_conservative_dmonth,not_completed,0.09218267235230868,2319.8471024308606,1.10447115792432
423,composite_90_conservative_dmonth,early,0.0976360957670276,381.73696645817034,1.3313184437506806
423,composite_90_conservative_dmonth,not_completed,0.0976360957670276,1822.0002527527306,1.1099610804690794
424,composite_30,early,0.08109244620500057,529.0522598186494,1.2747354070997488
424,composite_30,not_completed,0.08109244620500057,2390.80196497412,1.0858335849749818
424,readmit_30,early,0.08108912733283422,528.9812205532263,1.277915851051419
424,readmit_30,not_completed,0.08108912733283422,2390.754740520076,1.0857909376613069
424,death_30,early,0.08378472548670302,529.9618414542906,1.280720226693307
424,death_30,not_completed,0.08378472548670302,2401.7823138456897,1.0848690232799378
424,composite_90,early,0.08424946204732076,450.4927831558471,1.312889318073218
424,composite_90,not_completed,0.08424946204732076,1936.8811842544883,1.0942415199588873
424,composite_30_conservative_dmonth,early,0.07870662726591206,500.5885243745346,1.2656708564577441
424,composite_30_conservative_dmonth,not_completed,0.07870662726591206,2185.957582854961,1.0897867860689348
424,composite_90_conservative_dmonth,early,0.09644958752735613,382.3575004664851,1.4127448613620437
424,composite_90_conservative_dmonth,not_completed,0.09644958752735613,1691.8832533020102,1.1057491632807606
425,composite_30,early,0.08527516437606346,561.129163046009,1.366506963566624
425,composite_30,not_completed,0.08527516437606346,2532.8865378910577,1.0833857425594617
425,readmit_30,early,0.08530161258682202,560.86671872346,1.3735635542761442
425,readmit_30,not_completed,0.08530161258682202,2532.8290263235467,1.0839237966104938
425,death_30,early,0.08310361713040156,563.2779410925322,1.3311683143568547
425,death_30,not_completed,0.08310361713040156,2544.9229867973045,1.082795437060581
425,composite_90,early,0.08907619059684113,463.6068451853237,1.3569203659275804
425,composite_90,not_completed,0.08907619059684113,2059.7726810756594,1.097232521967695
425,composite_30_conservative_dmonth,early,0.09207312479567346,523.6583767212999,1.3519669661266551
425,composite_30_conservative_dmonth,not_completed,0.09207312479567346,2316.8052047649153,1.0926127053391328
425,composite_90_conservative_dmonth,early,0.09482562549657823,409.6876936725116,1.3808488126759768
425,composite_90_conservative_dmonth,not_completed,0.09482562549657823,1804.8129202544699,1.101933112497123
426,composite_30,early,0.057343110280778355,568.7249125906692,1.325961223326965
426,composite_30,not_completed,0.057343110280778355,2617.878460816917,1.0861734894033013
426,readmit_30,early,0.057383857744241214,568.4873868435392,1.3038487873086806
426,readmit_30,not_completed,0.057383857744241214,2617.8028898537336,1.0867643040634798
426,death_30,early,0.05665828705493501,568.2779785563765,1.339967141072735
426,death_30,not_completed,0.05665828705493501,2627.7665272081044,1.0902018052585027
426,composite_90,early,0.058303620180605156,475.9879950252842,1.3404823087446815
426,composite_90,not_completed,0.058303620180605156,2111.6266875242936,1.0991460756618652
426,composite_30_conservative_dmonth,early,0.05508283144783581,531.5248141890823,1.3511216467759581
426,composite_30_conservative_dmonth,not_completed,0.05508283144783581,2350.631898212948,1.1020442371245687
426,composite_90_conservative_dmonth,early,0.07522114315054088,399.29124076976126,1.37271681998753
426,composite_90_conservative_dmonth,not_completed,0.07522114315054088,1826.8684663148433,1.100440155221322
427,composite_30,early,0.07060048136726779,531.2008373792227,1.375116257281796
427,composite_30,not_completed,0.07060048136726779,2459.1996341895997,1.0858106239685783
427,readmit_30,early,0.07055677034512825,531.4461655949683,1.3686615318675879
427,readmit_30,not_completed,0.07055677034512825,2459.2304342299417,1.0837802729061337
427,death_30,early,0.07162113666791517,532.2287620075721,1.3765226085555464
427,death_30,not_completed,0.07162113666791517,2470.1962594556067,1.0870160911539946
427,composite_90,early,0.07175170053374176,442.97228743869204,1.4340140978025904
427,composite_90,not_completed,0.07175170053374176,2004.186903386123,1.0934265857715244
427,composite_30_conservative_dmonth,early,0.07839209053862754,500.94683638106875,1.4429520830172564
427,composite_30_conservative_dmonth,not_completed,0.07839209053862754,2242.0535025157633,1.0970434877740634
427,composite_90_conservative_dmonth,early,0.06567723841091425,385.58137650682966,1.5723296671241325
427,composite_90_conservative_dmonth,not_completed,0.06567723841091425,1766.0772260201165,1.105280404797577
428,composite_30,early,0.06272233734350717,561.3059742087274,1.336209509446901
428,composite_30,not_completed,0.06272233734350717,2511.7859926461656,1.0851244412912957
428,readmit_30,early,0.06276171305402209,561.3711789562428,1.3264971175902993
428,readmit_30,not_completed,0.06276171305402209,2511.7508996403576,1.0904275086264659
428,death_30,early,0.06376575667304615,563.3457727079634,1.3211930773041356
428,death_30,not_completed,0.06376575667304615,2522.7827162385906,1.0883498708736454
428,composite_90,early,0.07801584252735606,471.36454604775014,1.374877887613415
428,composite_90,not_completed,0.07801584252735606,2024.7485184383572,1.1032942404206725
428,composite_30_conservative_dmonth,early,0.06926598924129027,526.3082049402441,1.3579384070651679
428,composite_30_conservative_dmonth,not_completed,0.06926598924129027,2262.6236636435697,1.1048811804176228
428,composite_90_conservative_dmonth,early,0.09734318479479669,404.0365026278429,1.4445672527204612
428,composite_90_conservative_dmonth,not_completed,0.09734318479479669,1784.2866654602306,1.125420148593864
429,composite_30,early,0.07067805655358615,545.9440762246678,1.3560033458383136
429,composite_30,not_completed,0.07067805655358615,2654.0695215286664,1.0823809990774205
429,readmit_30,early,0.0705981319510358,546.4053646891495,1.3451598869207466
429,readmit_30,not_completed,0.0705981319510358,2654.1740449084837,1.0783475689275586
429,death_30,early,0.06956079659853673,548.1909856541092,1.3710529390792447
429,death_30,not_completed,0.06956079659853673,2666.1219101108727,1.080107216954755
429,composite_90,early,0.07440940740193597,451.5261719557105,1.308783716159881
429,composite_90,not_completed,0.07440940740193597,2129.425507780316,1.0811963595517295
429,composite_30_conservative_dmonth,early,0.069138999507816,507.6764650852669,1.3489806217124083
429,composite_30_conservative_dmonth,not_completed,0.069138999507816,2395.1253258104425,1.0839214424751387
429,composite_90_conservative_dmonth,early,0.09350583038151679,391.16233917659196,1.3440590984691974
429,composite_90_conservative_dmonth,not_completed,0.09350583038151679,1863.3221644358655,1.0940114670677985
430,composite_30,early,0.07983803361924559,530.2471925350598,1.378379326287082
430,composite_30,not_completed,0.07983803361924559,2486.3463832052066,1.096393198183197
430,readmit_30,early,0.07978764055661203,530.0678571447362,1.3851822065517283
430,readmit_30,not_completed,0.07978764055661203,2486.300101561922,1.0991768758335543
430,death_30,early,0.07677698867656033,530.9568907591938,1.3908839119755108
430,death_30,not_completed,0.07677698867656033,2498.3270081756987,1.097733439098712
430,composite_90,early,0.06836964900867368,430.01183247076085,1.5088096326361657
430,composite_90,not_completed,0.06836964900867368,1999.1337347390013,1.110911160793206
430,composite_30_conservative_dmonth,early,0.07051287438243509,495.07819874769535,1.435673693840152
430,composite_30_conservative_dmonth,not_completed,0.07051287438243509,2254.2770082742622,1.10601836049586
430,composite_90_conservative_dmonth,early,0.08637405689299325,361.473583762279,1.5568235551983851
430,composite_90_conservative_dmonth,not_completed,0.08637405689299325,1718.326391082962,1.1180185912097134
431,composite_30,early,0.07496230632429321,542.2941634805912,1.4141177911133236
431,composite_30,not_completed,0.07496230632429321,2502.7486050526404,1.092279748639912
431,readmit_30,early,0.07500233938661915,541.7204870263786,1.4390477797395758
431,readmit_30,not_completed,0.07500233938661915,2502.7713023635483,1.0905918149979774
431,death_30,early,0.0760307009368051,543.1128528870398,1.430217009318266
431,death_30,not_completed,0.0760307009368051,2514.692534602814,1.094946276916011
431,composite_90,early,0.07180760170806333,460.8694082209801,1.3763527678094798
431,composite_90,not_completed,0.07180760170806333,2039.8796229686116,1.104155728703007
431,composite_30_conservative_dmonth,early,0.0713973543911344,511.0240358493398,1.4082031654700264
431,composite_30_conservative_dmonth,not_completed,0.0713973543911344,2267.717634863255,1.0966063526998424
431,composite_90_conservative_dmonth,early,0.07969925132405245,389.1489789669374,1.4575647664136842
431,composite_90_conservative_dmonth,not_completed,0.07969925132405245,1777.830863651447,1.1069286974418624
432,composite_30,early,0.08843457145363322,508.74790729826924,1.5130581977535575
432,composite_30,not_completed,0.08843457145363322,2454.3005377407085,1.1063692375873202
432,readmit_30,early,0.08847771467406035,509.5001103722014,1.492692831206943
432,readmit_30,not_completed,0.08847771467406035,2454.3944342387967,1.1035273089797668
432,death_30,early,0.0888569196954318,510.8341051706644,1.5256060526133177
432,death_30,not_completed,0.0888569196954318,2464.3201973396294,1.1025569234346233
432,composite_90,early,0.07948769109303996,426.7947910820285,1.5596123798779984
432,composite_90,not_completed,0.07948769109303996,2017.4968646067211,1.1121316473563465
432,composite_30_conservative_dmonth,early,0.08831939742428428,476.6462425892543,1.532322216497339
432,composite_30_conservative_dmonth,not_completed,0.08831939742428428,2226.527571327715,1.1054142193258374
432,composite_90_conservative_dmonth,early,0.07889982518388805,361.196794910701,1.5902810153623868
432,composite_90_conservative_dmonth,not_completed,0.07889982518388805,1751.529220051174,1.1188331577080315
433,composite_30,early,0.07499563239387057,552.1221100856247,1.2524364642829748
433,composite_30,not_completed,0.07499563239387057,2559.3860665905327,1.0657403876682776
433,readmit_30,early,0.07491591401269102,552.2766536919404,1.2445176736019887
433,readmit_30,not_completed,0.07491591401269102,2559.4203261324365,1.0658616489119122
433,death_30,early,0.07308777760037814,553.3692055839689,1.2510149863485347
433,death_30,not_completed,0.07308777760037814,2573.514710276864,1.0615205617914176
433,composite_90,early,0.07015054322909492,465.35621345328497,1.3200981142147967
433,composite_90,not_completed,0.07015054322909492,2096.53523924618,1.0728488917668773
433,composite_30_conservative_dmonth,early,0.07676855530347568,516.6939738130042,1.3375210525120393
433,composite_30_conservative_dmonth,not_completed,0.07676855530347568,2340.286317993354,1.072753269971486
433,composite_90_conservative_dmonth,early,0.06956013431330496,397.7727914359171,1.3323841000807892
433,composite_90_conservative_dmonth,not_completed,0.06956013431330496,1828.4745132742337,1.0854030699773736
434,composite_30,early,0.07320149051658473,557.2888508457598,1.2858602093558071
434,composite_30,not_completed,0.07320149051658473,2619.9656343868137,1.0916337641041345
434,readmit_30,early,0.07323637005204939,557.2342325484609,1.2996381205527632
434,readmit_30,not_completed,0.07323637005204939,2620.0080876080146,1.0909287133712502
434,death_30,early,0.07248372082406676,557.3242271830451,1.2937050532260583
434,death_30,not_completed,0.07248372082406676,2630.0359527925602,1.0883765420855336
434,composite_90,early,0.07473154254738816,470.30993500693216,1.383042170356297
434,composite_90,not_completed,0.07473154254738816,2113.01907257666,1.0936359908138984
434,composite_30_conservative_dmonth,early,0.08376488189991084,528.9955006055493,1.3325292612248623
434,composite_30_conservative_dmonth,not_completed,0.08376488189991084,2365.1297070064106,1.0905523271142743
434,composite_90_conservative_dmonth,early,0.06947382874831826,407.40605779955746,1.4451369849518116
434,composite_90_conservative_dmonth,not_completed,0.06947382874831826,1859.896353628836,1.1042544643972254
435,composite_30,early,0.0636246384258574,564.77495874548,1.293924556211562
435,composite_30,not_completed,0.0636246384258574,2524.88715410349,1.0759588113381247
435,readmit_30,early,0.06368465712069929,564.640271675831,1.2940357001316427
435,readmit_30,not_completed,0.06368465712069929,2524.7810661724793,1.0798887607741963
435,death_30,early,0.06417236089844225,566.3879023659674,1.3138315645810275
435,death_30,not_completed,0.06417236089844225,2538.744088838571,1.0746163826609487
435,composite_90,early,0.06709120635095994,464.60221464998796,1.3316508166355505
435,composite_90,not_completed,0.06709120635095994,2029.6953651927806,1.0966791165601293
435,composite_30_conservative_dmonth,early,0.07076025933169718,522.0082217054585,1.3273108711376675
435,composite_30_conservative_dmonth,not_completed,0.07076025933169718,2274.6267606276397,1.086095948161791
435,composite_90_conservative_dmonth,early,0.07123760345439376,395.0793053154784,1.3750179599334884
435,composite_90_conservative_dmonth,not_completed,0.07123760345439376,1779.7868768265962,1.1057763262625662
436,composite_30,early,0.09516174917376799,573.4775168527716,1.297357539184029
436,composite_30,not_completed,0.09516174917376799,2495.803687656643,1.0845610543712887
436,readmit_30,early,0.09517962587465535,573.4437048972935,1.294878638567849
436,readmit_30,not_completed,0.09517962587465535,2495.7524226698915,1.084241906569495
436,death_30,early,0.09685938247691044,573.0986847518055,1.319230597907703
436,death_30,not_completed,0.09685938247691044,2508.6587718685364,1.0870021362623306
436,composite_90,early,0.08629385352049634,480.2686036729703,1.3035135548297143
436,composite_90,not_completed,0.08629385352049634,2022.6755158899769,1.0885887073669644
436,composite_30_conservative_dmonth,early,0.0943812231408563,536.927461673603,1.2926566634578478
436,composite_30_conservative_dmonth,not_completed,0.0943812231408563,2271.4305019295234,1.0912548978842498
436,composite_90_conservative_dmonth,early,0.08536822779140224,399.02450852234034,1.3360850084170712
436,composite_90_conservative_dmonth,not_completed,0.08536822779140224,1744.5873300229084,1.1024317910368397
437,composite_30,early,0.08432281346536705,561.8647412233357,1.38534360242382
437,composite_30,not_completed,0.08432281346536705,2479.414606037121,1.108720452910626
437,readmit_30,early,0.08435751749052312,561.7418943492916,1.384677029737209
437,readmit_30,not_completed,0.08435751749052312,2479.3794420026757,1.1101579935879566
437,death_30,early,0.08448803237481547,562.3145341607622,1.399508134298753
437,death_30,not_completed,0.08448803237481547,2496.252471143396,1.1129340201003197
437,composite_90,early,0.08258326021399298,475.8974520589727,1.441045342185163
437,composite_90,not_completed,0.08258326021399298,1990.0487873662144,1.1352621896904216
437,composite_30_conservative_dmonth,early,0.08572842484925705,529.5654158290795,1.4485161863179947
437,composite_30_conservative_dmonth,not_completed,0.08572842484925705,2240.8252708799137,1.1327428483121418
437,composite_90_conservative_dmonth,early,0.09169284572319239,406.15452353672015,1.4652646647719825
437,composite_90_conservative_dmonth,not_completed,0.09169284572319239,1757.114044802081,1.131374140687838
438,composite_30,early,0.10650416604908641,562.2954723484602,1.365701682025802
438,composite_30,not_completed,0.10650416604908641,2458.3908985420603,1.0990909062517953
438,readmit_30,early,0.10653532976952373,562.2120961977091,1.3704253223172742
438,readmit_30,not_completed,0.10653532976952373,2458.375426226677,1.0999120955842638
438,death_30,early,0.10573403931913233,562.9398465519796,1.3656323192164257
438,death_30,not_completed,0.10573403931913233,2470.3147048112887,1.1010575789299626
438,composite_90,early,0.1023462507025361,461.87507010705633,1.3938227799361222
438,composite_90,not_completed,0.1023462507025361,1972.131197356946,1.1160650639800584
438,composite_30_conservative_dmonth,early,0.1002964111441733,521.8055856693363,1.338994765984479
438,composite_30_conservative_dmonth,not_completed,0.1002964111441733,2221.4845390744567,1.1026127694771177
438,composite_90_conservative_dmonth,early,0.10128267653828162,395.98404475654644,1.4608019324699077
438,composite_90_conservative_dmonth,not_completed,0.10128267653828162,1719.8774031092962,1.1282956421531247
439,composite_30,early,0.08828307519154882,554.3432708256803,1.3771992858739643
439,composite_30,not_completed,0.08828307519154882,2535.7545373353214,1.1008845499762152
439,readmit_30,early,0.0882323191962789,554.4467989915283,1.37856950010316
439,readmit_30,not_completed,0.0882323191962789,2535.7599618987597,1.0999161341683006
439,death_30,early,0.08939161902261865,556.1754953666268,1.3711544500818673
439,death_30,not_completed,0.08939161902261865,2548.738801234541,1.0975545167297298
439,composite_90,early,0.08413888510521478,457.9274731675928,1.3209508876593667
439,composite_90,not_completed,0.08413888510521478,2049.1128153818527,1.0892359893473076
439,composite_30_conservative_dmonth,early,0.09390425441881475,510.7673963524291,1.3687550419987295
439,composite_30_conservative_dmonth,not_completed,0.09390425441881475,2304.795909534563,1.0977027804403978
439,composite_90_conservative_dmonth,early,0.09157361671959419,388.96604414960257,1.3452147335490925
439,composite_90_conservative_dmonth,not_completed,0.09157361671959419,1796.0288311078264,1.100631878941774
440,composite_30,early,0.07347386200969433,566.0049435327469,1.2767527906616816
440,composite_30,not_completed,0.07347386200969433,2495.973983439766,1.0775446701215765
440,readmit_30,early,0.07347281415217345,566.2152966354408,1.2686920585211128
440,readmit_30,not_completed,0.07347281415217345,2496.0201595672443,1.0798224699219419
440,death_30,early,0.07458253766603858,568.0507858256763,1.266939748411039
440,death_30,not_completed,0.07458253766603858,2511.983707539197,1.083315037443695
440,composite_90,early,0.07812680636635043,474.5263688003147,1.250469200780958
440,composite_90,not_completed,0.07812680636635043,2041.295109883004,1.0876179134134478
440,composite_30_conservative_dmonth,early,0.08040091185225921,532.8255061269888,1.2702904962412278
440,composite_30_conservative_dmonth,not_completed,0.08040091185225921,2279.165228357992,1.0778784429792108
440,composite_90_conservative_dmonth,early,0.08176753931868307,401.72413263643,1.3371145368743411
440,composite_90_conservative_dmonth,not_completed,0.08176753931868307,1781.1100775838927,1.0987554915502273
441,composite_30,early,0.07757940032966755,555.9757784399054,1.4001463060100017
441,composite_30,not_completed,0.07757940032966755,2507.856854918392,1.0893579831106517
441,readmit_30,early,0.07761454081258211,556.24881496857,1.3896470266779095
441,readmit_30,not_completed,0.07761454081258211,2507.8471789348387,1.0919209053798469
441,death_30,early,0.07703906388964005,556.7322846779521,1.4091878303182102
441,death_30,not_completed,0.07703906388964005,2522.8128093581545,1.0890294388321622
441,composite_90,early,0.08498868494046805,461.7616821468773,1.389707497451495
441,composite_90,not_completed,0.08498868494046805,2021.9517252241594,1.1047512336590635
441,composite_30_conservative_dmonth,early,0.08923610498221646,514.6504319389675,1.365351482318252
441,composite_30_conservative_dmonth,not_completed,0.08923610498221646,2256.8850975123346,1.0915034627556557
441,composite_90_conservative_dmonth,early,0.09632501699856245,394.3363035137062,1.4294734158422802
441,composite_90_conservative_dmonth,not_completed,0.09632501699856245,1748.65886571357,1.120863148745343
442,composite_30,early,0.07413962522389145,592.2085284277223,1.3100676411791878
442,composite_30,not_completed,0.07413962522389145,2529.036332175432,1.084441164121844
442,readmit_30,early,0.07418467485396826,592.0440300159453,1.3190088358550753
442,readmit_30,not_completed,0.07418467485396826,2528.960148167093,1.0857158884064613
442,death_30,early,0.07303156944498053,593.3416652523614,1.3162909622201733
442,death_30,not_completed,0.07303156944498053,2538.0559018649824,1.0853191488247365
442,composite_90,early,0.07626159449465054,486.7489170138392,1.327237985357941
442,composite_90,not_completed,0.07626159449465054,2083.517259046033,1.0764770608967702
442,composite_30_conservative_dmonth,early,0.07402177669211696,555.4124842846223,1.2770721441612192
442,composite_30_conservative_dmonth,not_completed,0.07402177669211696,2304.261580063908,1.0801334061220444
442,composite_90_conservative_dmonth,early,0.10292347723952584,413.59632551567006,1.3262375665302926
442,composite_90_conservative_dmonth,not_completed,0.10292347723952584,1804.4253116623668,1.0849576047730842
443,composite_30,early,0.07715193559990532,539.3716958329566,1.33864516578692
443,composite_30,not_completed,0.07715193559990532,2482.216120800219,1.0760491917658348
443,readmit_30,early,0.07703339480175198,539.2252157672515,1.3414587880882871
443,readmit_30,not_completed,0.07703339480175198,2482.14221369532,1.078561784870975
443,death_30,early,0.07676237221497917,540.2194703139266,1.337563200865943
443,death_30,not_completed,0.07676237221497917,2492.2007097356986,1.0765150946871942
443,composite_90,early,0.07663187806162296,455.3883561745628,1.3777964026124108
443,composite_90,not_completed,0.07663187806162296,2000.0332804209274,1.0868360008294486
443,composite_30_conservative_dmonth,early,0.07781463624923463,505.50570426953396,1.349598494777868
443,composite_30_conservative_dmonth,not_completed,0.07781463624923463,2239.182171252112,1.0853075697659997
443,composite_90_conservative_dmonth,early,0.08816307115812523,372.0162780281665,1.3595660822788989
443,composite_90_conservative_dmonth,not_completed,0.08816307115812523,1719.9472379549138,1.0951857164973635
444,composite_30,early,0.09149527849818499,543.5372499528004,1.3070915675881394
444,composite_30,not_completed,0.09149527849818499,2453.652602270105,1.083579708975311
444,readmit_30,early,0.09144437725511813,544.0751075662532,1.310933106194417
444,readmit_30,not_completed,0.09144437725511813,2453.7540384816625,1.0844548021896319
444,death_30,early,0.0903533085639907,544.7097906347958,1.3083877032210975
444,death_30,not_completed,0.0903533085639907,2467.6801580383653,1.08704943033749
444,composite_90,early,0.10805891934948794,451.37749263516787,1.3618197835515602
444,composite_90,not_completed,0.10805891934948794,1981.81598398745,1.0934265161664014
444,composite_30_conservative_dmonth,early,0.09984062875311613,511.694956676539,1.3188044782677502
444,composite_30_conservative_dmonth,not_completed,0.09984062875311613,2240.7337048803406,1.088762022355859
444,composite_90_conservative_dmonth,early,0.1280702984248172,381.5324676717394,1.38832295301393
444,composite_90_conservative_dmonth,not_completed,0.1280702984248172,1697.6984478033555,1.1037913024990293
445,composite_30,early,0.07195484846041217,557.5339048467811,1.2856605364565485
445,composite_30,not_completed,0.07195484846041217,2663.8732156384876,1.0721160309583304
445,readmit_30,early,0.07201907461783424,557.4056453441956,1.2947858350720993
445,readmit_30,not_completed,0.07201907461783424,2663.741501578701,1.0761978114819117
445,death_30,early,0.07106126993904821,559.0196090690936,1.3058742364926528
445,death_30,not_completed,0.07106126993904821,2672.627385185093,1.0786960556934253
445,composite_90,early,0.07102623159058351,456.173102219539,1.3616078432364116
445,composite_90,not_completed,0.07102623159058351,2196.6929126969144,1.0859258397230185
445,composite_30_conservative_dmonth,early,0.06685978292124262,519.1869978379068,1.338572718435565
445,composite_30_conservative_dmonth,not_completed,0.06685978292124262,2452.6053301413194,1.0831017835638863
445,composite_90_conservative_dmonth,early,0.0828307496598291,386.42354453772685,1.4271500821535459
445,composite_90_conservative_dmonth,not_completed,0.0828307496598291,1917.3379048976842,1.1065126327834003
446,composite_30,early,0.07583010681425219,546.2491234886348,1.3205870460533877
446,composite_30,not_completed,0.07583010681425219,2463.3542948221125,1.0794830952999805
446,readmit_30,early,0.07585343258951921,546.2587065964799,1.3129760401717872
446,readmit_30,not_completed,0.07585343258951921,2463.335362786859,1.0822230619527216
446,death_30,early,0.0729863996673223,546.9597090713816,1.3323495276462745
446,death_30,not_completed,0.0729863996673223,2476.282139366964,1.0814731941122324
446,composite_90,early,0.0805013218158882,451.07087890351795,1.341834086983438
446,composite_90,not_completed,0.0805013218158882,2032.5150597905067,1.078449147744291
446,composite_30_conservative_dmonth,early,0.08228869351512129,518.7781130997552,1.3042390570941815
446,composite_30_conservative_dmonth,not_completed,0.08228869351512129,2250.386281770033,1.0825281803065228
446,composite_90_conservative_dmonth,early,0.08103315864488969,392.73461662098947,1.3519462295457463
446,composite_90_conservative_dmonth,not_completed,0.08103315864488969,1771.4195384865886,1.0867106588125042
447,composite_30,early,0.073483547012225,566.9742813677857,1.274118624395068
447,composite_30,not_completed,0.073483547012225,2680.7813499230533,1.059847535392511
447,readmit_30,early,0.07345462143718985,566.8374100698766,1.2703856767754569
447,readmit_30,not_completed,0.07345462143718985,2680.74405610574,1.0610120705201238
447,death_30,early,0.07372884091263839,568.7875500798989,1.2831662502168009
447,death_30,not_completed,0.07372884091263839,2696.7770192970156,1.0592511705995462
447,composite_90,early,0.08902383610746363,461.95245716810894,1.3278151667647684
447,composite_90,not_completed,0.08902383610746363,2185.7582430657603,1.07500335031599
447,composite_30_conservative_dmonth,early,0.077075613944908,521.6680278628668,1.3045214048731368
447,composite_30_conservative_dmonth,not_completed,0.077075613944908,2452.6732926398518,1.0684731776364744
447,composite_90_conservative_dmonth,early,0.0804933864842735,391.2039824734555,1.4147134832380464
447,composite_90_conservative_dmonth,not_completed,0.0804933864842735,1890.6295727543763,1.0839741714223483
448,composite_30,early,0.08004058737261331,547.2850106244955,1.3467929741707634
448,composite_30,not_completed,0.08004058737261331,2455.1622040761663,1.0837298634322445
448,readmit_30,early,0.08008214293082241,547.2392090564056,1.3372462639307054
448,readmit_30,not_completed,0.08008214293082241,2455.1136075011104,1.0824433683490353
448,death_30,early,0.07881064199721322,549.4005611241568,1.33109564472582
448,death_30,not_completed,0.07881064199721322,2467.1801978368762,1.0812230901186806
448,composite_90,early,0.08442237606878054,451.3522673980928,1.3212020055703557
448,composite_90,not_completed,0.08442237606878054,1975.243831778471,1.0871444061777975
448,composite_30_conservative_dmonth,early,0.08321400187576418,504.6657666865695,1.3383360641231765
448,composite_30_conservative_dmonth,not_completed,0.08321400187576418,2218.075331256515,1.085255952642727
448,composite_90_conservative_dmonth,early,0.09595968820385128,391.0860248438039,1.3693882032952078
448,composite_90_conservative_dmonth,not_completed,0.09595968820385128,1692.0139972200454,1.1083650073804356
449,composite_30,early,0.1002174078302571,545.8746153491604,1.3762218015162324
449,composite_30,not_completed,0.1002174078302571,2468.70601829907,1.0885182675222147
449,readmit_30,early,0.10020966988139587,546.0589159296946,1.3690552278189687
449,readmit_30,not_completed,0.10020966988139587,2468.702546802268,1.0918114548972566
449,death_30,early,0.09787270786810846,547.8066651750114,1.3781017206948394
449,death_30,not_completed,0.09787270786810846,2480.7302767986735,1.0901869552411856
449,composite_90,early,0.10861525584375975,456.4361339770798,1.3593624601148422
449,composite_90,not_completed,0.10861525584375975,1966.8017238355224,1.101452281758554
449,composite_30_conservative_dmonth,early,0.10343050919942565,512.4489976367328,1.3742861123100572
449,composite_30_conservative_dmonth,not_completed,0.10343050919942565,2227.71630498706,1.0958578118848252
449,composite_90_conservative_dmonth,early,0.11926575676836104,391.71318183614903,1.4401200330237447
449,composite_90_conservative_dmonth,not_completed,0.11926575676836104,1715.6125036265182,1.113015640249693
450,composite_30,early,0.09123168491901607,570.4431978711131,1.2849299900514624
450,composite_30,not_completed,0.09123168491901607,2551.713325673608,1.0837934180974436
450,readmit_30,early,0.09116993374618011,570.4676322854308,1.2773939131766348
450,readmit_30,not_completed,0.09116993374618011,2551.6397010450723,1.0896409024722953
450,death_30,early,0.09146585938920318,572.2962582854788,1.2845884144106554
450,death_30,not_completed,0.09146585938920318,2564.629736671341,1.0876688858300236
450,composite_90,early,0.09041466636799139,483.11847443338786,1.3236620324228259
450,composite_90,not_completed,0.09041466636799139,2078.823449834264,1.0967262699592883
450,composite_30_conservative_dmonth,early,0.09259400680823249,540.4251391327418,1.30033181538983
450,composite_30_conservative_dmonth,not_completed,0.09259400680823249,2335.597372238039,1.0881782597297542
450,composite_90_conservative_dmonth,early,0.09075776642920265,412.3383813437869,1.3471051854211502
450,composite_90_conservative_dmonth,not_completed,0.09075776642920265,1822.93379644749,1.0921430491117667
451,composite_30,early,0.0949464510265343,529.9674126994171,1.3331141561755027
451,composite_30,not_completed,0.0949464510265343,2554.532462720368,1.0923374893122006
451,readmit_30,early,0.09505339910383669,530.1378884829564,1.3332986849177133
451,readmit_30,not_completed,0.09505339910383669,2554.5316012789913,1.0940520908981877
451,death_30,early,0.09506114406786074,532.0076327417518,1.3401745144815833
451,death_30,not_completed,0.09506114406786074,2566.5564749682976,1.092944377961575
451,composite_90,early,0.07289481979781065,441.666732780273,1.3831533604494781
451,composite_90,not_completed,0.07289481979781065,2043.7149627909914,1.106552505140715
451,composite_30_conservative_dmonth,early,0.0902977423102271,495.0699128451073,1.3142334097417143
451,composite_30_conservative_dmonth,not_completed,0.0902977423102271,2286.7479690550967,1.101918577647529
451,composite_90_conservative_dmonth,early,0.08623543324242014,387.84919922426076,1.3806020028159305
451,composite_90_conservative_dmonth,not_completed,0.08623543324242014,1811.4938464206762,1.1141312466839075
452,composite_30,early,0.08052619026251666,571.5863815762222,1.3005082784381614
452,composite_30,not_completed,0.08052619026251666,2627.0863557091393,1.077933171858155
452,readmit_30,early,0.08060667017630241,571.5678742797063,1.2938907865829188
452,readmit_30,not_completed,0.08060667017630241,2627.053241756892,1.0860151625761136
452,death_30,early,0.07979486691379525,571.5721765921468,1.2925384146234278
452,death_30,not_completed,0.07979486691379525,2641.1000120347057,1.0756748923650297
452,composite_90,early,0.07577518684870942,458.7390581911076,1.341047478875757
452,composite_90,not_completed,0.07577518684870942,2132.312322403438,1.0721493529013426
452,composite_30_conservative_dmonth,early,0.08069821397705175,530.6550361859939,1.3113590960626975
452,composite_30_conservative_dmonth,not_completed,0.08069821397705175,2380.9366381886207,1.0824332372104024
452,composite_90_conservative_dmonth,early,0.08877954044013911,385.82927555985265,1.485542533655615
452,composite_90_conservative_dmonth,not_completed,0.08877954044013911,1821.8599204734717,1.1072241446523423
453,composite_30,early,0.08115925037008478,575.9600872204895,1.2926047010981174
453,composite_30,not_completed,0.08115925037008478,2563.6047367359283,1.0746704054933784
453,readmit_30,early,0.08126127952858414,575.8917234840824,1.2719780986060658
453,readmit_30,not_completed,0.08126127952858414,2563.5272988395573,1.07709673908971
453,death_30,early,0.07940144697399824,575.933936639235,1.2784573739193836
453,death_30,not_completed,0.07940144697399824,2573.6081116406913,1.0721540039301025
453,composite_90,early,0.07932234501875202,481.71825288355444,1.3311455673126456
453,composite_90,not_completed,0.07932234501875202,2088.544059689954,1.0865626042196606
453,composite_30_conservative_dmonth,early,0.08294624445213387,537.6868761376724,1.2775019523112485
453,composite_30_conservative_dmonth,not_completed,0.08294624445213387,2343.474324984475,1.084845056093266
453,composite_90_conservative_dmonth,early,0.10299631844078254,407.18106289851306,1.4076824299527277
453,composite_90_conservative_dmonth,not_completed,0.10299631844078254,1802.3881852788734,1.0982414865206243
454,composite_30,early,0.06631166116050802,567.5419348536605,1.3803145235935912
454,composite_30,not_completed,0.06631166116050802,2500.734922157774,1.087889616948591
454,readmit_30,early,0.06636196450474169,567.4481157527011,1.3837790809356958
454,readmit_30,not_completed,0.06636196450474169,2500.6510206751996,1.0894393267948914
454,death_30,early,0.06601627138721136,567.2646957264791,1.3861985842692708
454,death_30,not_completed,0.06601627138721136,2514.690277862481,1.0888927097077603
454,composite_90,early,0.07398250454554105,469.28761851643634,1.3925149689069676
454,composite_90,not_completed,0.07398250454554105,2018.0580410899865,1.1000003280158948
454,composite_30_conservative_dmonth,early,0.06674479059176164,524.1587445864154,1.3430369778875513
454,composite_30_conservative_dmonth,not_completed,0.06674479059176164,2279.900709013599,1.0846180034591784
454,composite_90_conservative_dmonth,early,0.10135148250432797,401.67278239209327,1.463598056944903
454,composite_90_conservative_dmonth,not_completed,0.10135148250432797,1717.904371807917,1.1134717808601209
455,composite_30,early,0.06731281648482818,527.948926954726,1.3740728984894572
455,composite_30,not_completed,0.06731281648482818,2512.4902800884543,1.1048914059491681
455,readmit_30,early,0.0667617202343078,527.766942853031,1.40445317868634
455,readmit_30,not_completed,0.0667617202343078,2512.401600400865,1.1040802094842195
455,death_30,early,0.06708671611056548,528.773988807494,1.3863886856897902
455,death_30,not_completed,0.06708671611056548,2523.5135596894647,1.0998560506743382
455,composite_90,early,0.07753448403154276,437.0779082549248,1.4101058180727206
455,composite_90,not_completed,0.07753448403154276,2029.6962009628928,1.105167418676335
455,composite_30_conservative_dmonth,early,0.07301975277876187,492.6457515922661,1.41530497479544
455,composite_30_conservative_dmonth,not_completed,0.07301975277876187,2278.369405776187,1.1106121708482466
455,composite_90_conservative_dmonth,early,0.09496861927352603,378.9158293734251,1.4340936881419872
455,composite_90_conservative_dmonth,not_completed,0.09496861927352603,1739.455851888944,1.1175945551067892
456,composite_30,early,0.08721910146460037,535.9346282756271,1.310327280102396
456,composite_30,not_completed,0.08721910146460037,2564.8945831417923,1.099315662896923
456,readmit_30,early,0.08721777286482747,536.0054643703187,1.2958132896011632
456,readmit_30,not_completed,0.08721777286482747,2564.9118376940814,1.097081124282825
456,death_30,early,0.08605974873473467,536.9308688449258,1.3140990011272509
456,death_30,not_completed,0.08605974873473467,2577.9292455646637,1.0967584080020978
456,composite_90,early,0.09911270428620485,447.4720714030233,1.3729548503128453
456,composite_90,not_completed,0.09911270428620485,2081.864371048325,1.1143280275401815
456,composite_30_conservative_dmonth,early,0.0910216965245562,497.3427175985544,1.3656999683419875
456,composite_30_conservative_dmonth,not_completed,0.0910216965245562,2317.7932930197753,1.106267870959085
456,composite_90_conservative_dmonth,early,0.10982572619794659,378.16580251428275,1.4013522960727318
456,composite_90_conservative_dmonth,not_completed,0.10982572619794659,1822.629957071003,1.1235814239064994
457,composite_30,early,0.06011625990278264,568.1717466036215,1.262469258996386
457,composite_30,not_completed,0.06011625990278264,2603.290386399819,1.0774825810636457
457,readmit_30,early,0.06011933435113208,567.7821569215496,1.2988334986988883
457,readmit_30,not_completed,0.06011933435113208,2603.0444724310723,1.0877580714029267
457,death_30,early,0.05845202422597683,568.2054698491734,1.2728892231125732
457,death_30,not_completed,0.05845202422597683,2615.280096125802,1.0782918015813907
457,composite_90,early,0.0733784217475811,465.63457099773865,1.2973085572796945
457,composite_90,not_completed,0.0733784217475811,2119.03664727564,1.092369611285457
457,composite_30_conservative_dmonth,early,0.06734815362085943,525.0019286094658,1.2784317497515685
457,composite_30_conservative_dmonth,not_completed,0.06734815362085943,2358.0240416170714,1.0907129047389437
457,composite_90_conservative_dmonth,early,0.07259480976760076,402.05823019395865,1.3417802007388184
457,composite_90_conservative_dmonth,not_completed,0.07259480976760076,1870.1705776910112,1.098518435335158
458,composite_30,early,0.08160433814854098,575.5996610394623,1.2790437875027396
458,composite_30,not_completed,0.08160433814854098,2629.164307217978,1.0769481972102717
458,readmit_30,early,0.08167013939086673,575.7611281785718,1.2816533077943744
458,readmit_30,not_completed,0.08167013939086673,2629.1227923107876,1.0793325222558539
458,death_30,early,0.08189664636183851,576.7963776212663,1.2761042603461352
458,death_30,not_completed,0.08189664636183851,2641.1680650481044,1.0778135517134007
458,composite_90,early,0.07787796665318346,483.52162533677887,1.2826690772037652
458,composite_90,not_completed,0.07787796665318346,2158.3616981606224,1.0869653374281862
458,composite_30_conservative_dmonth,early,0.07949572879467949,538.2033109769366,1.266225788199442
458,composite_30_conservative_dmonth,not_completed,0.07949572879467949,2400.2478013967093,1.0757090466769978
458,composite_90_conservative_dmonth,early,0.09224530029916897,405.3301432580678,1.4299103200869874
458,composite_90_conservative_dmonth,not_completed,0.09224530029916897,1903.0001294888627,1.0997790790567865
459,composite_30,early,0.06676454041021797,541.0608338925573,1.4392005476909489
459,composite_30,not_completed,0.06676454041021797,2554.7481980806615,1.088647108264793
459,readmit_30,early,0.06674232150536223,541.2762039498143,1.4223823437643994
459,readmit_30,not_completed,0.06674232150536223,2554.802164142231,1.089111771261103
459,death_30,early,0.06763210801766756,543.4536049809675,1.4347969544976222
459,death_30,not_completed,0.06763210801766756,2569.841887678176,1.0859123628459886
459,composite_90,early,0.0743330897737127,438.57613079422526,1.4962427004754923
459,composite_90,not_completed,0.0743330897737127,2075.808260416298,1.101082849438233
459,composite_30_conservative_dmonth,early,0.06965310459284987,500.1001633509438,1.4577777646783499
459,composite_30_conservative_dmonth,not_completed,0.06965310459284987,2318.7750546437833,1.0937587579693784
459,composite_90_conservative_dmonth,early,0.07834229549604499,380.5532281268823,1.6201922556105814
459,composite_90_conservative_dmonth,not_completed,0.07834229549604499,1809.4787213770483,1.117692651878896
460,composite_30,early,0.098144719523186,541.0646487194582,1.405579912626694
460,composite_30,not_completed,0.098144719523186,2538.7200141528747,1.077843838729869
460,readmit_30,early,0.09813399496396619,541.1364853740225,1.3901607196925359
460,readmit_30,not_completed,0.09813399496396619,2538.7012082530873,1.079132288538845
460,death_30,early,0.10141591042182492,542.169870293156,1.3948033733764502
460,death_30,not_completed,0.10141591042182492,2554.7951824933652,1.0722392012355564
460,composite_90,early,0.09834459422056897,454.579283900876,1.440580160458306
460,composite_90,not_completed,0.09834459422056897,2029.549437861716,1.082292394201738
460,composite_30_conservative_dmonth,early,0.09994209506476921,507.2665210274627,1.4479399673889874
460,composite_30_conservative_dmonth,not_completed,0.09994209506476921,2294.491850111667,1.0851188013510025
460,composite_90_conservative_dmonth,early,0.09131391749225412,389.1718191126022,1.5811620638850707
460,composite_90_conservative_dmonth,not_completed,0.09131391749225412,1784.2305774822512,1.1108529291108558
461,composite_30,early,0.10714586185125519,559.7366597745465,1.3778514024415052
461,composite_30,not_completed,0.10714586185125519,2522.270781974617,1.0836248555477892
461,readmit_30,early,0.1071516650920068,560.3697449559578,1.3543857982886955
461,readmit_30,not_completed,0.1071516650920068,2522.380043175896,1.0793576973099843
461,death_30,early,0.10682005209409423,562.1143415379536,1.3596268374875318
461,death_30,not_completed,0.10682005209409423,2533.3484201756983,1.077986501723243
461,composite_90,early,0.1028814662436465,463.7196388997774,1.3733394553263043
461,composite_90,not_completed,0.1028814662436465,2033.4979137394182,1.0906963432690517
461,composite_30_conservative_dmonth,early,0.1039124221423303,525.5832508008434,1.2998910476651364
461,composite_30_conservative_dmonth,not_completed,0.1039124221423303,2274.625155145252,1.0802483218684655
461,composite_90_conservative_dmonth,early,0.11726934366079358,393.5517420879237,1.4178614163474315
461,composite_90_conservative_dmonth,not_completed,0.11726934366079358,1777.4100551906467,1.0929101486491264
462,composite_30,early,0.06449380276129499,581.7413699756164,1.3969203076841137
462,composite_30,not_completed,0.06449380276129499,2531.3311436582785,1.096065986382705
462,readmit_30,early,0.06451262247393547,582.1312821925934,1.3749843964530064
462,readmit_30,not_completed,0.06451262247393547,2531.397801238876,1.0959675168768142
462,death_30,early,0.06303600752588762,582.8519975548217,1.3828710832352948
462,death_30,not_completed,0.06303600752588762,2542.382846388113,1.0937500375061309
462,composite_90,early,0.07232818393144307,480.75437026982786,1.4370741155099902
462,composite_90,not_completed,0.07232818393144307,2024.5569024514089,1.0965412002011046
462,composite_30_conservative_dmonth,early,0.06354545443932072,542.7897273518157,1.4120752792180573
462,composite_30_conservative_dmonth,not_completed,0.06354545443932072,2283.329403655079,1.099566747330801
462,composite_90_conservative_dmonth,early,0.09035671872046844,409.0309328374032,1.4574831339720036
462,composite_90_conservative_dmonth,not_completed,0.09035671872046844,1777.3576665484827,1.1096071520211732
463,composite_30,early,0.0666753066439619,550.8962704638543,1.3860524349837229
463,composite_30,not_completed,0.0666753066439619,2524.3792222268808,1.0688917660642738
463,readmit_30,early,0.06659474840268477,550.4781711583679,1.3942016213314556
463,readmit_30,not_completed,0.06659474840268477,2524.1983121306816,1.0777339558535126
463,death_30,early,0.06671886124664045,552.324196915526,1.425379604132504
463,death_30,not_completed,0.06671886124664045,2535.285549679023,1.07044208870983
463,composite_90,early,0.06722777683498621,453.4171272758351,1.3711342835843052
463,composite_90,not_completed,0.06722777683498621,2067.117521218898,1.0854652531569644
463,composite_30_conservative_dmonth,early,0.06275210899038136,512.7289264396034,1.3885912176074147
463,composite_30_conservative_dmonth,not_completed,0.06275210899038136,2292.1114612872207,1.0792481600396489
463,composite_90_conservative_dmonth,early,0.08203868666334174,391.40588231492364,1.3564973097887958
463,composite_90_conservative_dmonth,not_completed,0.08203868666334174,1809.199627148252,1.0910181400410357
464,composite_30,early,0.06612172421207144,538.6596940174013,1.3243843506003241
464,composite_30,not_completed,0.06612172421207144,2519.8775348280083,1.0895884097307087
464,readmit_30,early,0.06610490217586718,538.9604496484585,1.3040873027970694
464,readmit_30,not_completed,0.06610490217586718,2519.9372033912305,1.0889364775058192
464,death_30,early,0.06989468072381562,540.8324827223247,1.322253746137652
464,death_30,not_completed,0.06989468072381562,2532.9338768258845,1.0860099333582605
464,composite_90,early,0.075598093622029,444.5741239636016,1.3399323609355274
464,composite_90,not_completed,0.075598093622029,2014.929488437643,1.0959561078545066
464,composite_30_conservative_dmonth,early,0.07001935537671673,503.5544913467703,1.3083643459011356
464,composite_30_conservative_dmonth,not_completed,0.07001935537671673,2275.922450876335,1.094563197248503
464,composite_90_conservative_dmonth,early,0.09467219191596461,384.7337186893682,1.3975731894550179
464,composite_90_conservative_dmonth,not_completed,0.09467219191596461,1742.6704855893886,1.1095328478866864
465,composite_30,early,0.07013533089148939,561.8389477112385,1.3333156118813405
465,composite_30,not_completed,0.07013533089148939,2464.8788393923855,1.086182718959015
465,readmit_30,early,0.07024412504950285,561.8204080940084,1.3464942104573634
465,readmit_30,not_completed,0.07024412504950285,2464.829110223233,1.0912593940247253
465,death_30,early,0.06950662713528925,564.0657085029391,1.3165932531690299
465,death_30,not_completed,0.06950662713528925,2477.9706919181913,1.0820248813441458
465,composite_90,early,0.07812492485146863,458.8284222237889,1.267157255551321
465,composite_90,not_completed,0.07812492485146863,1957.3762488166828,1.0792290620677831
465,composite_30_conservative_dmonth,early,0.07542516399143735,524.0121872939922,1.3488623262331665
465,composite_30_conservative_dmonth,not_completed,0.07542516399143735,2223.9469330679135,1.1028981782280787
465,composite_90_conservative_dmonth,early,0.0819374093479748,383.4969264219753,1.3443849719021332
465,composite_90_conservative_dmonth,not_completed,0.0819374093479748,1663.4649518202425,1.079321886832037
466,composite_30,early,0.07210373117556212,544.3162483015118,1.3216425793661504
466,composite_30,not_completed,0.07210373117556212,2471.251401607208,1.0768684030385387
466,readmit_30,early,0.07221480211466556,544.0594204162625,1.3252417873133664
466,readmit_30,not_completed,0.07221480211466556,2471.1608087251684,1.082243699163217
466,death_30,early,0.07247034857138725,545.4131964041485,1.319736367254946
466,death_30,not_completed,0.07247034857138725,2486.2807844045496,1.0775008408694533
466,composite_90,early,0.08016346009362829,454.04159446044673,1.363506970405078
466,composite_90,not_completed,0.08016346009362829,2023.1089799429205,1.088664104258903
466,composite_30_conservative_dmonth,early,0.07623316360267303,511.9712129424647,1.3350419568422212
466,composite_30_conservative_dmonth,not_completed,0.07623316360267303,2234.002289632649,1.0859168281415383
466,composite_90_conservative_dmonth,early,0.09654797396947704,375.86464031493347,1.4542952748580684
466,composite_90_conservative_dmonth,not_completed,0.09654797396947704,1778.8588257256085,1.1050249534884462
467,composite_30,early,0.06869189334893767,558.4637671471579,1.2735415583027194
467,composite_30,not_completed,0.06869189334893767,2530.71083714944,1.0605369729716934
467,readmit_30,early,0.06878738240309382,558.265287390248,1.2933618263498818
467,readmit_30,not_completed,0.06878738240309382,2530.6766002326476,1.060314466386978
467,death_30,early,0.06907884558295425,560.267528477909,1.2779530689039356
467,death_30,not_completed,0.06907884558295425,2539.6290966575093,1.0645476381652395
467,composite_90,early,0.08854080048669281,469.5820608786321,1.251798387741171
467,composite_90,not_completed,0.08854080048669281,2056.941222507228,1.055685003590781
467,composite_30_conservative_dmonth,early,0.0763744303676466,530.8146886486791,1.2627361341533234
467,composite_30_conservative_dmonth,not_completed,0.0763744303676466,2310.638211892112,1.0618514479434724
467,composite_90_conservative_dmonth,early,0.09683828664454967,399.00657457966827,1.2751894834037747
467,composite_90_conservative_dmonth,not_completed,0.09683828664454967,1769.6507981225643,1.06964496628931
468,composite_30,early,0.09852641992162786,574.7813653228017,1.3141723445662479
468,composite_30,not_completed,0.09852641992162786,2388.643945990649,1.0900491095727036
468,readmit_30,early,0.09867101008934757,574.884231850116,1.3089785472278066
468,readmit_30,not_completed,0.09867101008934757,2388.6432045387355,1.0900011399475087
468,death_30,early,0.09712998479779458,576.0244625920192,1.2961097623669144
468,death_30,not_completed,0.09712998479779458,2398.769313293204,1.0860887239470287
468,composite_90,early,0.10371255457933225,480.1993814016584,1.3381969529338469
468,composite_90,not_completed,0.10371255457933225,1919.6734757301444,1.1006107475035212
468,composite_30_conservative_dmonth,early,0.09723343013244955,543.7166628054923,1.3226719845937596
468,composite_30_conservative_dmonth,not_completed,0.09723343013244955,2163.5562599500477,1.0937653904053641
468,composite_90_conservative_dmonth,early,0.11517256584857971,408.57229550079813,1.3688909467964383
468,composite_90_conservative_dmonth,not_completed,0.11517256584857971,1667.5714131215343,1.1154011507389723
469,composite_30,early,0.060560450854480745,534.7433356879458,1.2938744391238932
469,composite_30,not_completed,0.060560450854480745,2593.180257844362,1.0808543350302462
469,readmit_30,early,0.060529119001871065,534.689975806525,1.3021602142972666
469,readmit_30,not_completed,0.060529119001871065,2593.138576386504,1.0813974252509344
469,death_30,early,0.060183340103164444,536.9531291745569,1.282238778541454
469,death_30,not_completed,0.060183340103164444,2604.2722430957006,1.0734657811336454
469,composite_90,early,0.05824098764986453,449.4330951473934,1.3278271672800892
469,composite_90,not_completed,0.05824098764986453,2147.1835956154487,1.091615459801732
469,composite_30_conservative_dmonth,early,0.0613321502218763,495.4524437354206,1.3135448012010797
469,composite_30_conservative_dmonth,not_completed,0.0613321502218763,2381.0199440557153,1.0872896172632045
469,composite_90_conservative_dmonth,early,0.07073972180165428,384.6396073381169,1.3621493285176784
469,composite_90_conservative_dmonth,not_completed,0.07073972180165428,1880.1029104853073,1.1025244867932802
470,composite_30,early,0.10352112255944607,559.036913883665,1.2738909469316348
470,composite_30,not_completed,0.10352112255944607,2449.1589675868654,1.082123765312527
470,readmit_30,early,0.1034721144814332,559.2860172515341,1.262946824998188
470,readmit_30,not_completed,0.1034721144814332,2449.2450186308265,1.078537203296765
470,death_30,early,0.10264309557072201,559.9315902063083,1.2731058992437143
470,death_30,not_completed,0.10264309557072201,2465.147791120867,1.0812446705922865
470,composite_90,early,0.11565167607426342,465.5666759436546,1.3315960314330584
470,composite_90,not_completed,0.11565167607426342,2008.0892641238947,1.0982647462782074
470,composite_30_conservative_dmonth,early,0.1126211603949071,519.0471850283728,1.2688097994124732
470,composite_30_conservative_dmonth,not_completed,0.1126211603949071,2238.023767354067,1.0846406457123268
470,composite_90_conservative_dmonth,early,0.138741658349402,389.03490003633954,1.4086435508119777
470,composite_90_conservative_dmonth,not_completed,0.138741658349402,1722.8975582806347,1.1146005237815046
471,composite_30,early,0.08080362523667428,569.3881884676231,1.2581501868270468
471,composite_30,not_completed,0.08080362523667428,2474.1821244891576,1.0806418956495478
471,readmit_30,early,0.08081017967601309,569.1367356627951,1.2699997013185782
471,readmit_30,not_completed,0.08081017967601309,2474.104632773693,1.0822857550587015
471,death_30,early,0.08127740417771256,571.2502684379834,1.26662940103081
471,death_30,not_completed,0.08127740417771256,2485.1427131837004,1.0813835959751839
471,composite_90,early,0.09609003410827997,466.45797226546586,1.3550732181042302
471,composite_90,not_completed,0.09609003410827997,1992.2271176698262,1.0902211993807185
471,composite_30_conservative_dmonth,early,0.09053171719882581,523.8970423452306,1.315134421272154
471,composite_30_conservative_dmonth,not_completed,0.09053171719882581,2233.0160155686895,1.0882888569316598
471,composite_90_conservative_dmonth,early,0.10147476567370188,405.57613958243303,1.3612274849409134
471,composite_90_conservative_dmonth,not_completed,0.10147476567370188,1755.0996018481674,1.0996627796573288
472,composite_30,early,0.08820358298559684,556.6511518684588,1.4034344628658002
472,composite_30,not_completed,0.08820358298559684,2520.0937521752335,1.1091270795438635
472,readmit_30,early,0.08822492524029511,556.6598215784189,1.4010074415082066
472,readmit_30,not_completed,0.08822492524029511,2520.0256925018275,1.1111235718816357
472,death_30,early,0.08485579670278835,558.8280298630725,1.3945152854019207
472,death_30,not_completed,0.08485579670278835,2535.119515181196,1.1097781163552658
472,composite_90,early,0.09476687567837783,452.10058507472917,1.4026148330860109
472,composite_90,not_completed,0.09476687567837783,1994.8771186247548,1.138579756092333
472,composite_30_conservative_dmonth,early,0.09252877186827987,516.9485820394901,1.3930603956696703
472,composite_30_conservative_dmonth,not_completed,0.09252877186827987,2262.9934028009075,1.1143862966872167
472,composite_90_conservative_dmonth,early,0.11285498531266593,379.73805252684417,1.3900548922743883
472,composite_90_conservative_dmonth,not_completed,0.11285498531266593,1673.042037476708,1.1517820906671328
473,composite_30,early,0.06953493385629016,533.1602187795586,1.360537809504352
473,composite_30,not_completed,0.06953493385629016,2464.8389531049393,1.0806864927110904
473,readmit_30,early,0.06957256218669433,533.3846558422897,1.3548148959984532
473,readmit_30,not_completed,0.06957256218669433,2464.870464764554,1.0827034610601902
473,death_30,early,0.0691130549708786,534.4038517373194,1.3440313018145265
473,death_30,not_completed,0.0691130549708786,2476.8690902877083,1.081101375473858
473,composite_90,early,0.07785762688996345,443.3255542971208,1.3921970363689382
473,composite_90,not_completed,0.07785762688996345,2005.9157231392367,1.087248626987024
473,composite_30_conservative_dmonth,early,0.07443281110077657,496.8774893882588,1.360893318892437
473,composite_30_conservative_dmonth,not_completed,0.07443281110077657,2226.9614012292245,1.0874492557573976
473,composite_90_conservative_dmonth,early,0.0855688760500843,361.25126999417444,1.440716575824725
473,composite_90_conservative_dmonth,not_completed,0.0855688760500843,1701.900856212449,1.1012436053588037
474,composite_30,early,0.06557630312054545,546.3849585704417,1.315955884810653
474,composite_30,not_completed,0.06557630312054545,2551.0570846386345,1.084510455758661
474,readmit_30,early,0.06554883707585732,546.3601677365413,1.3294296073540375
474,readmit_30,not_completed,0.06554883707585732,2550.976172959118,1.0907512007289888
474,death_30,early,0.07156825917406265,547.9696203877508,1.2855022338119406
474,death_30,not_completed,0.07156825917406265,2562.1786842680117,1.0820498832048981
474,composite_90,early,0.06079233896946889,448.6800262645999,1.3440181967299447
474,composite_90,not_completed,0.06079233896946889,2084.145785252042,1.0972966840787712
474,composite_30_conservative_dmonth,early,0.06165440081497606,510.3613148362588,1.3234056312542366
474,composite_30_conservative_dmonth,not_completed,0.06165440081497606,2346.986358261247,1.0988153472119326
474,composite_90_conservative_dmonth,early,0.0658361519383082,385.07651950248356,1.3360716705262938
474,composite_90_conservative_dmonth,not_completed,0.0658361519383082,1851.9956465946323,1.111739692958395
475,composite_30,early,0.1026378154537412,565.1770066578622,1.3216713217017748
475,composite_30,not_completed,0.1026378154537412,2611.9889764043583,1.0827675609224632
475,readmit_30,early,0.10260397590497783,565.2050098356003,1.3157003915305956
475,readmit_30,not_completed,0.10260397590497783,2612.0406596024095,1.0822558333506807
475,death_30,early,0.10169959135616838,565.8911596238245,1.3253691542248212
475,death_30,not_completed,0.10169959135616838,2623.980639397615,1.0821840567590417
475,composite_90,early,0.09955940625537195,469.0146483370261,1.3334906923862198
475,composite_90,not_completed,0.09955940625537195,2117.3879795229936,1.0760698801576556
475,composite_30_conservative_dmonth,early,0.10831888899840343,532.1431919035771,1.316643714053369
475,composite_30_conservative_dmonth,not_completed,0.10831888899840343,2367.0127673260017,1.086787243044519
475,composite_90_conservative_dmonth,early,0.08609033724675832,401.54478712797084,1.3477920147149567
475,composite_90_conservative_dmonth,not_completed,0.08609033724675832,1845.9017963491904,1.098906804248701
476,composite_30,early,0.07435241218462513,552.6223354747307,1.3775416855879494
476,composite_30,not_completed,0.07435241218462513,2499.0851009503767,1.0788922608430411
476,readmit_30,early,0.07458657849291857,552.6434795080711,1.3584813534350266
476,readmit_30,not_completed,0.07458657849291857,2499.0176200061746,1.082820343187512
476,death_30,early,0.07434426541520543,553.8333462812266,1.3780162330819699
476,death_30,not_completed,0.07434426541520543,2511.1574135636197,1.0751749904132024
476,composite_90,early,0.07840121620787846,464.575828381135,1.3701784045240772
476,composite_90,not_completed,0.07840121620787846,2059.3170395202146,1.081724126733565
476,composite_30_conservative_dmonth,early,0.07526937653144461,517.6917082830802,1.3867968573404292
476,composite_30_conservative_dmonth,not_completed,0.07526937653144461,2277.2648692344915,1.077842021195387
476,composite_90_conservative_dmonth,early,0.09583583060300845,404.5511325579195,1.4272200560743118
476,composite_90_conservative_dmonth,not_completed,0.09583583060300845,1783.4237299505712,1.0881883903173015
477,composite_30,early,0.08883515508048621,565.9495790131945,1.2929125820526082
477,composite_30,not_completed,0.08883515508048621,2524.9744162843435,1.090997486603386
477,readmit_30,early,0.0888635410323529,565.7804788872455,1.2897688750568437
477,readmit_30,not_completed,0.0888635410323529,2524.8953415586857,1.0946938356943483
477,death_30,early,0.0894319832875028,566.8890100659978,1.2956489618334666
477,death_30,not_completed,0.0894319832875028,2534.952000511635,1.092207777283094
477,composite_90,early,0.09659841443111049,472.37236202377744,1.3185199781821664
477,composite_90,not_completed,0.09659841443111049,2061.008223173128,1.1048877657038938
477,composite_30_conservative_dmonth,early,0.09347690525075149,528.695951290423,1.3552519583253546
477,composite_30_conservative_dmonth,not_completed,0.09347690525075149,2282.829980223478,1.1050600704939195
477,composite_90_conservative_dmonth,early,0.11839246777636071,409.9481305283996,1.370070058608683
477,composite_90_conservative_dmonth,not_completed,0.11839246777636071,1795.7995165380128,1.1148091459429184
478,composite_30,early,0.07324925933394093,532.6747491731783,1.3460943292378105
478,composite_30,not_completed,0.07324925933394093,2475.931696917938,1.084497118041691
478,readmit_30,early,0.07320004919988388,532.5530513206298,1.3492172424582078
478,readmit_30,not_completed,0.07320004919988388,2475.8614159431395,1.0873563705528348
478,death_30,early,0.07253991928850419,533.5691613939363,1.3469038764087442
478,death_30,not_completed,0.07253991928850419,2487.9135274210876,1.0844400278423623
478,composite_90,early,0.07283631176653992,446.345065902354,1.5108413081777328
478,composite_90,not_completed,0.07283631176653992,2005.0007584963096,1.0990441814836855
478,composite_30_conservative_dmonth,early,0.07033428210218574,497.3383764074674,1.3739614505308997
478,composite_30_conservative_dmonth,not_completed,0.07033428210218574,2248.9573978539415,1.0893459959233018
478,composite_90_conservative_dmonth,early,0.0858794781690222,372.597057134711,1.6438212689981924
478,composite_90_conservative_dmonth,not_completed,0.0858794781690222,1767.5416028227019,1.1241127314042056
479,composite_30,early,0.09703735350672565,564.7922492045356,1.3485101985679568
479,composite_30,not_completed,0.09703735350672565,2581.0704572260975,1.090867503327668
479,readmit_30,early,0.09704597773839173,564.9685449185179,1.329324934704538
479,readmit_30,not_completed,0.09704597773839173,2581.0870144531277,1.0875352312171893
479,death_30,early,0.09583615125582326,565.7620745734,1.346924572469735
479,death_30,not_completed,0.09583615125582326,2593.0636862707943,1.0862369146228696
479,composite_90,early,0.08583647205886978,470.5671034740783,1.465711120263283
479,composite_90,not_completed,0.08583647205886978,2093.70335279973,1.103106421360788
479,composite_30_conservative_dmonth,early,0.09055924850878176,531.031939743476,1.3877062256507078
479,composite_30_conservative_dmonth,not_completed,0.09055924850878176,2336.803148906028,1.0992381782679108
479,composite_90_conservative_dmonth,early,0.09202943961318007,394.9031373300918,1.5627014329945625
479,composite_90_conservative_dmonth,not_completed,0.09202943961318007,1782.0972737139994,1.1240932477918282
480,composite_30,early,0.08451518290403079,561.0152741916098,1.2640325064278577
480,composite_30,not_completed,0.08451518290403079,2507.082594142247,1.0810346915768938
480,readmit_30,early,0.08450282272498985,561.4081349550794,1.2592096449934136
480,readmit_30,not_completed,0.08450282272498985,2507.157278711189,1.082872881700071
480,death_30,early,0.0823983063536887,562.2656833223509,1.2640494963559326
480,death_30,not_completed,0.0823983063536887,2517.18740455106,1.077531643472209
480,composite_90,early,0.1003558101801456,466.5484642702459,1.277456245395028
480,composite_90,not_completed,0.1003558101801456,2035.4056869678789,1.084049004663665
480,composite_30_conservative_dmonth,early,0.08958968582062983,525.1086788309824,1.2782522946446926
480,composite_30_conservative_dmonth,not_completed,0.08958968582062983,2290.3445187863263,1.08029441728347
480,composite_90_conservative_dmonth,early,0.11388140314400227,397.20993216012073,1.309550237450984
480,composite_90_conservative_dmonth,not_completed,0.11388140314400227,1772.1895010509652,1.1085059898014409
481,composite_30,early,0.07356466592209658,574.1512386383803,1.3486335283752908
481,composite_30,not_completed,0.07356466592209658,2546.511135533805,1.0893379399790577
481,readmit_30,early,0.07350658610697115,574.2479303196493,1.3502455781374683
481,readmit_30,not_completed,0.07350658610697115,2546.4885281472616,1.0911007199965528
481,death_30,early,0.07106097706323396,575.1782667350536,1.3322694363998315
481,death_30,not_completed,0.07106097706323396,2555.5163082880704,1.0903964970737612
481,composite_90,early,0.06835690518515128,489.2154436311823,1.4176054154430766
481,composite_90,not_completed,0.06835690518515128,2077.8142868524055,1.089632201936416
481,composite_30_conservative_dmonth,early,0.07307248498031287,547.9442882816677,1.397886313062533
481,composite_30_conservative_dmonth,not_completed,0.07307248498031287,2323.6568128307053,1.0849779568188962
481,composite_90_conservative_dmonth,early,0.08757701907174731,424.0413284544428,1.430369425557427
481,composite_90_conservative_dmonth,not_completed,0.08757701907174731,1817.509801062455,1.1020760658223845
482,composite_30,early,0.08005919444093751,582.650851333373,1.377378589356391
482,composite_30,not_completed,0.08005919444093751,2601.7807189700206,1.0953768575161869
482,readmit_30,early,0.08035430000729123,582.3694496483514,1.394276418835465
482,readmit_30,not_completed,0.08035430000729123,2601.6373063476235,1.0977333830653424
482,death_30,early,0.08030251319774753,583.767590394597,1.3892450811102393
482,death_30,not_completed,0.08030251319774753,2612.869681162684,1.0920945666499617
482,composite_90,early,0.0794244472126979,492.36698831493777,1.3968038911142733
482,composite_90,not_completed,0.0794244472126979,2123.5468517097947,1.1033906890540868
482,composite_30_conservative_dmonth,early,0.07915957336092094,546.7054132068434,1.4068130340954574
482,composite_30_conservative_dmonth,not_completed,0.07915957336092094,2355.5878933716176,1.1013369237715291
482,composite_90_conservative_dmonth,early,0.08025181864256872,410.94558814256624,1.4498558748236943
482,composite_90_conservative_dmonth,not_completed,0.08025181864256872,1817.4997320400687,1.119770642079233
483,composite_30,early,0.07388052073277919,542.275029380445,1.3669083998948948
483,composite_30,not_completed,0.07388052073277919,2503.124362068834,1.0751679938475116
483,readmit_30,early,0.0738151932834416,542.1576720273803,1.3790304319988733
483,readmit_30,not_completed,0.0738151932834416,2503.0623283531454,1.0803378705707685
483,death_30,early,0.07312116460544235,543.5513494393103,1.3521195080620139
483,death_30,not_completed,0.07312116460544235,2516.181500901824,1.074614848625079
483,composite_90,early,0.08805254688531296,446.79767249284276,1.3933126705119243
483,composite_90,not_completed,0.08805254688531296,2015.9729845966947,1.0941615842972916
483,composite_30_conservative_dmonth,early,0.09568711160396265,496.00140616827633,1.3711280742108007
483,composite_30_conservative_dmonth,not_completed,0.09568711160396265,2227.1689006923552,1.083884428185069
483,composite_90_conservative_dmonth,early,0.09611690120116095,380.0315009258231,1.3846840174312773
483,composite_90_conservative_dmonth,not_completed,0.09611690120116095,1741.8782303477244,1.1023419242789994
484,composite_30,early,0.06504450124499807,533.0574209604363,1.3650277087029843
484,composite_30,not_completed,0.06504450124499807,2540.137439834376,1.1033630335665254
484,readmit_30,early,0.0650700611739861,533.3025340912532,1.3548361726327351
484,readmit_30,not_completed,0.0650700611739861,2540.218749213584,1.0999063844429535
484,death_30,early,0.06439864483037953,534.9345934920556,1.3727450071881966
484,death_30,not_completed,0.06439864483037953,2551.1081696609167,1.1020838283133085
484,composite_90,early,0.07484696931961939,433.9847532228754,1.3689871431743352
484,composite_90,not_completed,0.07484696931961939,2057.4285835829883,1.1083504850376047
484,composite_30_conservative_dmonth,early,0.0704545134636778,493.90803705373406,1.3461081990508712
484,composite_30_conservative_dmonth,not_completed,0.0704545134636778,2318.4342336780605,1.0969119549047888
484,composite_90_conservative_dmonth,early,0.08799972133800986,381.3220905159037,1.419504020969536
484,composite_90_conservative_dmonth,not_completed,0.08799972133800986,1822.2637383346257,1.1213876657522377
485,composite_30,early,0.08292130898948301,571.43991728382,1.2774869142875698
485,composite_30,not_completed,0.08292130898948301,2573.657974228721,1.1026359249787239
485,readmit_30,early,0.08293886358724434,571.3319848926803,1.278660941899424
485,readmit_30,not_completed,0.08293886358724434,2573.6200865159262,1.1050096942067493
485,death_30,early,0.08094905433212983,573.2108258007743,1.2939279950296503
485,death_30,not_completed,0.08094905433212983,2586.5600008295337,1.1040346620122707
485,composite_90,early,0.09785671391216066,462.4110628598754,1.2609461036675658
485,composite_90,not_completed,0.09785671391216066,2084.0390292010457,1.093973739700335
485,composite_30_conservative_dmonth,early,0.09318165502190869,530.1004175840462,1.2637216157371882
485,composite_30_conservative_dmonth,not_completed,0.09318165502190869,2331.795001101695,1.0990310567694312
485,composite_90_conservative_dmonth,early,0.09992067303427991,395.73206597662426,1.3109622974419035
485,composite_90_conservative_dmonth,not_completed,0.09992067303427991,1812.7538343233027,1.118985399510739
486,composite_30,early,0.08364847545333363,586.0285044542338,1.3344886289565185
486,composite_30,not_completed,0.08364847545333363,2579.5276904531793,1.0885743498596412
486,readmit_30,early,0.08368576316470669,586.205029470996,1.3235699945319455
486,readmit_30,not_completed,0.08368576316470669,2579.567355869563,1.086322661789434
486,death_30,early,0.08426031572453262,587.0603698168932,1.3204765460076862
486,death_30,not_completed,0.08426031572453262,2588.548757480896,1.0846232783832297
486,composite_90,early,0.08223258339469244,475.07374890981225,1.3784482176029054
486,composite_90,not_completed,0.08223258339469244,2103.661092543282,1.0942783351355352
486,composite_30_conservative_dmonth,early,0.08260204736847387,533.6801998231495,1.3334512732675423
486,composite_30_conservative_dmonth,not_completed,0.08260204736847387,2314.8973083144283,1.0802718886978189
486,composite_90_conservative_dmonth,early,0.0888236789962273,413.2699657956495,1.3958026793196376
486,composite_90_conservative_dmonth,not_completed,0.0888236789962273,1858.5222378506319,1.1048386456978172
487,composite_30,early,0.07776975659724106,584.3980468383866,1.4015115564508345
487,composite_30,not_completed,0.07776975659724106,2614.3295101125964,1.093368431384547
487,readmit_30,early,0.07774962197854775,584.616909753787,1.3933619260139098
487,readmit_30,not_completed,0.07774962197854775,2614.328655603293,1.094025066095161
487,death_30,early,0.07637649792626726,585.0179114820478,1.3948170549579193
487,death_30,not_completed,0.07637649792626726,2628.2139035087926,1.0958214649798605
487,composite_90,early,0.07446542084927454,493.05034029068474,1.4601028543845198
487,composite_90,not_completed,0.07446542084927454,2101.433449223484,1.0999169485260536
487,composite_30_conservative_dmonth,early,0.07576086185751384,542.2985022801264,1.413262583387294
487,composite_30_conservative_dmonth,not_completed,0.07576086185751384,2375.413823365186,1.0958826568769946
487,composite_90_conservative_dmonth,early,0.0880370663008861,421.8260758843075,1.5719193665929003
487,composite_90_conservative_dmonth,not_completed,0.0880370663008861,1817.1229887441168,1.1227282962758272
488,composite_30,early,0.08449251703584677,582.4231097918014,1.3340284086505168
488,composite_30,not_completed,0.08449251703584677,2560.8466048989426,1.0945772416619786
488,readmit_30,early,0.08450875311979235,582.3629918114431,1.3395529885037714
488,readmit_30,not_completed,0.08450875311979235,2560.8238715471944,1.0962804425674126
488,death_30,early,0.08541778473088034,583.5217544102622,1.3320010930657724
488,death_30,not_completed,0.08541778473088034,2575.845138259045,1.0951369682125434
488,composite_90,early,0.07594413117183635,479.3408305089259,1.3414534071075737
488,composite_90,not_completed,0.07594413117183635,2060.1852069497895,1.1045407866528891
488,composite_30_conservative_dmonth,early,0.07805330851817523,542.8314723346451,1.274675285787232
488,composite_30_conservative_dmonth,not_completed,0.07805330851817523,2299.9121857588502,1.0989301670257423
488,composite_90_conservative_dmonth,early,0.09023963003024138,400.4390171610308,1.3544050633477704
488,composite_90_conservative_dmonth,not_completed,0.09023963003024138,1759.1558928238837,1.124778486196667
489,composite_30,early,0.07091143515061625,570.3432570521041,1.2786955327468272
489,composite_30,not_completed,0.07091143515061625,2608.980196111403,1.0858981961169267
489,readmit_30,early,0.07097273972705825,570.6214695304791,1.2733737087230361
489,readmit_30,not_completed,0.07097273972705825,2609.035635983646,1.0860283045576398
489,death_30,early,0.07054227716357768,571.3257980057168,1.2892594181323558
489,death_30,not_completed,0.07054227716357768,2620.9755880444504,1.0851029734700706
489,composite_90,early,0.07448506027398173,476.82068386531756,1.3319109129227462
489,composite_90,not_completed,0.07448506027398173,2108.9820421240543,1.094628715163186
489,composite_30_conservative_dmonth,early,0.07953132017031615,534.2982146795852,1.308970481410598
489,composite_30_conservative_dmonth,not_completed,0.07953132017031615,2358.7630737428094,1.0935606040367694
489,composite_90_conservative_dmonth,early,0.08278418715662494,400.11685959496174,1.3379009091454657
489,composite_90_conservative_dmonth,not_completed,0.08278418715662494,1809.0101547492516,1.1073246887381183
490,composite_30,early,0.06630310482524002,566.9758804436055,1.2965183196607795
490,composite_30,not_completed,0.06630310482524002,2376.274864367934,1.0829829981086685
490,readmit_30,early,0.06630715961248138,566.884784814362,1.2748521700060542
490,readmit_30,not_completed,0.06630715961248138,2376.223318568748,1.0842529509085954
490,death_30,early,0.06629500647878227,567.9043942770317,1.289733630509685
490,death_30,not_completed,0.06629500647878227,2387.257227190402,1.0821801055722853
490,composite_90,early,0.08230550626031063,472.9429464435661,1.279614741399049
490,composite_90,not_completed,0.08230550626031063,1930.071273145665,1.0859046055420498
490,composite_30_conservative_dmonth,early,0.07479205793178209,523.7297721902653,1.2965992322591997
490,composite_30_conservative_dmonth,not_completed,0.07479205793178209,2126.155406343887,1.0906600151636636
490,composite_90_conservative_dmonth,early,0.08402762408686248,400.3449925426669,1.302792833087814
490,composite_90_conservative_dmonth,not_completed,0.08402762408686248,1670.035972747256,1.0944583576175095
491,composite_30,early,0.08017015831561194,574.0900691069605,1.3347125684129313
491,composite_30,not_completed,0.08017015831561194,2622.048893840875,1.0785414659725092
491,readmit_30,early,0.08017417835984586,574.0967653910247,1.3219850460386622
491,readmit_30,not_completed,0.08017417835984586,2622.002767023603,1.0810855539533843
491,death_30,early,0.0793118223445785,575.165469856508,1.33437914376343
491,death_30,not_completed,0.0793118223445785,2634.0689566280707,1.0768820715117056
491,composite_90,early,0.09124115960400797,480.21380915238166,1.3973174536338024
491,composite_90,not_completed,0.09124115960400797,2151.922121089132,1.086461488351742
491,composite_30_conservative_dmonth,early,0.09587204095766098,537.5471685421392,1.3627066865468471
491,composite_30_conservative_dmonth,not_completed,0.09587204095766098,2381.961247920785,1.0812208955309708
491,composite_90_conservative_dmonth,early,0.0977877492698017,408.36961233645656,1.451175357295209
491,composite_90_conservative_dmonth,not_completed,0.0977877492698017,1836.6432982757794,1.1072417201108409
492,composite_30,early,0.07749242484169248,563.3715364261055,1.3544054263914653
492,composite_30,not_completed,0.07749242484169248,2617.6055506934376,1.0939625553304533
492,readmit_30,early,0.07756107322592633,563.6421081480813,1.348832743746452
492,readmit_30,not_completed,0.07756107322592633,2617.619137066225,1.0942065686625686
492,death_30,early,0.07748868572368665,565.4720405106397,1.3497561826694238
492,death_30,not_completed,0.07748868572368665,2627.6481190274635,1.09157856978466
492,composite_90,early,0.0860388742612992,463.53208753419466,1.319717497528277
492,composite_90,not_completed,0.0860388742612992,2127.8563019471026,1.0983610823508256
492,composite_30_conservative_dmonth,early,0.07499123274592497,522.5724628390541,1.3342231838931808
492,composite_30_conservative_dmonth,not_completed,0.07499123274592497,2363.7974654549453,1.0943803619417063
492,composite_90_conservative_dmonth,early,0.1012050522161491,388.298018432438,1.3978921691409198
492,composite_90_conservative_dmonth,not_completed,0.1012050522161491,1822.6923991158194,1.1054952245983078
493,composite_30,early,0.08081484484140754,555.9147022950965,1.3180304782699723
493,composite_30,not_completed,0.08081484484140754,2446.9592517486403,1.083481101614757
493,readmit_30,early,0.08078910762952056,555.9991107342537,1.3248624782371896
493,readmit_30,not_completed,0.08078910762952056,2447.0296261485014,1.0808301208141338
493,death_30,early,0.07908497176613283,558.3281812752397,1.292765360394434
493,death_30,not_completed,0.07908497176613283,2463.0351920667554,1.0770212802553434
493,composite_90,early,0.07300049658445365,468.1193019106517,1.3403552985994651
493,composite_90,not_completed,0.07300049658445365,1981.0168603774557,1.0898310913853664
493,composite_30_conservative_dmonth,early,0.07080654935743853,528.1878466600085,1.3717515564576792
493,composite_30_conservative_dmonth,not_completed,0.07080654935743853,2219.6559002484532,1.0951352890916903
493,composite_90_conservative_dmonth,early,0.07456021418583018,397.62437228197626,1.3690384999318579
493,composite_90_conservative_dmonth,not_completed,0.07456021418583018,1692.0840705582923,1.0915812653136623
494,composite_30,early,0.08496392529134665,584.5030978226531,1.3307560671489076
494,composite_30,not_completed,0.08496392529134665,2572.7206559013675,1.0934754334779495
494,readmit_30,early,0.08497850919853223,584.5261482061724,1.3370743631550321
494,readmit_30,not_completed,0.08497850919853223,2572.6454239332684,1.0985376189846878
494,death_30,early,0.08517798911104695,586.4568348046192,1.3258564370581158
494,death_30,not_completed,0.08517798911104695,2588.7581058380524,1.0919868941487152
494,composite_90,early,0.08345354523955315,477.02525845148165,1.4237346411403875
494,composite_90,not_completed,0.08345354523955315,2073.7330570562767,1.1000487691792744
494,composite_30_conservative_dmonth,early,0.08697729883465367,548.8901753879068,1.3579108488687008
494,composite_30_conservative_dmonth,not_completed,0.08697729883465367,2341.710230885997,1.091940066383267
494,composite_90_conservative_dmonth,early,0.0739911669105974,408.5460220669396,1.5185687532839665
494,composite_90_conservative_dmonth,not_completed,0.0739911669105974,1814.449557234544,1.1243026865855241
495,composite_30,early,0.0697004845752836,556.8931516274329,1.3764046303231343
495,composite_30,not_completed,0.0697004845752836,2557.308342251625,1.105876957839347
495,readmit_30,early,0.06983155408888825,557.2322854385098,1.3653440845496179
495,readmit_30,not_completed,0.06983155408888825,2557.4654939078705,1.1027988413076175
495,death_30,early,0.07202380623725751,557.9997049361267,1.3627612197954444
495,death_30,not_completed,0.07202380623725751,2570.3675072139167,1.1022135408686822
495,composite_90,early,0.07695212141401536,474.55544998602164,1.3904444236462687
495,composite_90,not_completed,0.07695212141401536,2062.293192547092,1.1095780145727943
495,composite_30_conservative_dmonth,early,0.07731366697293736,522.5385650924176,1.3913351908035332
495,composite_30_conservative_dmonth,not_completed,0.07731366697293736,2303.4488116305647,1.1031847766206033
495,composite_90_conservative_dmonth,early,0.08320817074822044,405.4805058574737,1.445572271197591
495,composite_90_conservative_dmonth,not_completed,0.08320817074822044,1784.943441777452,1.1327667368255772
496,composite_30,early,0.10549822312503868,583.0673907977564,1.3934191780987448
496,composite_30,not_completed,0.10549822312503868,2392.1763401107964,1.1051312944778584
496,readmit_30,early,0.10537592446632521,583.3684629904599,1.3851964167872794
496,readmit_30,not_completed,0.10537592446632521,2392.280785890938,1.104517767029086
496,death_30,early,0.1043341969819779,583.1476145898192,1.3906781981793137
496,death_30,not_completed,0.1043341969819779,2405.198911192642,1.1049804389598896
496,composite_90,early,0.10766561868069113,484.8678249417221,1.391839400705451
496,composite_90,not_completed,0.10766561868069113,1961.8798797785498,1.0945327742384057
496,composite_30_conservative_dmonth,early,0.10592696008412582,546.0798770670273,1.3685646707759742
496,composite_30_conservative_dmonth,not_completed,0.10592696008412582,2171.503776025911,1.1009842085568506
496,composite_90_conservative_dmonth,early,0.10599026503992005,413.0402682786187,1.3937047980784039
496,composite_90_conservative_dmonth,not_completed,0.10599026503992005,1698.7166752079024,1.1071242336513176
497,composite_30,early,0.06003141677080809,564.8031013820499,1.1968046205642908
497,composite_30,not_completed,0.06003141677080809,2649.7748632892467,1.0552954080808628
497,readmit_30,early,0.06002522418603405,565.0944367058287,1.2026004845007825
497,readmit_30,not_completed,0.06002522418603405,2649.824403634212,1.0545883764439388
497,death_30,early,0.06026235209279772,566.8820286512896,1.1956721803736565
497,death_30,not_completed,0.06026235209279772,2658.7909782993315,1.0551517960076195
497,composite_90,early,0.06598986789974366,470.0335484877141,1.269678187409528
497,composite_90,not_completed,0.06598986789974366,2181.701479209743,1.0670446698575782
497,composite_30_conservative_dmonth,early,0.05635723149822236,525.7163837628175,1.2053987127611583
497,composite_30_conservative_dmonth,not_completed,0.05635723149822236,2431.921702472664,1.0570470529144116
497,composite_90_conservative_dmonth,early,0.06364694104219745,410.11742993851055,1.2982372084621407
497,composite_90_conservative_dmonth,not_completed,0.06364694104219745,1928.5985685956534,1.0799527763587649
498,composite_30,early,0.06911599974320577,566.1314810979532,1.2569655571047984
498,composite_30,not_completed,0.06911599974320577,2518.4023711736645,1.0660717796224157
498,readmit_30,early,0.06909530482415419,566.3317787915171,1.2606117168985476
498,readmit_30,not_completed,0.06909530482415419,2518.40196338755,1.0686886032897371
498,death_30,early,0.06747649110028815,567.051000838698,1.2801404102784955
498,death_30,not_completed,0.06747649110028815,2529.332833708803,1.0703579722623122
498,composite_90,early,0.08319710694563398,461.68201466455764,1.2960485468610956
498,composite_90,not_completed,0.08319710694563398,2043.1940216281528,1.086024890712305
498,composite_30_conservative_dmonth,early,0.08170946408753162,524.4555602736563,1.2726626603655669
498,composite_30_conservative_dmonth,not_completed,0.08170946408753162,2291.325130390803,1.078037597749118
498,composite_90_conservative_dmonth,early,0.08604415654797927,399.6993770947185,1.3398220747215883
498,composite_90_conservative_dmonth,not_completed,0.08604415654797927,1792.2241718171204,1.08964706359737
499,composite_30,early,0.06257144714373018,527.7655410635023,1.378381893798297
499,composite_30,not_completed,0.06257144714373018,2539.7998286961056,1.1002403061857378
499,readmit_30,early,0.06263872008614456,527.2314832758336,1.3885124397945223
499,readmit_30,not_completed,0.06263872008614456,2539.5845648843,1.105810531677807
499,death_30,early,0.06109584061526072,529.8182320093251,1.3684014517571914
499,death_30,not_completed,0.06109584061526072,2550.7563902878387,1.0957848582100373
499,composite_90,early,0.06862986892670686,440.05996075583636,1.427496500899706
499,composite_90,not_completed,0.06862986892670686,2100.6627370085052,1.111457212476709
499,composite_30_conservative_dmonth,early,0.0627560649683138,490.3276704483702,1.3868927972424223
499,composite_30_conservative_dmonth,not_completed,0.0627560649683138,2332.7317030108966,1.0984479045705053
499,composite_90_conservative_dmonth,early,0.07300767010055569,371.9757884927847,1.439358260365005
499,composite_90_conservative_dmonth,not_completed,0.07300767010055569,1841.8931078671405,1.1090700762147343
500,composite_30,early,0.0651256229828673,585.7925053594644,1.3127964045712515
500,composite_30,not_completed,0.0651256229828673,2548.892143719545,1.0872569622440784
500,readmit_30,early,0.06509751180916107,585.4229912269495,1.322560073977169
500,readmit_30,not_completed,0.06509751180916107,2548.8363383216847,1.0851912098329133
500,death_30,early,0.06415232230637102,587.7251271095142,1.306435379744294
500,death_30,not_completed,0.06415232230637102,2561.924961759267,1.0845486956493064
500,composite_90,early,0.07826021811370168,490.60032271361007,1.357281077265742
500,composite_90,not_completed,0.07826021811370168,2065.803572463482,1.088489330258021
500,composite_30_conservative_dmonth,early,0.06996937913288909,543.6782751223978,1.3033857308085102
500,composite_30_conservative_dmonth,not_completed,0.06996937913288909,2322.8026219120816,1.0866711785966343
500,composite_90_conservative_dmonth,early,0.10313226087346995,418.31401486928297,1.4167692432593135
500,composite_90_conservative_dmonth,not_completed,0.10313226087346995,1826.9120916474174,1.0919835067539367
