year,system,code,normalized_code,official_description,concept,decision,reason
2018,ICD-10-CM,K80.00,K8000,Calculus of gallbladder with acute cholecystitis without obstruction,gallstone_evidence_broad,include_broad_component,Any billable cholelithiasis code; only combined with K83.09 in broad phenotype
2018,ICD-10-CM,K80.01,K8001,Calculus of gallbladder with acute cholecystitis with obstruction,gallstone_evidence_broad,include_broad_component,Any billable cholelithiasis code; only combined with K83.09 in broad phenotype
2018,ICD-10-CM,K80.10,K8010,Calculus of gallbladder with chronic cholecystitis without obstruction,gallstone_evidence_broad,include_broad_component,Any billable cholelithiasis code; only combined with K83.09 in broad phenotype
2018,ICD-10-CM,K80.11,K8011,Calculus of gallbladder with chronic cholecystitis with obstruction,gallstone_evidence_broad,include_broad_component,Any billable cholelithiasis code; only combined with K83.09 in broad phenotype
2018,ICD-10-CM,K80.12,K8012,Calculus of gallbladder with acute and chronic cholecystitis without obstruction,gallstone_evidence_broad,include_broad_component,Any billable cholelithiasis code; only combined with K83.09 in broad phenotype
2018,ICD-10-CM,K80.13,K8013,Calculus of gallbladder with acute and chronic cholecystitis with obstruction,gallstone_evidence_broad,include_broad_component,Any billable cholelithiasis code; only combined with K83.09 in broad phenotype
2018,ICD-10-CM,K80.18,K8018,Calculus of gallbladder with other cholecystitis without obstruction,gallstone_evidence_broad,include_broad_component,Any billable cholelithiasis code; only combined with K83.09 in broad phenotype
2018,ICD-10-CM,K80.19,K8019,Calculus of gallbladder with other cholecystitis with obstruction,gallstone_evidence_broad,include_broad_component,Any billable cholelithiasis code; only combined with K83.09 in broad phenotype
2018,ICD-10-CM,K80.20,K8020,Calculus of gallbladder without cholecystitis without obstruction,gallstone_evidence_broad,include_broad_component,Any billable cholelithiasis code; only combined with K83.09 in broad phenotype
2018,ICD-10-CM,K80.21,K8021,Calculus of gallbladder without cholecystitis with obstruction,gallstone_evidence_broad,include_broad_component,Any billable cholelithiasis code; only combined with K83.09 in broad phenotype
2018,ICD-10-CM,K80.30,K8030,"Calculus of bile duct with cholangitis, unspecified, without obstruction",cholangitis_unspecified_with_duct_stone,include_sensitivity,Bile-duct calculus with cholangitis of unspecified acuity
2018,ICD-10-CM,K80.30,K8030,"Calculus of bile duct with cholangitis, unspecified, without obstruction",gallstone_evidence_broad,include_broad_component,Any billable cholelithiasis code; only combined with K83.09 in broad phenotype
2018,ICD-10-CM,K80.31,K8031,"Calculus of bile duct with cholangitis, unspecified, with obstruction",cholangitis_unspecified_with_duct_stone,include_sensitivity,Bile-duct calculus with cholangitis of unspecified acuity
2018,ICD-10-CM,K80.31,K8031,"Calculus of bile duct with cholangitis, unspecified, with obstruction",gallstone_evidence_broad,include_broad_component,Any billable cholelithiasis code; only combined with K83.09 in broad phenotype
2018,ICD-10-CM,K80.32,K8032,Calculus of bile duct with acute cholangitis without obstruction,acute_cholangitis_strict,include_primary,Explicit bile-duct calculus with acute cholangitis
2018,ICD-10-CM,K80.32,K8032,Calculus of bile duct with acute cholangitis without obstruction,gallstone_evidence_broad,include_broad_component,Any billable cholelithiasis code; only combined with K83.09 in broad phenotype
2018,ICD-10-CM,K80.33,K8033,Calculus of bile duct with acute cholangitis with obstruction,acute_cholangitis_strict,include_primary,Explicit bile-duct calculus with acute cholangitis
2018,ICD-10-CM,K80.33,K8033,Calculus of bile duct with acute cholangitis with obstruction,gallstone_evidence_broad,include_broad_component,Any billable cholelithiasis code; only combined with K83.09 in broad phenotype
2018,ICD-10-CM,K80.34,K8034,Calculus of bile duct with chronic cholangitis without obstruction,gallstone_evidence_broad,include_broad_component,Any billable cholelithiasis code; only combined with K83.09 in broad phenotype
2018,ICD-10-CM,K80.35,K8035,Calculus of bile duct with chronic cholangitis with obstruction,gallstone_evidence_broad,include_broad_component,Any billable cholelithiasis code; only combined with K83.09 in broad phenotype
2018,ICD-10-CM,K80.36,K8036,Calculus of bile duct with acute and chronic cholangitis without obstruction,acute_cholangitis_strict,include_primary,Explicit bile-duct calculus with acute cholangitis
2018,ICD-10-CM,K80.36,K8036,Calculus of bile duct with acute and chronic cholangitis without obstruction,gallstone_evidence_broad,include_broad_component,Any billable cholelithiasis code; only combined with K83.09 in broad phenotype
2018,ICD-10-CM,K80.37,K8037,Calculus of bile duct with acute and chronic cholangitis with obstruction,acute_cholangitis_strict,include_primary,Explicit bile-duct calculus with acute cholangitis
2018,ICD-10-CM,K80.37,K8037,Calculus of bile duct with acute and chronic cholangitis with obstruction,gallstone_evidence_broad,include_broad_component,Any billable cholelithiasis code; only combined with K83.09 in broad phenotype
2018,ICD-10-CM,K80.40,K8040,"Calculus of bile duct with cholecystitis, unspecified, without obstruction",gallstone_evidence_broad,include_broad_component,Any billable cholelithiasis code; only combined with K83.09 in broad phenotype
2018,ICD-10-CM,K80.41,K8041,"Calculus of bile duct with cholecystitis, unspecified, with obstruction",gallstone_evidence_broad,include_broad_component,Any billable cholelithiasis code; only combined with K83.09 in broad phenotype
2018,ICD-10-CM,K80.42,K8042,Calculus of bile duct with acute cholecystitis without obstruction,gallstone_evidence_broad,include_broad_component,Any billable cholelithiasis code; only combined with K83.09 in broad phenotype
2018,ICD-10-CM,K80.43,K8043,Calculus of bile duct with acute cholecystitis with obstruction,gallstone_evidence_broad,include_broad_component,Any billable cholelithiasis code; only combined with K83.09 in broad phenotype
2018,ICD-10-CM,K80.44,K8044,Calculus of bile duct with chronic cholecystitis without obstruction,gallstone_evidence_broad,include_broad_component,Any billable cholelithiasis code; only combined with K83.09 in broad phenotype
2018,ICD-10-CM,K80.45,K8045,Calculus of bile duct with chronic cholecystitis with obstruction,gallstone_evidence_broad,include_broad_component,Any billable cholelithiasis code; only combined with K83.09 in broad phenotype
2018,ICD-10-CM,K80.46,K8046,Calculus of bile duct with acute and chronic cholecystitis without obstruction,gallstone_evidence_broad,include_broad_component,Any billable cholelithiasis code; only combined with K83.09 in broad phenotype
2018,ICD-10-CM,K80.47,K8047,Calculus of bile duct with acute and chronic cholecystitis with obstruction,gallstone_evidence_broad,include_broad_component,Any billable cholelithiasis code; only combined with K83.09 in broad phenotype
2018,ICD-10-CM,K80.50,K8050,Calculus of bile duct without cholangitis or cholecystitis without obstruction,gallstone_evidence_broad,include_broad_component,Any billable cholelithiasis code; only combined with K83.09 in broad phenotype
2018,ICD-10-CM,K80.51,K8051,Calculus of bile duct without cholangitis or cholecystitis with obstruction,gallstone_evidence_broad,include_broad_component,Any billable cholelithiasis code; only combined with K83.09 in broad phenotype
2018,ICD-10-CM,K80.60,K8060,"Calculus of gallbladder and bile duct with cholecystitis, unspecified, without obstruction",gallstone_evidence_broad,include_broad_component,Any billable cholelithiasis code; only combined with K83.09 in broad phenotype
2018,ICD-10-CM,K80.61,K8061,"Calculus of gallbladder and bile duct with cholecystitis, unspecified, with obstruction",gallstone_evidence_broad,include_broad_component,Any billable cholelithiasis code; only combined with K83.09 in broad phenotype
2018,ICD-10-CM,K80.62,K8062,Calculus of gallbladder and bile duct with acute cholecystitis without obstruction,gallstone_evidence_broad,include_broad_component,Any billable cholelithiasis code; only combined with K83.09 in broad phenotype
2018,ICD-10-CM,K80.63,K8063,Calculus of gallbladder and bile duct with acute cholecystitis with obstruction,gallstone_evidence_broad,include_broad_component,Any billable cholelithiasis code; only combined with K83.09 in broad phenotype
2018,ICD-10-CM,K80.64,K8064,Calculus of gallbladder and bile duct with chronic cholecystitis without obstruction,gallstone_evidence_broad,include_broad_component,Any billable cholelithiasis code; only combined with K83.09 in broad phenotype
2018,ICD-10-CM,K80.65,K8065,Calculus of gallbladder and bile duct with chronic cholecystitis with obstruction,gallstone_evidence_broad,include_broad_component,Any billable cholelithiasis code; only combined with K83.09 in broad phenotype
2018,ICD-10-CM,K80.66,K8066,Calculus of gallbladder and bile duct with acute and chronic cholecystitis without obstruction,gallstone_evidence_broad,include_broad_component,Any billable cholelithiasis code; only combined with K83.09 in broad phenotype
2018,ICD-10-CM,K80.67,K8067,Calculus of gallbladder and bile duct with acute and chronic cholecystitis with obstruction,gallstone_evidence_broad,include_broad_component,Any billable cholelithiasis code; only combined with K83.09 in broad phenotype
2018,ICD-10-CM,K80.70,K8070,Calculus of gallbladder and bile duct without cholecystitis without obstruction,gallstone_evidence_broad,include_broad_component,Any billable cholelithiasis code; only combined with K83.09 in broad phenotype
2018,ICD-10-CM,K80.71,K8071,Calculus of gallbladder and bile duct without cholecystitis with obstruction,gallstone_evidence_broad,include_broad_component,Any billable cholelithiasis code; only combined with K83.09 in broad phenotype
2018,ICD-10-CM,K83.0,K830,Cholangitis,other_cholangitis,include_broad_component,Other cholangitis; requires a separate gallstone code for broad phenotype
2018,ICD-10-PCS,0F558ZZ,0F558ZZ,"Destruction of Right Hepatic Duct, Via Natural or Artificial Opening Endoscopic",therapeutic_biliary_ercp_extended,include_sensitivity,"Core ERCP plus uncommon fragmentation, destruction, release, or generic intraluminal-device insertion"
2018,ICD-10-PCS,0F568ZZ,0F568ZZ,"Destruction of Left Hepatic Duct, Via Natural or Artificial Opening Endoscopic",therapeutic_biliary_ercp_extended,include_sensitivity,"Core ERCP plus uncommon fragmentation, destruction, release, or generic intraluminal-device insertion"
2018,ICD-10-PCS,0F578ZZ,0F578ZZ,"Destruction of Common Hepatic Duct, Via Natural or Artificial Opening Endoscopic",therapeutic_biliary_ercp_extended,include_sensitivity,"Core ERCP plus uncommon fragmentation, destruction, release, or generic intraluminal-device insertion"
2018,ICD-10-PCS,0F588ZZ,0F588ZZ,"Destruction of Cystic Duct, Via Natural or Artificial Opening Endoscopic",therapeutic_biliary_ercp_extended,include_sensitivity,"Core ERCP plus uncommon fragmentation, destruction, release, or generic intraluminal-device insertion"
2018,ICD-10-PCS,0F598ZZ,0F598ZZ,"Destruction of Common Bile Duct, Via Natural or Artificial Opening Endoscopic",therapeutic_biliary_ercp_extended,include_sensitivity,"Core ERCP plus uncommon fragmentation, destruction, release, or generic intraluminal-device insertion"
2018,ICD-10-PCS,0F5C8ZZ,0F5C8ZZ,"Destruction of Ampulla of Vater, Via Natural or Artificial Opening Endoscopic",therapeutic_biliary_ercp_extended,include_sensitivity,"Core ERCP plus uncommon fragmentation, destruction, release, or generic intraluminal-device insertion"
2018,ICD-10-PCS,0F5D8ZZ,0F5D8ZZ,"Destruction of Pancreatic Duct, Via Natural or Artificial Opening Endoscopic",pancreatic_endoscopic_intervention,exclude,Pancreatic-duct intervention is not biliary decompression
2018,ICD-10-PCS,0F5F8ZZ,0F5F8ZZ,"Destruction of Accessory Pancreatic Duct, Via Natural or Artificial Opening Endoscopic",pancreatic_endoscopic_intervention,exclude,Pancreatic-duct intervention is not biliary decompression
2018,ICD-10-PCS,0F758DZ,0F758DZ,"Dilation of Right Hepatic Duct with Intraluminal Device, Via Natural or Artificial Opening Endoscopic",therapeutic_biliary_ercp_core,include_primary,Endoscopic therapeutic intervention on ampulla or biliary duct; pancreatic targets excluded
2018,ICD-10-PCS,0F758DZ,0F758DZ,"Dilation of Right Hepatic Duct with Intraluminal Device, Via Natural or Artificial Opening Endoscopic",therapeutic_biliary_ercp_extended,include_sensitivity,"Core ERCP plus uncommon fragmentation, destruction, release, or generic intraluminal-device insertion"
2018,ICD-10-PCS,0F758ZZ,0F758ZZ,"Dilation of Right Hepatic Duct, Via Natural or Artificial Opening Endoscopic",therapeutic_biliary_ercp_core,include_primary,Endoscopic therapeutic intervention on ampulla or biliary duct; pancreatic targets excluded
2018,ICD-10-PCS,0F758ZZ,0F758ZZ,"Dilation of Right Hepatic Duct, Via Natural or Artificial Opening Endoscopic",therapeutic_biliary_ercp_extended,include_sensitivity,"Core ERCP plus uncommon fragmentation, destruction, release, or generic intraluminal-device insertion"
2018,ICD-10-PCS,0F768DZ,0F768DZ,"Dilation of Left Hepatic Duct with Intraluminal Device, Via Natural or Artificial Opening Endoscopic",therapeutic_biliary_ercp_core,include_primary,Endoscopic therapeutic intervention on ampulla or biliary duct; pancreatic targets excluded
2018,ICD-10-PCS,0F768DZ,0F768DZ,"Dilation of Left Hepatic Duct with Intraluminal Device, Via Natural or Artificial Opening Endoscopic",therapeutic_biliary_ercp_extended,include_sensitivity,"Core ERCP plus uncommon fragmentation, destruction, release, or generic intraluminal-device insertion"
2018,ICD-10-PCS,0F768ZZ,0F768ZZ,"Dilation of Left Hepatic Duct, Via Natural or Artificial Opening Endoscopic",therapeutic_biliary_ercp_core,include_primary,Endoscopic therapeutic intervention on ampulla or biliary duct; pancreatic targets excluded
2018,ICD-10-PCS,0F768ZZ,0F768ZZ,"Dilation of Left Hepatic Duct, Via Natural or Artificial Opening Endoscopic",therapeutic_biliary_ercp_extended,include_sensitivity,"Core ERCP plus uncommon fragmentation, destruction, release, or generic intraluminal-device insertion"
2018,ICD-10-PCS,0F778DZ,0F778DZ,"Dilation of Common Hepatic Duct with Intraluminal Device, Via Natural or Artificial Opening Endoscopic",therapeutic_biliary_ercp_core,include_primary,Endoscopic therapeutic intervention on ampulla or biliary duct; pancreatic targets excluded
2018,ICD-10-PCS,0F778DZ,0F778DZ,"Dilation of Common Hepatic Duct with Intraluminal Device, Via Natural or Artificial Opening Endoscopic",therapeutic_biliary_ercp_extended,include_sensitivity,"Core ERCP plus uncommon fragmentation, destruction, release, or generic intraluminal-device insertion"
2018,ICD-10-PCS,0F778ZZ,0F778ZZ,"Dilation of Common Hepatic Duct, Via Natural or Artificial Opening Endoscopic",therapeutic_biliary_ercp_core,include_primary,Endoscopic therapeutic intervention on ampulla or biliary duct; pancreatic targets excluded
2018,ICD-10-PCS,0F778ZZ,0F778ZZ,"Dilation of Common Hepatic Duct, Via Natural or Artificial Opening Endoscopic",therapeutic_biliary_ercp_extended,include_sensitivity,"Core ERCP plus uncommon fragmentation, destruction, release, or generic intraluminal-device insertion"
2018,ICD-10-PCS,0F788DZ,0F788DZ,"Dilation of Cystic Duct with Intraluminal Device, Via Natural or Artificial Opening Endoscopic",therapeutic_biliary_ercp_core,include_primary,Endoscopic therapeutic intervention on ampulla or biliary duct; pancreatic targets excluded
2018,ICD-10-PCS,0F788DZ,0F788DZ,"Dilation of Cystic Duct with Intraluminal Device, Via Natural or Artificial Opening Endoscopic",therapeutic_biliary_ercp_extended,include_sensitivity,"Core ERCP plus uncommon fragmentation, destruction, release, or generic intraluminal-device insertion"
2018,ICD-10-PCS,0F788ZZ,0F788ZZ,"Dilation of Cystic Duct, Via Natural or Artificial Opening Endoscopic",therapeutic_biliary_ercp_core,include_primary,Endoscopic therapeutic intervention on ampulla or biliary duct; pancreatic targets excluded
2018,ICD-10-PCS,0F788ZZ,0F788ZZ,"Dilation of Cystic Duct, Via Natural or Artificial Opening Endoscopic",therapeutic_biliary_ercp_extended,include_sensitivity,"Core ERCP plus uncommon fragmentation, destruction, release, or generic intraluminal-device insertion"
2018,ICD-10-PCS,0F798DZ,0F798DZ,"Dilation of Common Bile Duct with Intraluminal Device, Via Natural or Artificial Opening Endoscopic",therapeutic_biliary_ercp_core,include_primary,Endoscopic therapeutic intervention on ampulla or biliary duct; pancreatic targets excluded
2018,ICD-10-PCS,0F798DZ,0F798DZ,"Dilation of Common Bile Duct with Intraluminal Device, Via Natural or Artificial Opening Endoscopic",therapeutic_biliary_ercp_extended,include_sensitivity,"Core ERCP plus uncommon fragmentation, destruction, release, or generic intraluminal-device insertion"
2018,ICD-10-PCS,0F798ZZ,0F798ZZ,"Dilation of Common Bile Duct, Via Natural or Artificial Opening Endoscopic",therapeutic_biliary_ercp_core,include_primary,Endoscopic therapeutic intervention on ampulla or biliary duct; pancreatic targets excluded
2018,ICD-10-PCS,0F798ZZ,0F798ZZ,"Dilation of Common Bile Duct, Via Natural or Artificial Opening Endoscopic",therapeutic_biliary_ercp_extended,include_sensitivity,"Core ERCP plus uncommon fragmentation, destruction, release, or generic intraluminal-device insertion"
2018,ICD-10-PCS,0F7C8DZ,0F7C8DZ,"Dilation of Ampulla of Vater with Intraluminal Device, Via Natural or Artificial Opening Endoscopic",therapeutic_biliary_ercp_core,include_primary,Endoscopic therapeutic intervention on ampulla or biliary duct; pancreatic targets excluded
2018,ICD-10-PCS,0F7C8DZ,0F7C8DZ,"Dilation of Ampulla of Vater with Intraluminal Device, Via Natural or Artificial Opening Endoscopic",therapeutic_biliary_ercp_extended,include_sensitivity,"Core ERCP plus uncommon fragmentation, destruction, release, or generic intraluminal-device insertion"
2018,ICD-10-PCS,0F7C8ZZ,0F7C8ZZ,"Dilation of Ampulla of Vater, Via Natural or Artificial Opening Endoscopic",therapeutic_biliary_ercp_core,include_primary,Endoscopic therapeutic intervention on ampulla or biliary duct; pancreatic targets excluded
2018,ICD-10-PCS,0F7C8ZZ,0F7C8ZZ,"Dilation of Ampulla of Vater, Via Natural or Artificial Opening Endoscopic",therapeutic_biliary_ercp_extended,include_sensitivity,"Core ERCP plus uncommon fragmentation, destruction, release, or generic intraluminal-device insertion"
2018,ICD-10-PCS,0F7D8DZ,0F7D8DZ,"Dilation of Pancreatic Duct with Intraluminal Device, Via Natural or Artificial Opening Endoscopic",pancreatic_endoscopic_intervention,exclude,Pancreatic-duct intervention is not biliary decompression
2018,ICD-10-PCS,0F7D8ZZ,0F7D8ZZ,"Dilation of Pancreatic Duct, Via Natural or Artificial Opening Endoscopic",pancreatic_endoscopic_intervention,exclude,Pancreatic-duct intervention is not biliary decompression
2018,ICD-10-PCS,0F7F8DZ,0F7F8DZ,"Dilation of Accessory Pancreatic Duct with Intraluminal Device, Via Natural or Artificial Opening Endoscopic",pancreatic_endoscopic_intervention,exclude,Pancreatic-duct intervention is not biliary decompression
2018,ICD-10-PCS,0F7F8ZZ,0F7F8ZZ,"Dilation of Accessory Pancreatic Duct, Via Natural or Artificial Opening Endoscopic",pancreatic_endoscopic_intervention,exclude,Pancreatic-duct intervention is not biliary decompression
2018,ICD-10-PCS,0F9580Z,0F9580Z,"Drainage of Right Hepatic Duct with Drainage Device, Via Natural or Artificial Opening Endoscopic",therapeutic_biliary_ercp_core,include_primary,Endoscopic therapeutic intervention on ampulla or biliary duct; pancreatic targets excluded
2018,ICD-10-PCS,0F9580Z,0F9580Z,"Drainage of Right Hepatic Duct with Drainage Device, Via Natural or Artificial Opening Endoscopic",therapeutic_biliary_ercp_extended,include_sensitivity,"Core ERCP plus uncommon fragmentation, destruction, release, or generic intraluminal-device insertion"
2018,ICD-10-PCS,0F958ZZ,0F958ZZ,"Drainage of Right Hepatic Duct, Via Natural or Artificial Opening Endoscopic",therapeutic_biliary_ercp_core,include_primary,Endoscopic therapeutic intervention on ampulla or biliary duct; pancreatic targets excluded
2018,ICD-10-PCS,0F958ZZ,0F958ZZ,"Drainage of Right Hepatic Duct, Via Natural or Artificial Opening Endoscopic",therapeutic_biliary_ercp_extended,include_sensitivity,"Core ERCP plus uncommon fragmentation, destruction, release, or generic intraluminal-device insertion"
2018,ICD-10-PCS,0F9680Z,0F9680Z,"Drainage of Left Hepatic Duct with Drainage Device, Via Natural or Artificial Opening Endoscopic",therapeutic_biliary_ercp_core,include_primary,Endoscopic therapeutic intervention on ampulla or biliary duct; pancreatic targets excluded
2018,ICD-10-PCS,0F9680Z,0F9680Z,"Drainage of Left Hepatic Duct with Drainage Device, Via Natural or Artificial Opening Endoscopic",therapeutic_biliary_ercp_extended,include_sensitivity,"Core ERCP plus uncommon fragmentation, destruction, release, or generic intraluminal-device insertion"
2018,ICD-10-PCS,0F968ZZ,0F968ZZ,"Drainage of Left Hepatic Duct, Via Natural or Artificial Opening Endoscopic",therapeutic_biliary_ercp_core,include_primary,Endoscopic therapeutic intervention on ampulla or biliary duct; pancreatic targets excluded
2018,ICD-10-PCS,0F968ZZ,0F968ZZ,"Drainage of Left Hepatic Duct, Via Natural or Artificial Opening Endoscopic",therapeutic_biliary_ercp_extended,include_sensitivity,"Core ERCP plus uncommon fragmentation, destruction, release, or generic intraluminal-device insertion"
2018,ICD-10-PCS,0F9780Z,0F9780Z,"Drainage of Common Hepatic Duct with Drainage Device, Via Natural or Artificial Opening Endoscopic",therapeutic_biliary_ercp_core,include_primary,Endoscopic therapeutic intervention on ampulla or biliary duct; pancreatic targets excluded
2018,ICD-10-PCS,0F9780Z,0F9780Z,"Drainage of Common Hepatic Duct with Drainage Device, Via Natural or Artificial Opening Endoscopic",therapeutic_biliary_ercp_extended,include_sensitivity,"Core ERCP plus uncommon fragmentation, destruction, release, or generic intraluminal-device insertion"
2018,ICD-10-PCS,0F978ZZ,0F978ZZ,"Drainage of Common Hepatic Duct, Via Natural or Artificial Opening Endoscopic",therapeutic_biliary_ercp_core,include_primary,Endoscopic therapeutic intervention on ampulla or biliary duct; pancreatic targets excluded
2018,ICD-10-PCS,0F978ZZ,0F978ZZ,"Drainage of Common Hepatic Duct, Via Natural or Artificial Opening Endoscopic",therapeutic_biliary_ercp_extended,include_sensitivity,"Core ERCP plus uncommon fragmentation, destruction, release, or generic intraluminal-device insertion"
2018,ICD-10-PCS,0F9880Z,0F9880Z,"Drainage of Cystic Duct with Drainage Device, Via Natural or Artificial Opening Endoscopic",therapeutic_biliary_ercp_core,include_primary,Endoscopic therapeutic intervention on ampulla or biliary duct; pancreatic targets excluded
2018,ICD-10-PCS,0F9880Z,0F9880Z,"Drainage of Cystic Duct with Drainage Device, Via Natural or Artificial Opening Endoscopic",therapeutic_biliary_ercp_extended,include_sensitivity,"Core ERCP plus uncommon fragmentation, destruction, release, or generic intraluminal-device insertion"
2018,ICD-10-PCS,0F988ZZ,0F988ZZ,"Drainage of Cystic Duct, Via Natural or Artificial Opening Endoscopic",therapeutic_biliary_ercp_core,include_primary,Endoscopic therapeutic intervention on ampulla or biliary duct; pancreatic targets excluded
2018,ICD-10-PCS,0F988ZZ,0F988ZZ,"Drainage of Cystic Duct, Via Natural or Artificial Opening Endoscopic",therapeutic_biliary_ercp_extended,include_sensitivity,"Core ERCP plus uncommon fragmentation, destruction, release, or generic intraluminal-device insertion"
2018,ICD-10-PCS,0F9980Z,0F9980Z,"Drainage of Common Bile Duct with Drainage Device, Via Natural or Artificial Opening Endoscopic",therapeutic_biliary_ercp_core,include_primary,Endoscopic therapeutic intervention on ampulla or biliary duct; pancreatic targets excluded
2018,ICD-10-PCS,0F9980Z,0F9980Z,"Drainage of Common Bile Duct with Drainage Device, Via Natural or Artificial Opening Endoscopic",therapeutic_biliary_ercp_extended,include_sensitivity,"Core ERCP plus uncommon fragmentation, destruction, release, or generic intraluminal-device insertion"
2018,ICD-10-PCS,0F998ZZ,0F998ZZ,"Drainage of Common Bile Duct, Via Natural or Artificial Opening Endoscopic",therapeutic_biliary_ercp_core,include_primary,Endoscopic therapeutic intervention on ampulla or biliary duct; pancreatic targets excluded
2018,ICD-10-PCS,0F998ZZ,0F998ZZ,"Drainage of Common Bile Duct, Via Natural or Artificial Opening Endoscopic",therapeutic_biliary_ercp_extended,include_sensitivity,"Core ERCP plus uncommon fragmentation, destruction, release, or generic intraluminal-device insertion"
2018,ICD-10-PCS,0F9C80Z,0F9C80Z,"Drainage of Ampulla of Vater with Drainage Device, Via Natural or Artificial Opening Endoscopic",therapeutic_biliary_ercp_core,include_primary,Endoscopic therapeutic intervention on ampulla or biliary duct; pancreatic targets excluded
2018,ICD-10-PCS,0F9C80Z,0F9C80Z,"Drainage of Ampulla of Vater with Drainage Device, Via Natural or Artificial Opening Endoscopic",therapeutic_biliary_ercp_extended,include_sensitivity,"Core ERCP plus uncommon fragmentation, destruction, release, or generic intraluminal-device insertion"
2018,ICD-10-PCS,0F9C8ZZ,0F9C8ZZ,"Drainage of Ampulla of Vater, Via Natural or Artificial Opening Endoscopic",therapeutic_biliary_ercp_core,include_primary,Endoscopic therapeutic intervention on ampulla or biliary duct; pancreatic targets excluded
2018,ICD-10-PCS,0F9C8ZZ,0F9C8ZZ,"Drainage of Ampulla of Vater, Via Natural or Artificial Opening Endoscopic",therapeutic_biliary_ercp_extended,include_sensitivity,"Core ERCP plus uncommon fragmentation, destruction, release, or generic intraluminal-device insertion"
2018,ICD-10-PCS,0F9D80Z,0F9D80Z,"Drainage of Pancreatic Duct with Drainage Device, Via Natural or Artificial Opening Endoscopic",pancreatic_endoscopic_intervention,exclude,Pancreatic-duct intervention is not biliary decompression
2018,ICD-10-PCS,0F9D8ZX,0F9D8ZX,"Drainage of Pancreatic Duct, Via Natural or Artificial Opening Endoscopic, Diagnostic",pancreatic_endoscopic_intervention,exclude,Pancreatic-duct intervention is not biliary decompression
2018,ICD-10-PCS,0F9D8ZZ,0F9D8ZZ,"Drainage of Pancreatic Duct, Via Natural or Artificial Opening Endoscopic",pancreatic_endoscopic_intervention,exclude,Pancreatic-duct intervention is not biliary decompression
2018,ICD-10-PCS,0F9F80Z,0F9F80Z,"Drainage of Accessory Pancreatic Duct with Drainage Device, Via Natural or Artificial Opening Endoscopic",pancreatic_endoscopic_intervention,exclude,Pancreatic-duct intervention is not biliary decompression
2018,ICD-10-PCS,0F9F8ZX,0F9F8ZX,"Drainage of Accessory Pancreatic Duct, Via Natural or Artificial Opening Endoscopic, Diagnostic",pancreatic_endoscopic_intervention,exclude,Pancreatic-duct intervention is not biliary decompression
2018,ICD-10-PCS,0F9F8ZZ,0F9F8ZZ,"Drainage of Accessory Pancreatic Duct, Via Natural or Artificial Opening Endoscopic",pancreatic_endoscopic_intervention,exclude,Pancreatic-duct intervention is not biliary decompression
2018,ICD-10-PCS,0FB40ZZ,0FB40ZZ,"Excision of Gallbladder, Open Approach",cholecystectomy_partial,include_sensitivity,"Gallbladder excision denotes partial/subtotal removal, not complete resection"
2018,ICD-10-PCS,0FB44ZZ,0FB44ZZ,"Excision of Gallbladder, Percutaneous Endoscopic Approach",cholecystectomy_partial,include_sensitivity,"Gallbladder excision denotes partial/subtotal removal, not complete resection"
2018,ICD-10-PCS,0FC58ZZ,0FC58ZZ,"Extirpation of Matter from Right Hepatic Duct, Via Natural or Artificial Opening Endoscopic",therapeutic_biliary_ercp_core,include_primary,Endoscopic therapeutic intervention on ampulla or biliary duct; pancreatic targets excluded
2018,ICD-10-PCS,0FC58ZZ,0FC58ZZ,"Extirpation of Matter from Right Hepatic Duct, Via Natural or Artificial Opening Endoscopic",therapeutic_biliary_ercp_extended,include_sensitivity,"Core ERCP plus uncommon fragmentation, destruction, release, or generic intraluminal-device insertion"
2018,ICD-10-PCS,0FC68ZZ,0FC68ZZ,"Extirpation of Matter from Left Hepatic Duct, Via Natural or Artificial Opening Endoscopic",therapeutic_biliary_ercp_core,include_primary,Endoscopic therapeutic intervention on ampulla or biliary duct; pancreatic targets excluded
2018,ICD-10-PCS,0FC68ZZ,0FC68ZZ,"Extirpation of Matter from Left Hepatic Duct, Via Natural or Artificial Opening Endoscopic",therapeutic_biliary_ercp_extended,include_sensitivity,"Core ERCP plus uncommon fragmentation, destruction, release, or generic intraluminal-device insertion"
2018,ICD-10-PCS,0FC78ZZ,0FC78ZZ,"Extirpation of Matter from Common Hepatic Duct, Via Natural or Artificial Opening Endoscopic",therapeutic_biliary_ercp_core,include_primary,Endoscopic therapeutic intervention on ampulla or biliary duct; pancreatic targets excluded
2018,ICD-10-PCS,0FC78ZZ,0FC78ZZ,"Extirpation of Matter from Common Hepatic Duct, Via Natural or Artificial Opening Endoscopic",therapeutic_biliary_ercp_extended,include_sensitivity,"Core ERCP plus uncommon fragmentation, destruction, release, or generic intraluminal-device insertion"
2018,ICD-10-PCS,0FC88ZZ,0FC88ZZ,"Extirpation of Matter from Cystic Duct, Via Natural or Artificial Opening Endoscopic",therapeutic_biliary_ercp_core,include_primary,Endoscopic therapeutic intervention on ampulla or biliary duct; pancreatic targets excluded
2018,ICD-10-PCS,0FC88ZZ,0FC88ZZ,"Extirpation of Matter from Cystic Duct, Via Natural or Artificial Opening Endoscopic",therapeutic_biliary_ercp_extended,include_sensitivity,"Core ERCP plus uncommon fragmentation, destruction, release, or generic intraluminal-device insertion"
2018,ICD-10-PCS,0FC98ZZ,0FC98ZZ,"Extirpation of Matter from Common Bile Duct, Via Natural or Artificial Opening Endoscopic",therapeutic_biliary_ercp_core,include_primary,Endoscopic therapeutic intervention on ampulla or biliary duct; pancreatic targets excluded
2018,ICD-10-PCS,0FC98ZZ,0FC98ZZ,"Extirpation of Matter from Common Bile Duct, Via Natural or Artificial Opening Endoscopic",therapeutic_biliary_ercp_extended,include_sensitivity,"Core ERCP plus uncommon fragmentation, destruction, release, or generic intraluminal-device insertion"
2018,ICD-10-PCS,0FCC8ZZ,0FCC8ZZ,"Extirpation of Matter from Ampulla of Vater, Via Natural or Artificial Opening Endoscopic",therapeutic_biliary_ercp_core,include_primary,Endoscopic therapeutic intervention on ampulla or biliary duct; pancreatic targets excluded
2018,ICD-10-PCS,0FCC8ZZ,0FCC8ZZ,"Extirpation of Matter from Ampulla of Vater, Via Natural or Artificial Opening Endoscopic",therapeutic_biliary_ercp_extended,include_sensitivity,"Core ERCP plus uncommon fragmentation, destruction, release, or generic intraluminal-device insertion"
2018,ICD-10-PCS,0FCD8ZZ,0FCD8ZZ,"Extirpation of Matter from Pancreatic Duct, Via Natural or Artificial Opening Endoscopic",pancreatic_endoscopic_intervention,exclude,Pancreatic-duct intervention is not biliary decompression
2018,ICD-10-PCS,0FCF8ZZ,0FCF8ZZ,"Extirpation of Matter from Accessory Pancreatic Duct, Via Natural or Artificial Opening Endoscopic",pancreatic_endoscopic_intervention,exclude,Pancreatic-duct intervention is not biliary decompression
2018,ICD-10-PCS,0FF58ZZ,0FF58ZZ,"Fragmentation in Right Hepatic Duct, Via Natural or Artificial Opening Endoscopic",therapeutic_biliary_ercp_extended,include_sensitivity,"Core ERCP plus uncommon fragmentation, destruction, release, or generic intraluminal-device insertion"
2018,ICD-10-PCS,0FF68ZZ,0FF68ZZ,"Fragmentation in Left Hepatic Duct, Via Natural or Artificial Opening Endoscopic",therapeutic_biliary_ercp_extended,include_sensitivity,"Core ERCP plus uncommon fragmentation, destruction, release, or generic intraluminal-device insertion"
2018,ICD-10-PCS,0FF78ZZ,0FF78ZZ,"Fragmentation in Common Hepatic Duct, Via Natural or Artificial Opening Endoscopic",therapeutic_biliary_ercp_extended,include_sensitivity,"Core ERCP plus uncommon fragmentation, destruction, release, or generic intraluminal-device insertion"
2018,ICD-10-PCS,0FF88ZZ,0FF88ZZ,"Fragmentation in Cystic Duct, Via Natural or Artificial Opening Endoscopic",therapeutic_biliary_ercp_extended,include_sensitivity,"Core ERCP plus uncommon fragmentation, destruction, release, or generic intraluminal-device insertion"
2018,ICD-10-PCS,0FF98ZZ,0FF98ZZ,"Fragmentation in Common Bile Duct, Via Natural or Artificial Opening Endoscopic",therapeutic_biliary_ercp_extended,include_sensitivity,"Core ERCP plus uncommon fragmentation, destruction, release, or generic intraluminal-device insertion"
2018,ICD-10-PCS,0FFC8ZZ,0FFC8ZZ,"Fragmentation in Ampulla of Vater, Via Natural or Artificial Opening Endoscopic",therapeutic_biliary_ercp_extended,include_sensitivity,"Core ERCP plus uncommon fragmentation, destruction, release, or generic intraluminal-device insertion"
2018,ICD-10-PCS,0FFD8ZZ,0FFD8ZZ,"Fragmentation in Pancreatic Duct, Via Natural or Artificial Opening Endoscopic",pancreatic_endoscopic_intervention,exclude,Pancreatic-duct intervention is not biliary decompression
2018,ICD-10-PCS,0FFF8ZZ,0FFF8ZZ,"Fragmentation in Accessory Pancreatic Duct, Via Natural or Artificial Opening Endoscopic",pancreatic_endoscopic_intervention,exclude,Pancreatic-duct intervention is not biliary decompression
2018,ICD-10-PCS,0FHB8DZ,0FHB8DZ,"Insertion of Intraluminal Device into Hepatobiliary Duct, Via Natural or Artificial Opening Endoscopic",therapeutic_biliary_ercp_extended,include_sensitivity,"Core ERCP plus uncommon fragmentation, destruction, release, or generic intraluminal-device insertion"
2018,ICD-10-PCS,0FHD8DZ,0FHD8DZ,"Insertion of Intraluminal Device into Pancreatic Duct, Via Natural or Artificial Opening Endoscopic",pancreatic_endoscopic_intervention,exclude,Pancreatic-duct intervention is not biliary decompression
2018,ICD-10-PCS,0FJB8ZZ,0FJB8ZZ,"Inspection of Hepatobiliary Duct, Via Natural or Artificial Opening Endoscopic",diagnostic_ercp,exclude,"Inspection alone is diagnostic, not therapeutic decompression"
2018,ICD-10-PCS,0FN58ZZ,0FN58ZZ,"Release Right Hepatic Duct, Via Natural or Artificial Opening Endoscopic",therapeutic_biliary_ercp_extended,include_sensitivity,"Core ERCP plus uncommon fragmentation, destruction, release, or generic intraluminal-device insertion"
2018,ICD-10-PCS,0FN68ZZ,0FN68ZZ,"Release Left Hepatic Duct, Via Natural or Artificial Opening Endoscopic",therapeutic_biliary_ercp_extended,include_sensitivity,"Core ERCP plus uncommon fragmentation, destruction, release, or generic intraluminal-device insertion"
2018,ICD-10-PCS,0FN78ZZ,0FN78ZZ,"Release Common Hepatic Duct, Via Natural or Artificial Opening Endoscopic",therapeutic_biliary_ercp_extended,include_sensitivity,"Core ERCP plus uncommon fragmentation, destruction, release, or generic intraluminal-device insertion"
2018,ICD-10-PCS,0FN88ZZ,0FN88ZZ,"Release Cystic Duct, Via Natural or Artificial Opening Endoscopic",therapeutic_biliary_ercp_extended,include_sensitivity,"Core ERCP plus uncommon fragmentation, destruction, release, or generic intraluminal-device insertion"
2018,ICD-10-PCS,0FN98ZZ,0FN98ZZ,"Release Common Bile Duct, Via Natural or Artificial Opening Endoscopic",therapeutic_biliary_ercp_extended,include_sensitivity,"Core ERCP plus uncommon fragmentation, destruction, release, or generic intraluminal-device insertion"
2018,ICD-10-PCS,0FNC8ZZ,0FNC8ZZ,"Release Ampulla of Vater, Via Natural or Artificial Opening Endoscopic",therapeutic_biliary_ercp_extended,include_sensitivity,"Core ERCP plus uncommon fragmentation, destruction, release, or generic intraluminal-device insertion"
2018,ICD-10-PCS,0FND8ZZ,0FND8ZZ,"Release Pancreatic Duct, Via Natural or Artificial Opening Endoscopic",pancreatic_endoscopic_intervention,exclude,Pancreatic-duct intervention is not biliary decompression
2018,ICD-10-PCS,0FNF8ZZ,0FNF8ZZ,"Release Accessory Pancreatic Duct, Via Natural or Artificial Opening Endoscopic",pancreatic_endoscopic_intervention,exclude,Pancreatic-duct intervention is not biliary decompression
2018,ICD-10-PCS,0FPB80Z,0FPB80Z,"Removal of Drainage Device from Hepatobiliary Duct, Via Natural or Artificial Opening Endoscopic",biliary_device_removal,include_sensitivity,May represent stent exchange/removal; insufficient alone for index decompression
2018,ICD-10-PCS,0FPB81Z,0FPB81Z,"Removal of Radioactive Element from Hepatobiliary Duct, Via Natural or Artificial Opening Endoscopic",biliary_device_removal,include_sensitivity,May represent stent exchange/removal; insufficient alone for index decompression
2018,ICD-10-PCS,0FPB82Z,0FPB82Z,"Removal of Monitoring Device from Hepatobiliary Duct, Via Natural or Artificial Opening Endoscopic",biliary_device_removal,include_sensitivity,May represent stent exchange/removal; insufficient alone for index decompression
2018,ICD-10-PCS,0FPB83Z,0FPB83Z,"Removal of Infusion Device from Hepatobiliary Duct, Via Natural or Artificial Opening Endoscopic",biliary_device_removal,include_sensitivity,May represent stent exchange/removal; insufficient alone for index decompression
2018,ICD-10-PCS,0FPB87Z,0FPB87Z,"Removal of Autologous Tissue Substitute from Hepatobiliary Duct, Via Natural or Artificial Opening Endoscopic",biliary_device_removal,include_sensitivity,May represent stent exchange/removal; insufficient alone for index decompression
2018,ICD-10-PCS,0FPB8CZ,0FPB8CZ,"Removal of Extraluminal Device from Hepatobiliary Duct, Via Natural or Artificial Opening Endoscopic",biliary_device_removal,include_sensitivity,May represent stent exchange/removal; insufficient alone for index decompression
2018,ICD-10-PCS,0FPB8DZ,0FPB8DZ,"Removal of Intraluminal Device from Hepatobiliary Duct, Via Natural or Artificial Opening Endoscopic",biliary_device_removal,include_sensitivity,May represent stent exchange/removal; insufficient alone for index decompression
2018,ICD-10-PCS,0FPB8JZ,0FPB8JZ,"Removal of Synthetic Substitute from Hepatobiliary Duct, Via Natural or Artificial Opening Endoscopic",biliary_device_removal,include_sensitivity,May represent stent exchange/removal; insufficient alone for index decompression
2018,ICD-10-PCS,0FPB8KZ,0FPB8KZ,"Removal of Nonautologous Tissue Substitute from Hepatobiliary Duct, Via Natural or Artificial Opening Endoscopic",biliary_device_removal,include_sensitivity,May represent stent exchange/removal; insufficient alone for index decompression
2018,ICD-10-PCS,0FPB8YZ,0FPB8YZ,"Removal of Other Device from Hepatobiliary Duct, Via Natural or Artificial Opening Endoscopic",biliary_device_removal,include_sensitivity,May represent stent exchange/removal; insufficient alone for index decompression
2018,ICD-10-PCS,0FT40ZZ,0FT40ZZ,"Resection of Gallbladder, Open Approach",cholecystectomy_complete,include_primary,Complete gallbladder resection by open or laparoscopic approach
2018,ICD-10-PCS,0FT44ZZ,0FT44ZZ,"Resection of Gallbladder, Percutaneous Endoscopic Approach",cholecystectomy_complete,include_primary,Complete gallbladder resection by open or laparoscopic approach
2019,ICD-10-CM,K80.00,K8000,Calculus of gallbladder with acute cholecystitis without obstruction,gallstone_evidence_broad,include_broad_component,Any billable cholelithiasis code; only combined with K83.09 in broad phenotype
2019,ICD-10-CM,K80.01,K8001,Calculus of gallbladder with acute cholecystitis with obstruction,gallstone_evidence_broad,include_broad_component,Any billable cholelithiasis code; only combined with K83.09 in broad phenotype
2019,ICD-10-CM,K80.10,K8010,Calculus of gallbladder with chronic cholecystitis without obstruction,gallstone_evidence_broad,include_broad_component,Any billable cholelithiasis code; only combined with K83.09 in broad phenotype
2019,ICD-10-CM,K80.11,K8011,Calculus of gallbladder with chronic cholecystitis with obstruction,gallstone_evidence_broad,include_broad_component,Any billable cholelithiasis code; only combined with K83.09 in broad phenotype
2019,ICD-10-CM,K80.12,K8012,Calculus of gallbladder with acute and chronic cholecystitis without obstruction,gallstone_evidence_broad,include_broad_component,Any billable cholelithiasis code; only combined with K83.09 in broad phenotype
2019,ICD-10-CM,K80.13,K8013,Calculus of gallbladder with acute and chronic cholecystitis with obstruction,gallstone_evidence_broad,include_broad_component,Any billable cholelithiasis code; only combined with K83.09 in broad phenotype
2019,ICD-10-CM,K80.18,K8018,Calculus of gallbladder with other cholecystitis without obstruction,gallstone_evidence_broad,include_broad_component,Any billable cholelithiasis code; only combined with K83.09 in broad phenotype
2019,ICD-10-CM,K80.19,K8019,Calculus of gallbladder with other cholecystitis with obstruction,gallstone_evidence_broad,include_broad_component,Any billable cholelithiasis code; only combined with K83.09 in broad phenotype
2019,ICD-10-CM,K80.20,K8020,Calculus of gallbladder without cholecystitis without obstruction,gallstone_evidence_broad,include_broad_component,Any billable cholelithiasis code; only combined with K83.09 in broad phenotype
2019,ICD-10-CM,K80.21,K8021,Calculus of gallbladder without cholecystitis with obstruction,gallstone_evidence_broad,include_broad_component,Any billable cholelithiasis code; only combined with K83.09 in broad phenotype
2019,ICD-10-CM,K80.30,K8030,"Calculus of bile duct with cholangitis, unspecified, without obstruction",cholangitis_unspecified_with_duct_stone,include_sensitivity,Bile-duct calculus with cholangitis of unspecified acuity
2019,ICD-10-CM,K80.30,K8030,"Calculus of bile duct with cholangitis, unspecified, without obstruction",gallstone_evidence_broad,include_broad_component,Any billable cholelithiasis code; only combined with K83.09 in broad phenotype
2019,ICD-10-CM,K80.31,K8031,"Calculus of bile duct with cholangitis, unspecified, with obstruction",cholangitis_unspecified_with_duct_stone,include_sensitivity,Bile-duct calculus with cholangitis of unspecified acuity
2019,ICD-10-CM,K80.31,K8031,"Calculus of bile duct with cholangitis, unspecified, with obstruction",gallstone_evidence_broad,include_broad_component,Any billable cholelithiasis code; only combined with K83.09 in broad phenotype
2019,ICD-10-CM,K80.32,K8032,Calculus of bile duct with acute cholangitis without obstruction,acute_cholangitis_strict,include_primary,Explicit bile-duct calculus with acute cholangitis
2019,ICD-10-CM,K80.32,K8032,Calculus of bile duct with acute cholangitis without obstruction,gallstone_evidence_broad,include_broad_component,Any billable cholelithiasis code; only combined with K83.09 in broad phenotype
2019,ICD-10-CM,K80.33,K8033,Calculus of bile duct with acute cholangitis with obstruction,acute_cholangitis_strict,include_primary,Explicit bile-duct calculus with acute cholangitis
2019,ICD-10-CM,K80.33,K8033,Calculus of bile duct with acute cholangitis with obstruction,gallstone_evidence_broad,include_broad_component,Any billable cholelithiasis code; only combined with K83.09 in broad phenotype
2019,ICD-10-CM,K80.34,K8034,Calculus of bile duct with chronic cholangitis without obstruction,gallstone_evidence_broad,include_broad_component,Any billable cholelithiasis code; only combined with K83.09 in broad phenotype
2019,ICD-10-CM,K80.35,K8035,Calculus of bile duct with chronic cholangitis with obstruction,gallstone_evidence_broad,include_broad_component,Any billable cholelithiasis code; only combined with K83.09 in broad phenotype
2019,ICD-10-CM,K80.36,K8036,Calculus of bile duct with acute and chronic cholangitis without obstruction,acute_cholangitis_strict,include_primary,Explicit bile-duct calculus with acute cholangitis
2019,ICD-10-CM,K80.36,K8036,Calculus of bile duct with acute and chronic cholangitis without obstruction,gallstone_evidence_broad,include_broad_component,Any billable cholelithiasis code; only combined with K83.09 in broad phenotype
2019,ICD-10-CM,K80.37,K8037,Calculus of bile duct with acute and chronic cholangitis with obstruction,acute_cholangitis_strict,include_primary,Explicit bile-duct calculus with acute cholangitis
2019,ICD-10-CM,K80.37,K8037,Calculus of bile duct with acute and chronic cholangitis with obstruction,gallstone_evidence_broad,include_broad_component,Any billable cholelithiasis code; only combined with K83.09 in broad phenotype
2019,ICD-10-CM,K80.40,K8040,"Calculus of bile duct with cholecystitis, unspecified, without obstruction",gallstone_evidence_broad,include_broad_component,Any billable cholelithiasis code; only combined with K83.09 in broad phenotype
2019,ICD-10-CM,K80.41,K8041,"Calculus of bile duct with cholecystitis, unspecified, with obstruction",gallstone_evidence_broad,include_broad_component,Any billable cholelithiasis code; only combined with K83.09 in broad phenotype
2019,ICD-10-CM,K80.42,K8042,Calculus of bile duct with acute cholecystitis without obstruction,gallstone_evidence_broad,include_broad_component,Any billable cholelithiasis code; only combined with K83.09 in broad phenotype
2019,ICD-10-CM,K80.43,K8043,Calculus of bile duct with acute cholecystitis with obstruction,gallstone_evidence_broad,include_broad_component,Any billable cholelithiasis code; only combined with K83.09 in broad phenotype
2019,ICD-10-CM,K80.44,K8044,Calculus of bile duct with chronic cholecystitis without obstruction,gallstone_evidence_broad,include_broad_component,Any billable cholelithiasis code; only combined with K83.09 in broad phenotype
2019,ICD-10-CM,K80.45,K8045,Calculus of bile duct with chronic cholecystitis with obstruction,gallstone_evidence_broad,include_broad_component,Any billable cholelithiasis code; only combined with K83.09 in broad phenotype
2019,ICD-10-CM,K80.46,K8046,Calculus of bile duct with acute and chronic cholecystitis without obstruction,gallstone_evidence_broad,include_broad_component,Any billable cholelithiasis code; only combined with K83.09 in broad phenotype
2019,ICD-10-CM,K80.47,K8047,Calculus of bile duct with acute and chronic cholecystitis with obstruction,gallstone_evidence_broad,include_broad_component,Any billable cholelithiasis code; only combined with K83.09 in broad phenotype
2019,ICD-10-CM,K80.50,K8050,Calculus of bile duct without cholangitis or cholecystitis without obstruction,gallstone_evidence_broad,include_broad_component,Any billable cholelithiasis code; only combined with K83.09 in broad phenotype
2019,ICD-10-CM,K80.51,K8051,Calculus of bile duct without cholangitis or cholecystitis with obstruction,gallstone_evidence_broad,include_broad_component,Any billable cholelithiasis code; only combined with K83.09 in broad phenotype
2019,ICD-10-CM,K80.60,K8060,"Calculus of gallbladder and bile duct with cholecystitis, unspecified, without obstruction",gallstone_evidence_broad,include_broad_component,Any billable cholelithiasis code; only combined with K83.09 in broad phenotype
2019,ICD-10-CM,K80.61,K8061,"Calculus of gallbladder and bile duct with cholecystitis, unspecified, with obstruction",gallstone_evidence_broad,include_broad_component,Any billable cholelithiasis code; only combined with K83.09 in broad phenotype
2019,ICD-10-CM,K80.62,K8062,Calculus of gallbladder and bile duct with acute cholecystitis without obstruction,gallstone_evidence_broad,include_broad_component,Any billable cholelithiasis code; only combined with K83.09 in broad phenotype
2019,ICD-10-CM,K80.63,K8063,Calculus of gallbladder and bile duct with acute cholecystitis with obstruction,gallstone_evidence_broad,include_broad_component,Any billable cholelithiasis code; only combined with K83.09 in broad phenotype
2019,ICD-10-CM,K80.64,K8064,Calculus of gallbladder and bile duct with chronic cholecystitis without obstruction,gallstone_evidence_broad,include_broad_component,Any billable cholelithiasis code; only combined with K83.09 in broad phenotype
2019,ICD-10-CM,K80.65,K8065,Calculus of gallbladder and bile duct with chronic cholecystitis with obstruction,gallstone_evidence_broad,include_broad_component,Any billable cholelithiasis code; only combined with K83.09 in broad phenotype
2019,ICD-10-CM,K80.66,K8066,Calculus of gallbladder and bile duct with acute and chronic cholecystitis without obstruction,gallstone_evidence_broad,include_broad_component,Any billable cholelithiasis code; only combined with K83.09 in broad phenotype
2019,ICD-10-CM,K80.67,K8067,Calculus of gallbladder and bile duct with acute and chronic cholecystitis with obstruction,gallstone_evidence_broad,include_broad_component,Any billable cholelithiasis code; only combined with K83.09 in broad phenotype
2019,ICD-10-CM,K80.70,K8070,Calculus of gallbladder and bile duct without cholecystitis without obstruction,gallstone_evidence_broad,include_broad_component,Any billable cholelithiasis code; only combined with K83.09 in broad phenotype
2019,ICD-10-CM,K80.71,K8071,Calculus of gallbladder and bile duct without cholecystitis with obstruction,gallstone_evidence_broad,include_broad_component,Any billable cholelithiasis code; only combined with K83.09 in broad phenotype
2019,ICD-10-CM,K83.01,K8301,Primary sclerosing cholangitis,primary_sclerosing_cholangitis,exclude,Primary sclerosing cholangitis is not acute cholangitis
2019,ICD-10-CM,K83.09,K8309,Other cholangitis,other_cholangitis,include_broad_component,Other cholangitis; requires a separate gallstone code for broad phenotype
2019,ICD-10-PCS,0F558ZZ,0F558ZZ,"Destruction of Right Hepatic Duct, Via Natural or Artificial Opening Endoscopic",therapeutic_biliary_ercp_extended,include_sensitivity,"Core ERCP plus uncommon fragmentation, destruction, release, or generic intraluminal-device insertion"
2019,ICD-10-PCS,0F568ZZ,0F568ZZ,"Destruction of Left Hepatic Duct, Via Natural or Artificial Opening Endoscopic",therapeutic_biliary_ercp_extended,include_sensitivity,"Core ERCP plus uncommon fragmentation, destruction, release, or generic intraluminal-device insertion"
2019,ICD-10-PCS,0F578ZZ,0F578ZZ,"Destruction of Common Hepatic Duct, Via Natural or Artificial Opening Endoscopic",therapeutic_biliary_ercp_extended,include_sensitivity,"Core ERCP plus uncommon fragmentation, destruction, release, or generic intraluminal-device insertion"
2019,ICD-10-PCS,0F588ZZ,0F588ZZ,"Destruction of Cystic Duct, Via Natural or Artificial Opening Endoscopic",therapeutic_biliary_ercp_extended,include_sensitivity,"Core ERCP plus uncommon fragmentation, destruction, release, or generic intraluminal-device insertion"
2019,ICD-10-PCS,0F598ZZ,0F598ZZ,"Destruction of Common Bile Duct, Via Natural or Artificial Opening Endoscopic",therapeutic_biliary_ercp_extended,include_sensitivity,"Core ERCP plus uncommon fragmentation, destruction, release, or generic intraluminal-device insertion"
2019,ICD-10-PCS,0F5C8ZZ,0F5C8ZZ,"Destruction of Ampulla of Vater, Via Natural or Artificial Opening Endoscopic",therapeutic_biliary_ercp_extended,include_sensitivity,"Core ERCP plus uncommon fragmentation, destruction, release, or generic intraluminal-device insertion"
2019,ICD-10-PCS,0F5D8ZZ,0F5D8ZZ,"Destruction of Pancreatic Duct, Via Natural or Artificial Opening Endoscopic",pancreatic_endoscopic_intervention,exclude,Pancreatic-duct intervention is not biliary decompression
2019,ICD-10-PCS,0F5F8ZZ,0F5F8ZZ,"Destruction of Accessory Pancreatic Duct, Via Natural or Artificial Opening Endoscopic",pancreatic_endoscopic_intervention,exclude,Pancreatic-duct intervention is not biliary decompression
2019,ICD-10-PCS,0F758DZ,0F758DZ,"Dilation of Right Hepatic Duct with Intraluminal Device, Via Natural or Artificial Opening Endoscopic",therapeutic_biliary_ercp_core,include_primary,Endoscopic therapeutic intervention on ampulla or biliary duct; pancreatic targets excluded
2019,ICD-10-PCS,0F758DZ,0F758DZ,"Dilation of Right Hepatic Duct with Intraluminal Device, Via Natural or Artificial Opening Endoscopic",therapeutic_biliary_ercp_extended,include_sensitivity,"Core ERCP plus uncommon fragmentation, destruction, release, or generic intraluminal-device insertion"
2019,ICD-10-PCS,0F758ZZ,0F758ZZ,"Dilation of Right Hepatic Duct, Via Natural or Artificial Opening Endoscopic",therapeutic_biliary_ercp_core,include_primary,Endoscopic therapeutic intervention on ampulla or biliary duct; pancreatic targets excluded
2019,ICD-10-PCS,0F758ZZ,0F758ZZ,"Dilation of Right Hepatic Duct, Via Natural or Artificial Opening Endoscopic",therapeutic_biliary_ercp_extended,include_sensitivity,"Core ERCP plus uncommon fragmentation, destruction, release, or generic intraluminal-device insertion"
2019,ICD-10-PCS,0F768DZ,0F768DZ,"Dilation of Left Hepatic Duct with Intraluminal Device, Via Natural or Artificial Opening Endoscopic",therapeutic_biliary_ercp_core,include_primary,Endoscopic therapeutic intervention on ampulla or biliary duct; pancreatic targets excluded
2019,ICD-10-PCS,0F768DZ,0F768DZ,"Dilation of Left Hepatic Duct with Intraluminal Device, Via Natural or Artificial Opening Endoscopic",therapeutic_biliary_ercp_extended,include_sensitivity,"Core ERCP plus uncommon fragmentation, destruction, release, or generic intraluminal-device insertion"
2019,ICD-10-PCS,0F768ZZ,0F768ZZ,"Dilation of Left Hepatic Duct, Via Natural or Artificial Opening Endoscopic",therapeutic_biliary_ercp_core,include_primary,Endoscopic therapeutic intervention on ampulla or biliary duct; pancreatic targets excluded
2019,ICD-10-PCS,0F768ZZ,0F768ZZ,"Dilation of Left Hepatic Duct, Via Natural or Artificial Opening Endoscopic",therapeutic_biliary_ercp_extended,include_sensitivity,"Core ERCP plus uncommon fragmentation, destruction, release, or generic intraluminal-device insertion"
2019,ICD-10-PCS,0F778DZ,0F778DZ,"Dilation of Common Hepatic Duct with Intraluminal Device, Via Natural or Artificial Opening Endoscopic",therapeutic_biliary_ercp_core,include_primary,Endoscopic therapeutic intervention on ampulla or biliary duct; pancreatic targets excluded
2019,ICD-10-PCS,0F778DZ,0F778DZ,"Dilation of Common Hepatic Duct with Intraluminal Device, Via Natural or Artificial Opening Endoscopic",therapeutic_biliary_ercp_extended,include_sensitivity,"Core ERCP plus uncommon fragmentation, destruction, release, or generic intraluminal-device insertion"
2019,ICD-10-PCS,0F778ZZ,0F778ZZ,"Dilation of Common Hepatic Duct, Via Natural or Artificial Opening Endoscopic",therapeutic_biliary_ercp_core,include_primary,Endoscopic therapeutic intervention on ampulla or biliary duct; pancreatic targets excluded
2019,ICD-10-PCS,0F778ZZ,0F778ZZ,"Dilation of Common Hepatic Duct, Via Natural or Artificial Opening Endoscopic",therapeutic_biliary_ercp_extended,include_sensitivity,"Core ERCP plus uncommon fragmentation, destruction, release, or generic intraluminal-device insertion"
2019,ICD-10-PCS,0F788DZ,0F788DZ,"Dilation of Cystic Duct with Intraluminal Device, Via Natural or Artificial Opening Endoscopic",therapeutic_biliary_ercp_core,include_primary,Endoscopic therapeutic intervention on ampulla or biliary duct; pancreatic targets excluded
2019,ICD-10-PCS,0F788DZ,0F788DZ,"Dilation of Cystic Duct with Intraluminal Device, Via Natural or Artificial Opening Endoscopic",therapeutic_biliary_ercp_extended,include_sensitivity,"Core ERCP plus uncommon fragmentation, destruction, release, or generic intraluminal-device insertion"
2019,ICD-10-PCS,0F788ZZ,0F788ZZ,"Dilation of Cystic Duct, Via Natural or Artificial Opening Endoscopic",therapeutic_biliary_ercp_core,include_primary,Endoscopic therapeutic intervention on ampulla or biliary duct; pancreatic targets excluded
2019,ICD-10-PCS,0F788ZZ,0F788ZZ,"Dilation of Cystic Duct, Via Natural or Artificial Opening Endoscopic",therapeutic_biliary_ercp_extended,include_sensitivity,"Core ERCP plus uncommon fragmentation, destruction, release, or generic intraluminal-device insertion"
2019,ICD-10-PCS,0F798DZ,0F798DZ,"Dilation of Common Bile Duct with Intraluminal Device, Via Natural or Artificial Opening Endoscopic",therapeutic_biliary_ercp_core,include_primary,Endoscopic therapeutic intervention on ampulla or biliary duct; pancreatic targets excluded
2019,ICD-10-PCS,0F798DZ,0F798DZ,"Dilation of Common Bile Duct with Intraluminal Device, Via Natural or Artificial Opening Endoscopic",therapeutic_biliary_ercp_extended,include_sensitivity,"Core ERCP plus uncommon fragmentation, destruction, release, or generic intraluminal-device insertion"
2019,ICD-10-PCS,0F798ZZ,0F798ZZ,"Dilation of Common Bile Duct, Via Natural or Artificial Opening Endoscopic",therapeutic_biliary_ercp_core,include_primary,Endoscopic therapeutic intervention on ampulla or biliary duct; pancreatic targets excluded
2019,ICD-10-PCS,0F798ZZ,0F798ZZ,"Dilation of Common Bile Duct, Via Natural or Artificial Opening Endoscopic",therapeutic_biliary_ercp_extended,include_sensitivity,"Core ERCP plus uncommon fragmentation, destruction, release, or generic intraluminal-device insertion"
2019,ICD-10-PCS,0F7C8DZ,0F7C8DZ,"Dilation of Ampulla of Vater with Intraluminal Device, Via Natural or Artificial Opening Endoscopic",therapeutic_biliary_ercp_core,include_primary,Endoscopic therapeutic intervention on ampulla or biliary duct; pancreatic targets excluded
2019,ICD-10-PCS,0F7C8DZ,0F7C8DZ,"Dilation of Ampulla of Vater with Intraluminal Device, Via Natural or Artificial Opening Endoscopic",therapeutic_biliary_ercp_extended,include_sensitivity,"Core ERCP plus uncommon fragmentation, destruction, release, or generic intraluminal-device insertion"
2019,ICD-10-PCS,0F7C8ZZ,0F7C8ZZ,"Dilation of Ampulla of Vater, Via Natural or Artificial Opening Endoscopic",therapeutic_biliary_ercp_core,include_primary,Endoscopic therapeutic intervention on ampulla or biliary duct; pancreatic targets excluded
2019,ICD-10-PCS,0F7C8ZZ,0F7C8ZZ,"Dilation of Ampulla of Vater, Via Natural or Artificial Opening Endoscopic",therapeutic_biliary_ercp_extended,include_sensitivity,"Core ERCP plus uncommon fragmentation, destruction, release, or generic intraluminal-device insertion"
2019,ICD-10-PCS,0F7D8DZ,0F7D8DZ,"Dilation of Pancreatic Duct with Intraluminal Device, Via Natural or Artificial Opening Endoscopic",pancreatic_endoscopic_intervention,exclude,Pancreatic-duct intervention is not biliary decompression
2019,ICD-10-PCS,0F7D8ZZ,0F7D8ZZ,"Dilation of Pancreatic Duct, Via Natural or Artificial Opening Endoscopic",pancreatic_endoscopic_intervention,exclude,Pancreatic-duct intervention is not biliary decompression
2019,ICD-10-PCS,0F7F8DZ,0F7F8DZ,"Dilation of Accessory Pancreatic Duct with Intraluminal Device, Via Natural or Artificial Opening Endoscopic",pancreatic_endoscopic_intervention,exclude,Pancreatic-duct intervention is not biliary decompression
2019,ICD-10-PCS,0F7F8ZZ,0F7F8ZZ,"Dilation of Accessory Pancreatic Duct, Via Natural or Artificial Opening Endoscopic",pancreatic_endoscopic_intervention,exclude,Pancreatic-duct intervention is not biliary decompression
2019,ICD-10-PCS,0F9580Z,0F9580Z,"Drainage of Right Hepatic Duct with Drainage Device, Via Natural or Artificial Opening Endoscopic",therapeutic_biliary_ercp_core,include_primary,Endoscopic therapeutic intervention on ampulla or biliary duct; pancreatic targets excluded
2019,ICD-10-PCS,0F9580Z,0F9580Z,"Drainage of Right Hepatic Duct with Drainage Device, Via Natural or Artificial Opening Endoscopic",therapeutic_biliary_ercp_extended,include_sensitivity,"Core ERCP plus uncommon fragmentation, destruction, release, or generic intraluminal-device insertion"
2019,ICD-10-PCS,0F958ZZ,0F958ZZ,"Drainage of Right Hepatic Duct, Via Natural or Artificial Opening Endoscopic",therapeutic_biliary_ercp_core,include_primary,Endoscopic therapeutic intervention on ampulla or biliary duct; pancreatic targets excluded
2019,ICD-10-PCS,0F958ZZ,0F958ZZ,"Drainage of Right Hepatic Duct, Via Natural or Artificial Opening Endoscopic",therapeutic_biliary_ercp_extended,include_sensitivity,"Core ERCP plus uncommon fragmentation, destruction, release, or generic intraluminal-device insertion"
2019,ICD-10-PCS,0F9680Z,0F9680Z,"Drainage of Left Hepatic Duct with Drainage Device, Via Natural or Artificial Opening Endoscopic",therapeutic_biliary_ercp_core,include_primary,Endoscopic therapeutic intervention on ampulla or biliary duct; pancreatic targets excluded
2019,ICD-10-PCS,0F9680Z,0F9680Z,"Drainage of Left Hepatic Duct with Drainage Device, Via Natural or Artificial Opening Endoscopic",therapeutic_biliary_ercp_extended,include_sensitivity,"Core ERCP plus uncommon fragmentation, destruction, release, or generic intraluminal-device insertion"
2019,ICD-10-PCS,0F968ZZ,0F968ZZ,"Drainage of Left Hepatic Duct, Via Natural or Artificial Opening Endoscopic",therapeutic_biliary_ercp_core,include_primary,Endoscopic therapeutic intervention on ampulla or biliary duct; pancreatic targets excluded
2019,ICD-10-PCS,0F968ZZ,0F968ZZ,"Drainage of Left Hepatic Duct, Via Natural or Artificial Opening Endoscopic",therapeutic_biliary_ercp_extended,include_sensitivity,"Core ERCP plus uncommon fragmentation, destruction, release, or generic intraluminal-device insertion"
2019,ICD-10-PCS,0F9780Z,0F9780Z,"Drainage of Common Hepatic Duct with Drainage Device, Via Natural or Artificial Opening Endoscopic",therapeutic_biliary_ercp_core,include_primary,Endoscopic therapeutic intervention on ampulla or biliary duct; pancreatic targets excluded
2019,ICD-10-PCS,0F9780Z,0F9780Z,"Drainage of Common Hepatic Duct with Drainage Device, Via Natural or Artificial Opening Endoscopic",therapeutic_biliary_ercp_extended,include_sensitivity,"Core ERCP plus uncommon fragmentation, destruction, release, or generic intraluminal-device insertion"
2019,ICD-10-PCS,0F978ZZ,0F978ZZ,"Drainage of Common Hepatic Duct, Via Natural or Artificial Opening Endoscopic",therapeutic_biliary_ercp_core,include_primary,Endoscopic therapeutic intervention on ampulla or biliary duct; pancreatic targets excluded
2019,ICD-10-PCS,0F978ZZ,0F978ZZ,"Drainage of Common Hepatic Duct, Via Natural or Artificial Opening Endoscopic",therapeutic_biliary_ercp_extended,include_sensitivity,"Core ERCP plus uncommon fragmentation, destruction, release, or generic intraluminal-device insertion"
2019,ICD-10-PCS,0F9880Z,0F9880Z,"Drainage of Cystic Duct with Drainage Device, Via Natural or Artificial Opening Endoscopic",therapeutic_biliary_ercp_core,include_primary,Endoscopic therapeutic intervention on ampulla or biliary duct; pancreatic targets excluded
2019,ICD-10-PCS,0F9880Z,0F9880Z,"Drainage of Cystic Duct with Drainage Device, Via Natural or Artificial Opening Endoscopic",therapeutic_biliary_ercp_extended,include_sensitivity,"Core ERCP plus uncommon fragmentation, destruction, release, or generic intraluminal-device insertion"
2019,ICD-10-PCS,0F988ZZ,0F988ZZ,"Drainage of Cystic Duct, Via Natural or Artificial Opening Endoscopic",therapeutic_biliary_ercp_core,include_primary,Endoscopic therapeutic intervention on ampulla or biliary duct; pancreatic targets excluded
2019,ICD-10-PCS,0F988ZZ,0F988ZZ,"Drainage of Cystic Duct, Via Natural or Artificial Opening Endoscopic",therapeutic_biliary_ercp_extended,include_sensitivity,"Core ERCP plus uncommon fragmentation, destruction, release, or generic intraluminal-device insertion"
2019,ICD-10-PCS,0F9980Z,0F9980Z,"Drainage of Common Bile Duct with Drainage Device, Via Natural or Artificial Opening Endoscopic",therapeutic_biliary_ercp_core,include_primary,Endoscopic therapeutic intervention on ampulla or biliary duct; pancreatic targets excluded
2019,ICD-10-PCS,0F9980Z,0F9980Z,"Drainage of Common Bile Duct with Drainage Device, Via Natural or Artificial Opening Endoscopic",therapeutic_biliary_ercp_extended,include_sensitivity,"Core ERCP plus uncommon fragmentation, destruction, release, or generic intraluminal-device insertion"
2019,ICD-10-PCS,0F998ZZ,0F998ZZ,"Drainage of Common Bile Duct, Via Natural or Artificial Opening Endoscopic",therapeutic_biliary_ercp_core,include_primary,Endoscopic therapeutic intervention on ampulla or biliary duct; pancreatic targets excluded
2019,ICD-10-PCS,0F998ZZ,0F998ZZ,"Drainage of Common Bile Duct, Via Natural or Artificial Opening Endoscopic",therapeutic_biliary_ercp_extended,include_sensitivity,"Core ERCP plus uncommon fragmentation, destruction, release, or generic intraluminal-device insertion"
2019,ICD-10-PCS,0F9C80Z,0F9C80Z,"Drainage of Ampulla of Vater with Drainage Device, Via Natural or Artificial Opening Endoscopic",therapeutic_biliary_ercp_core,include_primary,Endoscopic therapeutic intervention on ampulla or biliary duct; pancreatic targets excluded
2019,ICD-10-PCS,0F9C80Z,0F9C80Z,"Drainage of Ampulla of Vater with Drainage Device, Via Natural or Artificial Opening Endoscopic",therapeutic_biliary_ercp_extended,include_sensitivity,"Core ERCP plus uncommon fragmentation, destruction, release, or generic intraluminal-device insertion"
2019,ICD-10-PCS,0F9C8ZZ,0F9C8ZZ,"Drainage of Ampulla of Vater, Via Natural or Artificial Opening Endoscopic",therapeutic_biliary_ercp_core,include_primary,Endoscopic therapeutic intervention on ampulla or biliary duct; pancreatic targets excluded
2019,ICD-10-PCS,0F9C8ZZ,0F9C8ZZ,"Drainage of Ampulla of Vater, Via Natural or Artificial Opening Endoscopic",therapeutic_biliary_ercp_extended,include_sensitivity,"Core ERCP plus uncommon fragmentation, destruction, release, or generic intraluminal-device insertion"
2019,ICD-10-PCS,0F9D80Z,0F9D80Z,"Drainage of Pancreatic Duct with Drainage Device, Via Natural or Artificial Opening Endoscopic",pancreatic_endoscopic_intervention,exclude,Pancreatic-duct intervention is not biliary decompression
2019,ICD-10-PCS,0F9D8ZX,0F9D8ZX,"Drainage of Pancreatic Duct, Via Natural or Artificial Opening Endoscopic, Diagnostic",pancreatic_endoscopic_intervention,exclude,Pancreatic-duct intervention is not biliary decompression
2019,ICD-10-PCS,0F9D8ZZ,0F9D8ZZ,"Drainage of Pancreatic Duct, Via Natural or Artificial Opening Endoscopic",pancreatic_endoscopic_intervention,exclude,Pancreatic-duct intervention is not biliary decompression
2019,ICD-10-PCS,0F9F80Z,0F9F80Z,"Drainage of Accessory Pancreatic Duct with Drainage Device, Via Natural or Artificial Opening Endoscopic",pancreatic_endoscopic_intervention,exclude,Pancreatic-duct intervention is not biliary decompression
2019,ICD-10-PCS,0F9F8ZX,0F9F8ZX,"Drainage of Accessory Pancreatic Duct, Via Natural or Artificial Opening Endoscopic, Diagnostic",pancreatic_endoscopic_intervention,exclude,Pancreatic-duct intervention is not biliary decompression
2019,ICD-10-PCS,0F9F8ZZ,0F9F8ZZ,"Drainage of Accessory Pancreatic Duct, Via Natural or Artificial Opening Endoscopic",pancreatic_endoscopic_intervention,exclude,Pancreatic-duct intervention is not biliary decompression
2019,ICD-10-PCS,0FB40ZZ,0FB40ZZ,"Excision of Gallbladder, Open Approach",cholecystectomy_partial,include_sensitivity,"Gallbladder excision denotes partial/subtotal removal, not complete resection"
2019,ICD-10-PCS,0FB44ZZ,0FB44ZZ,"Excision of Gallbladder, Percutaneous Endoscopic Approach",cholecystectomy_partial,include_sensitivity,"Gallbladder excision denotes partial/subtotal removal, not complete resection"
2019,ICD-10-PCS,0FC58ZZ,0FC58ZZ,"Extirpation of Matter from Right Hepatic Duct, Via Natural or Artificial Opening Endoscopic",therapeutic_biliary_ercp_core,include_primary,Endoscopic therapeutic intervention on ampulla or biliary duct; pancreatic targets excluded
2019,ICD-10-PCS,0FC58ZZ,0FC58ZZ,"Extirpation of Matter from Right Hepatic Duct, Via Natural or Artificial Opening Endoscopic",therapeutic_biliary_ercp_extended,include_sensitivity,"Core ERCP plus uncommon fragmentation, destruction, release, or generic intraluminal-device insertion"
2019,ICD-10-PCS,0FC68ZZ,0FC68ZZ,"Extirpation of Matter from Left Hepatic Duct, Via Natural or Artificial Opening Endoscopic",therapeutic_biliary_ercp_core,include_primary,Endoscopic therapeutic intervention on ampulla or biliary duct; pancreatic targets excluded
2019,ICD-10-PCS,0FC68ZZ,0FC68ZZ,"Extirpation of Matter from Left Hepatic Duct, Via Natural or Artificial Opening Endoscopic",therapeutic_biliary_ercp_extended,include_sensitivity,"Core ERCP plus uncommon fragmentation, destruction, release, or generic intraluminal-device insertion"
2019,ICD-10-PCS,0FC78ZZ,0FC78ZZ,"Extirpation of Matter from Common Hepatic Duct, Via Natural or Artificial Opening Endoscopic",therapeutic_biliary_ercp_core,include_primary,Endoscopic therapeutic intervention on ampulla or biliary duct; pancreatic targets excluded
2019,ICD-10-PCS,0FC78ZZ,0FC78ZZ,"Extirpation of Matter from Common Hepatic Duct, Via Natural or Artificial Opening Endoscopic",therapeutic_biliary_ercp_extended,include_sensitivity,"Core ERCP plus uncommon fragmentation, destruction, release, or generic intraluminal-device insertion"
2019,ICD-10-PCS,0FC88ZZ,0FC88ZZ,"Extirpation of Matter from Cystic Duct, Via Natural or Artificial Opening Endoscopic",therapeutic_biliary_ercp_core,include_primary,Endoscopic therapeutic intervention on ampulla or biliary duct; pancreatic targets excluded
2019,ICD-10-PCS,0FC88ZZ,0FC88ZZ,"Extirpation of Matter from Cystic Duct, Via Natural or Artificial Opening Endoscopic",therapeutic_biliary_ercp_extended,include_sensitivity,"Core ERCP plus uncommon fragmentation, destruction, release, or generic intraluminal-device insertion"
2019,ICD-10-PCS,0FC98ZZ,0FC98ZZ,"Extirpation of Matter from Common Bile Duct, Via Natural or Artificial Opening Endoscopic",therapeutic_biliary_ercp_core,include_primary,Endoscopic therapeutic intervention on ampulla or biliary duct; pancreatic targets excluded
2019,ICD-10-PCS,0FC98ZZ,0FC98ZZ,"Extirpation of Matter from Common Bile Duct, Via Natural or Artificial Opening Endoscopic",therapeutic_biliary_ercp_extended,include_sensitivity,"Core ERCP plus uncommon fragmentation, destruction, release, or generic intraluminal-device insertion"
2019,ICD-10-PCS,0FCC8ZZ,0FCC8ZZ,"Extirpation of Matter from Ampulla of Vater, Via Natural or Artificial Opening Endoscopic",therapeutic_biliary_ercp_core,include_primary,Endoscopic therapeutic intervention on ampulla or biliary duct; pancreatic targets excluded
2019,ICD-10-PCS,0FCC8ZZ,0FCC8ZZ,"Extirpation of Matter from Ampulla of Vater, Via Natural or Artificial Opening Endoscopic",therapeutic_biliary_ercp_extended,include_sensitivity,"Core ERCP plus uncommon fragmentation, destruction, release, or generic intraluminal-device insertion"
2019,ICD-10-PCS,0FCD8ZZ,0FCD8ZZ,"Extirpation of Matter from Pancreatic Duct, Via Natural or Artificial Opening Endoscopic",pancreatic_endoscopic_intervention,exclude,Pancreatic-duct intervention is not biliary decompression
2019,ICD-10-PCS,0FCF8ZZ,0FCF8ZZ,"Extirpation of Matter from Accessory Pancreatic Duct, Via Natural or Artificial Opening Endoscopic",pancreatic_endoscopic_intervention,exclude,Pancreatic-duct intervention is not biliary decompression
2019,ICD-10-PCS,0FF58ZZ,0FF58ZZ,"Fragmentation in Right Hepatic Duct, Via Natural or Artificial Opening Endoscopic",therapeutic_biliary_ercp_extended,include_sensitivity,"Core ERCP plus uncommon fragmentation, destruction, release, or generic intraluminal-device insertion"
2019,ICD-10-PCS,0FF68ZZ,0FF68ZZ,"Fragmentation in Left Hepatic Duct, Via Natural or Artificial Opening Endoscopic",therapeutic_biliary_ercp_extended,include_sensitivity,"Core ERCP plus uncommon fragmentation, destruction, release, or generic intraluminal-device insertion"
2019,ICD-10-PCS,0FF78ZZ,0FF78ZZ,"Fragmentation in Common Hepatic Duct, Via Natural or Artificial Opening Endoscopic",therapeutic_biliary_ercp_extended,include_sensitivity,"Core ERCP plus uncommon fragmentation, destruction, release, or generic intraluminal-device insertion"
2019,ICD-10-PCS,0FF88ZZ,0FF88ZZ,"Fragmentation in Cystic Duct, Via Natural or Artificial Opening Endoscopic",therapeutic_biliary_ercp_extended,include_sensitivity,"Core ERCP plus uncommon fragmentation, destruction, release, or generic intraluminal-device insertion"
2019,ICD-10-PCS,0FF98ZZ,0FF98ZZ,"Fragmentation in Common Bile Duct, Via Natural or Artificial Opening Endoscopic",therapeutic_biliary_ercp_extended,include_sensitivity,"Core ERCP plus uncommon fragmentation, destruction, release, or generic intraluminal-device insertion"
2019,ICD-10-PCS,0FFC8ZZ,0FFC8ZZ,"Fragmentation in Ampulla of Vater, Via Natural or Artificial Opening Endoscopic",therapeutic_biliary_ercp_extended,include_sensitivity,"Core ERCP plus uncommon fragmentation, destruction, release, or generic intraluminal-device insertion"
2019,ICD-10-PCS,0FFD8ZZ,0FFD8ZZ,"Fragmentation in Pancreatic Duct, Via Natural or Artificial Opening Endoscopic",pancreatic_endoscopic_intervention,exclude,Pancreatic-duct intervention is not biliary decompression
2019,ICD-10-PCS,0FFF8ZZ,0FFF8ZZ,"Fragmentation in Accessory Pancreatic Duct, Via Natural or Artificial Opening Endoscopic",pancreatic_endoscopic_intervention,exclude,Pancreatic-duct intervention is not biliary decompression
2019,ICD-10-PCS,0FHB8DZ,0FHB8DZ,"Insertion of Intraluminal Device into Hepatobiliary Duct, Via Natural or Artificial Opening Endoscopic",therapeutic_biliary_ercp_extended,include_sensitivity,"Core ERCP plus uncommon fragmentation, destruction, release, or generic intraluminal-device insertion"
2019,ICD-10-PCS,0FHD8DZ,0FHD8DZ,"Insertion of Intraluminal Device into Pancreatic Duct, Via Natural or Artificial Opening Endoscopic",pancreatic_endoscopic_intervention,exclude,Pancreatic-duct intervention is not biliary decompression
2019,ICD-10-PCS,0FJB8ZZ,0FJB8ZZ,"Inspection of Hepatobiliary Duct, Via Natural or Artificial Opening Endoscopic",diagnostic_ercp,exclude,"Inspection alone is diagnostic, not therapeutic decompression"
2019,ICD-10-PCS,0FN58ZZ,0FN58ZZ,"Release Right Hepatic Duct, Via Natural or Artificial Opening Endoscopic",therapeutic_biliary_ercp_extended,include_sensitivity,"Core ERCP plus uncommon fragmentation, destruction, release, or generic intraluminal-device insertion"
2019,ICD-10-PCS,0FN68ZZ,0FN68ZZ,"Release Left Hepatic Duct, Via Natural or Artificial Opening Endoscopic",therapeutic_biliary_ercp_extended,include_sensitivity,"Core ERCP plus uncommon fragmentation, destruction, release, or generic intraluminal-device insertion"
2019,ICD-10-PCS,0FN78ZZ,0FN78ZZ,"Release Common Hepatic Duct, Via Natural or Artificial Opening Endoscopic",therapeutic_biliary_ercp_extended,include_sensitivity,"Core ERCP plus uncommon fragmentation, destruction, release, or generic intraluminal-device insertion"
2019,ICD-10-PCS,0FN88ZZ,0FN88ZZ,"Release Cystic Duct, Via Natural or Artificial Opening Endoscopic",therapeutic_biliary_ercp_extended,include_sensitivity,"Core ERCP plus uncommon fragmentation, destruction, release, or generic intraluminal-device insertion"
2019,ICD-10-PCS,0FN98ZZ,0FN98ZZ,"Release Common Bile Duct, Via Natural or Artificial Opening Endoscopic",therapeutic_biliary_ercp_extended,include_sensitivity,"Core ERCP plus uncommon fragmentation, destruction, release, or generic intraluminal-device insertion"
2019,ICD-10-PCS,0FNC8ZZ,0FNC8ZZ,"Release Ampulla of Vater, Via Natural or Artificial Opening Endoscopic",therapeutic_biliary_ercp_extended,include_sensitivity,"Core ERCP plus uncommon fragmentation, destruction, release, or generic intraluminal-device insertion"
2019,ICD-10-PCS,0FND8ZZ,0FND8ZZ,"Release Pancreatic Duct, Via Natural or Artificial Opening Endoscopic",pancreatic_endoscopic_intervention,exclude,Pancreatic-duct intervention is not biliary decompression
2019,ICD-10-PCS,0FNF8ZZ,0FNF8ZZ,"Release Accessory Pancreatic Duct, Via Natural or Artificial Opening Endoscopic",pancreatic_endoscopic_intervention,exclude,Pancreatic-duct intervention is not biliary decompression
2019,ICD-10-PCS,0FPB80Z,0FPB80Z,"Removal of Drainage Device from Hepatobiliary Duct, Via Natural or Artificial Opening Endoscopic",biliary_device_removal,include_sensitivity,May represent stent exchange/removal; insufficient alone for index decompression
2019,ICD-10-PCS,0FPB81Z,0FPB81Z,"Removal of Radioactive Element from Hepatobiliary Duct, Via Natural or Artificial Opening Endoscopic",biliary_device_removal,include_sensitivity,May represent stent exchange/removal; insufficient alone for index decompression
2019,ICD-10-PCS,0FPB82Z,0FPB82Z,"Removal of Monitoring Device from Hepatobiliary Duct, Via Natural or Artificial Opening Endoscopic",biliary_device_removal,include_sensitivity,May represent stent exchange/removal; insufficient alone for index decompression
2019,ICD-10-PCS,0FPB83Z,0FPB83Z,"Removal of Infusion Device from Hepatobiliary Duct, Via Natural or Artificial Opening Endoscopic",biliary_device_removal,include_sensitivity,May represent stent exchange/removal; insufficient alone for index decompression
2019,ICD-10-PCS,0FPB87Z,0FPB87Z,"Removal of Autologous Tissue Substitute from Hepatobiliary Duct, Via Natural or Artificial Opening Endoscopic",biliary_device_removal,include_sensitivity,May represent stent exchange/removal; insufficient alone for index decompression
2019,ICD-10-PCS,0FPB8CZ,0FPB8CZ,"Removal of Extraluminal Device from Hepatobiliary Duct, Via Natural or Artificial Opening Endoscopic",biliary_device_removal,include_sensitivity,May represent stent exchange/removal; insufficient alone for index decompression
2019,ICD-10-PCS,0FPB8DZ,0FPB8DZ,"Removal of Intraluminal Device from Hepatobiliary Duct, Via Natural or Artificial Opening Endoscopic",biliary_device_removal,include_sensitivity,May represent stent exchange/removal; insufficient alone for index decompression
2019,ICD-10-PCS,0FPB8JZ,0FPB8JZ,"Removal of Synthetic Substitute from Hepatobiliary Duct, Via Natural or Artificial Opening Endoscopic",biliary_device_removal,include_sensitivity,May represent stent exchange/removal; insufficient alone for index decompression
2019,ICD-10-PCS,0FPB8KZ,0FPB8KZ,"Removal of Nonautologous Tissue Substitute from Hepatobiliary Duct, Via Natural or Artificial Opening Endoscopic",biliary_device_removal,include_sensitivity,May represent stent exchange/removal; insufficient alone for index decompression
2019,ICD-10-PCS,0FPB8YZ,0FPB8YZ,"Removal of Other Device from Hepatobiliary Duct, Via Natural or Artificial Opening Endoscopic",biliary_device_removal,include_sensitivity,May represent stent exchange/removal; insufficient alone for index decompression
2019,ICD-10-PCS,0FT40ZZ,0FT40ZZ,"Resection of Gallbladder, Open Approach",cholecystectomy_complete,include_primary,Complete gallbladder resection by open or laparoscopic approach
2019,ICD-10-PCS,0FT44ZZ,0FT44ZZ,"Resection of Gallbladder, Percutaneous Endoscopic Approach",cholecystectomy_complete,include_primary,Complete gallbladder resection by open or laparoscopic approach
2020,ICD-10-CM,K80.00,K8000,Calculus of gallbladder with acute cholecystitis without obstruction,gallstone_evidence_broad,include_broad_component,Any billable cholelithiasis code; only combined with K83.09 in broad phenotype
2020,ICD-10-CM,K80.01,K8001,Calculus of gallbladder with acute cholecystitis with obstruction,gallstone_evidence_broad,include_broad_component,Any billable cholelithiasis code; only combined with K83.09 in broad phenotype
2020,ICD-10-CM,K80.10,K8010,Calculus of gallbladder with chronic cholecystitis without obstruction,gallstone_evidence_broad,include_broad_component,Any billable cholelithiasis code; only combined with K83.09 in broad phenotype
2020,ICD-10-CM,K80.11,K8011,Calculus of gallbladder with chronic cholecystitis with obstruction,gallstone_evidence_broad,include_broad_component,Any billable cholelithiasis code; only combined with K83.09 in broad phenotype
2020,ICD-10-CM,K80.12,K8012,Calculus of gallbladder with acute and chronic cholecystitis without obstruction,gallstone_evidence_broad,include_broad_component,Any billable cholelithiasis code; only combined with K83.09 in broad phenotype
2020,ICD-10-CM,K80.13,K8013,Calculus of gallbladder with acute and chronic cholecystitis with obstruction,gallstone_evidence_broad,include_broad_component,Any billable cholelithiasis code; only combined with K83.09 in broad phenotype
2020,ICD-10-CM,K80.18,K8018,Calculus of gallbladder with other cholecystitis without obstruction,gallstone_evidence_broad,include_broad_component,Any billable cholelithiasis code; only combined with K83.09 in broad phenotype
2020,ICD-10-CM,K80.19,K8019,Calculus of gallbladder with other cholecystitis with obstruction,gallstone_evidence_broad,include_broad_component,Any billable cholelithiasis code; only combined with K83.09 in broad phenotype
2020,ICD-10-CM,K80.20,K8020,Calculus of gallbladder without cholecystitis without obstruction,gallstone_evidence_broad,include_broad_component,Any billable cholelithiasis code; only combined with K83.09 in broad phenotype
2020,ICD-10-CM,K80.21,K8021,Calculus of gallbladder without cholecystitis with obstruction,gallstone_evidence_broad,include_broad_component,Any billable cholelithiasis code; only combined with K83.09 in broad phenotype
2020,ICD-10-CM,K80.30,K8030,"Calculus of bile duct with cholangitis, unspecified, without obstruction",cholangitis_unspecified_with_duct_stone,include_sensitivity,Bile-duct calculus with cholangitis of unspecified acuity
2020,ICD-10-CM,K80.30,K8030,"Calculus of bile duct with cholangitis, unspecified, without obstruction",gallstone_evidence_broad,include_broad_component,Any billable cholelithiasis code; only combined with K83.09 in broad phenotype
2020,ICD-10-CM,K80.31,K8031,"Calculus of bile duct with cholangitis, unspecified, with obstruction",cholangitis_unspecified_with_duct_stone,include_sensitivity,Bile-duct calculus with cholangitis of unspecified acuity
2020,ICD-10-CM,K80.31,K8031,"Calculus of bile duct with cholangitis, unspecified, with obstruction",gallstone_evidence_broad,include_broad_component,Any billable cholelithiasis code; only combined with K83.09 in broad phenotype
2020,ICD-10-CM,K80.32,K8032,Calculus of bile duct with acute cholangitis without obstruction,acute_cholangitis_strict,include_primary,Explicit bile-duct calculus with acute cholangitis
2020,ICD-10-CM,K80.32,K8032,Calculus of bile duct with acute cholangitis without obstruction,gallstone_evidence_broad,include_broad_component,Any billable cholelithiasis code; only combined with K83.09 in broad phenotype
2020,ICD-10-CM,K80.33,K8033,Calculus of bile duct with acute cholangitis with obstruction,acute_cholangitis_strict,include_primary,Explicit bile-duct calculus with acute cholangitis
2020,ICD-10-CM,K80.33,K8033,Calculus of bile duct with acute cholangitis with obstruction,gallstone_evidence_broad,include_broad_component,Any billable cholelithiasis code; only combined with K83.09 in broad phenotype
2020,ICD-10-CM,K80.34,K8034,Calculus of bile duct with chronic cholangitis without obstruction,gallstone_evidence_broad,include_broad_component,Any billable cholelithiasis code; only combined with K83.09 in broad phenotype
2020,ICD-10-CM,K80.35,K8035,Calculus of bile duct with chronic cholangitis with obstruction,gallstone_evidence_broad,include_broad_component,Any billable cholelithiasis code; only combined with K83.09 in broad phenotype
2020,ICD-10-CM,K80.36,K8036,Calculus of bile duct with acute and chronic cholangitis without obstruction,acute_cholangitis_strict,include_primary,Explicit bile-duct calculus with acute cholangitis
2020,ICD-10-CM,K80.36,K8036,Calculus of bile duct with acute and chronic cholangitis without obstruction,gallstone_evidence_broad,include_broad_component,Any billable cholelithiasis code; only combined with K83.09 in broad phenotype
2020,ICD-10-CM,K80.37,K8037,Calculus of bile duct with acute and chronic cholangitis with obstruction,acute_cholangitis_strict,include_primary,Explicit bile-duct calculus with acute cholangitis
2020,ICD-10-CM,K80.37,K8037,Calculus of bile duct with acute and chronic cholangitis with obstruction,gallstone_evidence_broad,include_broad_component,Any billable cholelithiasis code; only combined with K83.09 in broad phenotype
2020,ICD-10-CM,K80.40,K8040,"Calculus of bile duct with cholecystitis, unspecified, without obstruction",gallstone_evidence_broad,include_broad_component,Any billable cholelithiasis code; only combined with K83.09 in broad phenotype
2020,ICD-10-CM,K80.41,K8041,"Calculus of bile duct with cholecystitis, unspecified, with obstruction",gallstone_evidence_broad,include_broad_component,Any billable cholelithiasis code; only combined with K83.09 in broad phenotype
2020,ICD-10-CM,K80.42,K8042,Calculus of bile duct with acute cholecystitis without obstruction,gallstone_evidence_broad,include_broad_component,Any billable cholelithiasis code; only combined with K83.09 in broad phenotype
2020,ICD-10-CM,K80.43,K8043,Calculus of bile duct with acute cholecystitis with obstruction,gallstone_evidence_broad,include_broad_component,Any billable cholelithiasis code; only combined with K83.09 in broad phenotype
2020,ICD-10-CM,K80.44,K8044,Calculus of bile duct with chronic cholecystitis without obstruction,gallstone_evidence_broad,include_broad_component,Any billable cholelithiasis code; only combined with K83.09 in broad phenotype
2020,ICD-10-CM,K80.45,K8045,Calculus of bile duct with chronic cholecystitis with obstruction,gallstone_evidence_broad,include_broad_component,Any billable cholelithiasis code; only combined with K83.09 in broad phenotype
2020,ICD-10-CM,K80.46,K8046,Calculus of bile duct with acute and chronic cholecystitis without obstruction,gallstone_evidence_broad,include_broad_component,Any billable cholelithiasis code; only combined with K83.09 in broad phenotype
2020,ICD-10-CM,K80.47,K8047,Calculus of bile duct with acute and chronic cholecystitis with obstruction,gallstone_evidence_broad,include_broad_component,Any billable cholelithiasis code; only combined with K83.09 in broad phenotype
2020,ICD-10-CM,K80.50,K8050,Calculus of bile duct without cholangitis or cholecystitis without obstruction,gallstone_evidence_broad,include_broad_component,Any billable cholelithiasis code; only combined with K83.09 in broad phenotype
2020,ICD-10-CM,K80.51,K8051,Calculus of bile duct without cholangitis or cholecystitis with obstruction,gallstone_evidence_broad,include_broad_component,Any billable cholelithiasis code; only combined with K83.09 in broad phenotype
2020,ICD-10-CM,K80.60,K8060,"Calculus of gallbladder and bile duct with cholecystitis, unspecified, without obstruction",gallstone_evidence_broad,include_broad_component,Any billable cholelithiasis code; only combined with K83.09 in broad phenotype
2020,ICD-10-CM,K80.61,K8061,"Calculus of gallbladder and bile duct with cholecystitis, unspecified, with obstruction",gallstone_evidence_broad,include_broad_component,Any billable cholelithiasis code; only combined with K83.09 in broad phenotype
2020,ICD-10-CM,K80.62,K8062,Calculus of gallbladder and bile duct with acute cholecystitis without obstruction,gallstone_evidence_broad,include_broad_component,Any billable cholelithiasis code; only combined with K83.09 in broad phenotype
2020,ICD-10-CM,K80.63,K8063,Calculus of gallbladder and bile duct with acute cholecystitis with obstruction,gallstone_evidence_broad,include_broad_component,Any billable cholelithiasis code; only combined with K83.09 in broad phenotype
2020,ICD-10-CM,K80.64,K8064,Calculus of gallbladder and bile duct with chronic cholecystitis without obstruction,gallstone_evidence_broad,include_broad_component,Any billable cholelithiasis code; only combined with K83.09 in broad phenotype
2020,ICD-10-CM,K80.65,K8065,Calculus of gallbladder and bile duct with chronic cholecystitis with obstruction,gallstone_evidence_broad,include_broad_component,Any billable cholelithiasis code; only combined with K83.09 in broad phenotype
2020,ICD-10-CM,K80.66,K8066,Calculus of gallbladder and bile duct with acute and chronic cholecystitis without obstruction,gallstone_evidence_broad,include_broad_component,Any billable cholelithiasis code; only combined with K83.09 in broad phenotype
2020,ICD-10-CM,K80.67,K8067,Calculus of gallbladder and bile duct with acute and chronic cholecystitis with obstruction,gallstone_evidence_broad,include_broad_component,Any billable cholelithiasis code; only combined with K83.09 in broad phenotype
2020,ICD-10-CM,K80.70,K8070,Calculus of gallbladder and bile duct without cholecystitis without obstruction,gallstone_evidence_broad,include_broad_component,Any billable cholelithiasis code; only combined with K83.09 in broad phenotype
2020,ICD-10-CM,K80.71,K8071,Calculus of gallbladder and bile duct without cholecystitis with obstruction,gallstone_evidence_broad,include_broad_component,Any billable cholelithiasis code; only combined with K83.09 in broad phenotype
2020,ICD-10-CM,K83.01,K8301,Primary sclerosing cholangitis,primary_sclerosing_cholangitis,exclude,Primary sclerosing cholangitis is not acute cholangitis
2020,ICD-10-CM,K83.09,K8309,Other cholangitis,other_cholangitis,include_broad_component,Other cholangitis; requires a separate gallstone code for broad phenotype
2020,ICD-10-PCS,0F558ZZ,0F558ZZ,"Destruction of Right Hepatic Duct, Via Natural or Artificial Opening Endoscopic",therapeutic_biliary_ercp_extended,include_sensitivity,"Core ERCP plus uncommon fragmentation, destruction, release, or generic intraluminal-device insertion"
2020,ICD-10-PCS,0F568ZZ,0F568ZZ,"Destruction of Left Hepatic Duct, Via Natural or Artificial Opening Endoscopic",therapeutic_biliary_ercp_extended,include_sensitivity,"Core ERCP plus uncommon fragmentation, destruction, release, or generic intraluminal-device insertion"
2020,ICD-10-PCS,0F578ZZ,0F578ZZ,"Destruction of Common Hepatic Duct, Via Natural or Artificial Opening Endoscopic",therapeutic_biliary_ercp_extended,include_sensitivity,"Core ERCP plus uncommon fragmentation, destruction, release, or generic intraluminal-device insertion"
2020,ICD-10-PCS,0F588ZZ,0F588ZZ,"Destruction of Cystic Duct, Via Natural or Artificial Opening Endoscopic",therapeutic_biliary_ercp_extended,include_sensitivity,"Core ERCP plus uncommon fragmentation, destruction, release, or generic intraluminal-device insertion"
2020,ICD-10-PCS,0F598ZZ,0F598ZZ,"Destruction of Common Bile Duct, Via Natural or Artificial Opening Endoscopic",therapeutic_biliary_ercp_extended,include_sensitivity,"Core ERCP plus uncommon fragmentation, destruction, release, or generic intraluminal-device insertion"
2020,ICD-10-PCS,0F5C8ZZ,0F5C8ZZ,"Destruction of Ampulla of Vater, Via Natural or Artificial Opening Endoscopic",therapeutic_biliary_ercp_extended,include_sensitivity,"Core ERCP plus uncommon fragmentation, destruction, release, or generic intraluminal-device insertion"
2020,ICD-10-PCS,0F5D8ZZ,0F5D8ZZ,"Destruction of Pancreatic Duct, Via Natural or Artificial Opening Endoscopic",pancreatic_endoscopic_intervention,exclude,Pancreatic-duct intervention is not biliary decompression
2020,ICD-10-PCS,0F5F8ZZ,0F5F8ZZ,"Destruction of Accessory Pancreatic Duct, Via Natural or Artificial Opening Endoscopic",pancreatic_endoscopic_intervention,exclude,Pancreatic-duct intervention is not biliary decompression
2020,ICD-10-PCS,0F758DZ,0F758DZ,"Dilation of Right Hepatic Duct with Intraluminal Device, Via Natural or Artificial Opening Endoscopic",therapeutic_biliary_ercp_core,include_primary,Endoscopic therapeutic intervention on ampulla or biliary duct; pancreatic targets excluded
2020,ICD-10-PCS,0F758DZ,0F758DZ,"Dilation of Right Hepatic Duct with Intraluminal Device, Via Natural or Artificial Opening Endoscopic",therapeutic_biliary_ercp_extended,include_sensitivity,"Core ERCP plus uncommon fragmentation, destruction, release, or generic intraluminal-device insertion"
2020,ICD-10-PCS,0F758ZZ,0F758ZZ,"Dilation of Right Hepatic Duct, Via Natural or Artificial Opening Endoscopic",therapeutic_biliary_ercp_core,include_primary,Endoscopic therapeutic intervention on ampulla or biliary duct; pancreatic targets excluded
2020,ICD-10-PCS,0F758ZZ,0F758ZZ,"Dilation of Right Hepatic Duct, Via Natural or Artificial Opening Endoscopic",therapeutic_biliary_ercp_extended,include_sensitivity,"Core ERCP plus uncommon fragmentation, destruction, release, or generic intraluminal-device insertion"
2020,ICD-10-PCS,0F768DZ,0F768DZ,"Dilation of Left Hepatic Duct with Intraluminal Device, Via Natural or Artificial Opening Endoscopic",therapeutic_biliary_ercp_core,include_primary,Endoscopic therapeutic intervention on ampulla or biliary duct; pancreatic targets excluded
2020,ICD-10-PCS,0F768DZ,0F768DZ,"Dilation of Left Hepatic Duct with Intraluminal Device, Via Natural or Artificial Opening Endoscopic",therapeutic_biliary_ercp_extended,include_sensitivity,"Core ERCP plus uncommon fragmentation, destruction, release, or generic intraluminal-device insertion"
2020,ICD-10-PCS,0F768ZZ,0F768ZZ,"Dilation of Left Hepatic Duct, Via Natural or Artificial Opening Endoscopic",therapeutic_biliary_ercp_core,include_primary,Endoscopic therapeutic intervention on ampulla or biliary duct; pancreatic targets excluded
2020,ICD-10-PCS,0F768ZZ,0F768ZZ,"Dilation of Left Hepatic Duct, Via Natural or Artificial Opening Endoscopic",therapeutic_biliary_ercp_extended,include_sensitivity,"Core ERCP plus uncommon fragmentation, destruction, release, or generic intraluminal-device insertion"
2020,ICD-10-PCS,0F778DZ,0F778DZ,"Dilation of Common Hepatic Duct with Intraluminal Device, Via Natural or Artificial Opening Endoscopic",therapeutic_biliary_ercp_core,include_primary,Endoscopic therapeutic intervention on ampulla or biliary duct; pancreatic targets excluded
2020,ICD-10-PCS,0F778DZ,0F778DZ,"Dilation of Common Hepatic Duct with Intraluminal Device, Via Natural or Artificial Opening Endoscopic",therapeutic_biliary_ercp_extended,include_sensitivity,"Core ERCP plus uncommon fragmentation, destruction, release, or generic intraluminal-device insertion"
2020,ICD-10-PCS,0F778ZZ,0F778ZZ,"Dilation of Common Hepatic Duct, Via Natural or Artificial Opening Endoscopic",therapeutic_biliary_ercp_core,include_primary,Endoscopic therapeutic intervention on ampulla or biliary duct; pancreatic targets excluded
2020,ICD-10-PCS,0F778ZZ,0F778ZZ,"Dilation of Common Hepatic Duct, Via Natural or Artificial Opening Endoscopic",therapeutic_biliary_ercp_extended,include_sensitivity,"Core ERCP plus uncommon fragmentation, destruction, release, or generic intraluminal-device insertion"
2020,ICD-10-PCS,0F788DZ,0F788DZ,"Dilation of Cystic Duct with Intraluminal Device, Via Natural or Artificial Opening Endoscopic",therapeutic_biliary_ercp_core,include_primary,Endoscopic therapeutic intervention on ampulla or biliary duct; pancreatic targets excluded
2020,ICD-10-PCS,0F788DZ,0F788DZ,"Dilation of Cystic Duct with Intraluminal Device, Via Natural or Artificial Opening Endoscopic",therapeutic_biliary_ercp_extended,include_sensitivity,"Core ERCP plus uncommon fragmentation, destruction, release, or generic intraluminal-device insertion"
2020,ICD-10-PCS,0F788ZZ,0F788ZZ,"Dilation of Cystic Duct, Via Natural or Artificial Opening Endoscopic",therapeutic_biliary_ercp_core,include_primary,Endoscopic therapeutic intervention on ampulla or biliary duct; pancreatic targets excluded
2020,ICD-10-PCS,0F788ZZ,0F788ZZ,"Dilation of Cystic Duct, Via Natural or Artificial Opening Endoscopic",therapeutic_biliary_ercp_extended,include_sensitivity,"Core ERCP plus uncommon fragmentation, destruction, release, or generic intraluminal-device insertion"
2020,ICD-10-PCS,0F798DZ,0F798DZ,"Dilation of Common Bile Duct with Intraluminal Device, Via Natural or Artificial Opening Endoscopic",therapeutic_biliary_ercp_core,include_primary,Endoscopic therapeutic intervention on ampulla or biliary duct; pancreatic targets excluded
2020,ICD-10-PCS,0F798DZ,0F798DZ,"Dilation of Common Bile Duct with Intraluminal Device, Via Natural or Artificial Opening Endoscopic",therapeutic_biliary_ercp_extended,include_sensitivity,"Core ERCP plus uncommon fragmentation, destruction, release, or generic intraluminal-device insertion"
2020,ICD-10-PCS,0F798ZZ,0F798ZZ,"Dilation of Common Bile Duct, Via Natural or Artificial Opening Endoscopic",therapeutic_biliary_ercp_core,include_primary,Endoscopic therapeutic intervention on ampulla or biliary duct; pancreatic targets excluded
2020,ICD-10-PCS,0F798ZZ,0F798ZZ,"Dilation of Common Bile Duct, Via Natural or Artificial Opening Endoscopic",therapeutic_biliary_ercp_extended,include_sensitivity,"Core ERCP plus uncommon fragmentation, destruction, release, or generic intraluminal-device insertion"
2020,ICD-10-PCS,0F7C8DZ,0F7C8DZ,"Dilation of Ampulla of Vater with Intraluminal Device, Via Natural or Artificial Opening Endoscopic",therapeutic_biliary_ercp_core,include_primary,Endoscopic therapeutic intervention on ampulla or biliary duct; pancreatic targets excluded
2020,ICD-10-PCS,0F7C8DZ,0F7C8DZ,"Dilation of Ampulla of Vater with Intraluminal Device, Via Natural or Artificial Opening Endoscopic",therapeutic_biliary_ercp_extended,include_sensitivity,"Core ERCP plus uncommon fragmentation, destruction, release, or generic intraluminal-device insertion"
2020,ICD-10-PCS,0F7C8ZZ,0F7C8ZZ,"Dilation of Ampulla of Vater, Via Natural or Artificial Opening Endoscopic",therapeutic_biliary_ercp_core,include_primary,Endoscopic therapeutic intervention on ampulla or biliary duct; pancreatic targets excluded
2020,ICD-10-PCS,0F7C8ZZ,0F7C8ZZ,"Dilation of Ampulla of Vater, Via Natural or Artificial Opening Endoscopic",therapeutic_biliary_ercp_extended,include_sensitivity,"Core ERCP plus uncommon fragmentation, destruction, release, or generic intraluminal-device insertion"
2020,ICD-10-PCS,0F7D8DZ,0F7D8DZ,"Dilation of Pancreatic Duct with Intraluminal Device, Via Natural or Artificial Opening Endoscopic",pancreatic_endoscopic_intervention,exclude,Pancreatic-duct intervention is not biliary decompression
2020,ICD-10-PCS,0F7D8ZZ,0F7D8ZZ,"Dilation of Pancreatic Duct, Via Natural or Artificial Opening Endoscopic",pancreatic_endoscopic_intervention,exclude,Pancreatic-duct intervention is not biliary decompression
2020,ICD-10-PCS,0F7F8DZ,0F7F8DZ,"Dilation of Accessory Pancreatic Duct with Intraluminal Device, Via Natural or Artificial Opening Endoscopic",pancreatic_endoscopic_intervention,exclude,Pancreatic-duct intervention is not biliary decompression
2020,ICD-10-PCS,0F7F8ZZ,0F7F8ZZ,"Dilation of Accessory Pancreatic Duct, Via Natural or Artificial Opening Endoscopic",pancreatic_endoscopic_intervention,exclude,Pancreatic-duct intervention is not biliary decompression
2020,ICD-10-PCS,0F9580Z,0F9580Z,"Drainage of Right Hepatic Duct with Drainage Device, Via Natural or Artificial Opening Endoscopic",therapeutic_biliary_ercp_core,include_primary,Endoscopic therapeutic intervention on ampulla or biliary duct; pancreatic targets excluded
2020,ICD-10-PCS,0F9580Z,0F9580Z,"Drainage of Right Hepatic Duct with Drainage Device, Via Natural or Artificial Opening Endoscopic",therapeutic_biliary_ercp_extended,include_sensitivity,"Core ERCP plus uncommon fragmentation, destruction, release, or generic intraluminal-device insertion"
2020,ICD-10-PCS,0F958ZZ,0F958ZZ,"Drainage of Right Hepatic Duct, Via Natural or Artificial Opening Endoscopic",therapeutic_biliary_ercp_core,include_primary,Endoscopic therapeutic intervention on ampulla or biliary duct; pancreatic targets excluded
2020,ICD-10-PCS,0F958ZZ,0F958ZZ,"Drainage of Right Hepatic Duct, Via Natural or Artificial Opening Endoscopic",therapeutic_biliary_ercp_extended,include_sensitivity,"Core ERCP plus uncommon fragmentation, destruction, release, or generic intraluminal-device insertion"
2020,ICD-10-PCS,0F9680Z,0F9680Z,"Drainage of Left Hepatic Duct with Drainage Device, Via Natural or Artificial Opening Endoscopic",therapeutic_biliary_ercp_core,include_primary,Endoscopic therapeutic intervention on ampulla or biliary duct; pancreatic targets excluded
2020,ICD-10-PCS,0F9680Z,0F9680Z,"Drainage of Left Hepatic Duct with Drainage Device, Via Natural or Artificial Opening Endoscopic",therapeutic_biliary_ercp_extended,include_sensitivity,"Core ERCP plus uncommon fragmentation, destruction, release, or generic intraluminal-device insertion"
2020,ICD-10-PCS,0F968ZZ,0F968ZZ,"Drainage of Left Hepatic Duct, Via Natural or Artificial Opening Endoscopic",therapeutic_biliary_ercp_core,include_primary,Endoscopic therapeutic intervention on ampulla or biliary duct; pancreatic targets excluded
2020,ICD-10-PCS,0F968ZZ,0F968ZZ,"Drainage of Left Hepatic Duct, Via Natural or Artificial Opening Endoscopic",therapeutic_biliary_ercp_extended,include_sensitivity,"Core ERCP plus uncommon fragmentation, destruction, release, or generic intraluminal-device insertion"
2020,ICD-10-PCS,0F9780Z,0F9780Z,"Drainage of Common Hepatic Duct with Drainage Device, Via Natural or Artificial Opening Endoscopic",therapeutic_biliary_ercp_core,include_primary,Endoscopic therapeutic intervention on ampulla or biliary duct; pancreatic targets excluded
2020,ICD-10-PCS,0F9780Z,0F9780Z,"Drainage of Common Hepatic Duct with Drainage Device, Via Natural or Artificial Opening Endoscopic",therapeutic_biliary_ercp_extended,include_sensitivity,"Core ERCP plus uncommon fragmentation, destruction, release, or generic intraluminal-device insertion"
2020,ICD-10-PCS,0F978ZZ,0F978ZZ,"Drainage of Common Hepatic Duct, Via Natural or Artificial Opening Endoscopic",therapeutic_biliary_ercp_core,include_primary,Endoscopic therapeutic intervention on ampulla or biliary duct; pancreatic targets excluded
2020,ICD-10-PCS,0F978ZZ,0F978ZZ,"Drainage of Common Hepatic Duct, Via Natural or Artificial Opening Endoscopic",therapeutic_biliary_ercp_extended,include_sensitivity,"Core ERCP plus uncommon fragmentation, destruction, release, or generic intraluminal-device insertion"
2020,ICD-10-PCS,0F9880Z,0F9880Z,"Drainage of Cystic Duct with Drainage Device, Via Natural or Artificial Opening Endoscopic",therapeutic_biliary_ercp_core,include_primary,Endoscopic therapeutic intervention on ampulla or biliary duct; pancreatic targets excluded
2020,ICD-10-PCS,0F9880Z,0F9880Z,"Drainage of Cystic Duct with Drainage Device, Via Natural or Artificial Opening Endoscopic",therapeutic_biliary_ercp_extended,include_sensitivity,"Core ERCP plus uncommon fragmentation, destruction, release, or generic intraluminal-device insertion"
2020,ICD-10-PCS,0F988ZZ,0F988ZZ,"Drainage of Cystic Duct, Via Natural or Artificial Opening Endoscopic",therapeutic_biliary_ercp_core,include_primary,Endoscopic therapeutic intervention on ampulla or biliary duct; pancreatic targets excluded
2020,ICD-10-PCS,0F988ZZ,0F988ZZ,"Drainage of Cystic Duct, Via Natural or Artificial Opening Endoscopic",therapeutic_biliary_ercp_extended,include_sensitivity,"Core ERCP plus uncommon fragmentation, destruction, release, or generic intraluminal-device insertion"
2020,ICD-10-PCS,0F9980Z,0F9980Z,"Drainage of Common Bile Duct with Drainage Device, Via Natural or Artificial Opening Endoscopic",therapeutic_biliary_ercp_core,include_primary,Endoscopic therapeutic intervention on ampulla or biliary duct; pancreatic targets excluded
2020,ICD-10-PCS,0F9980Z,0F9980Z,"Drainage of Common Bile Duct with Drainage Device, Via Natural or Artificial Opening Endoscopic",therapeutic_biliary_ercp_extended,include_sensitivity,"Core ERCP plus uncommon fragmentation, destruction, release, or generic intraluminal-device insertion"
2020,ICD-10-PCS,0F998ZZ,0F998ZZ,"Drainage of Common Bile Duct, Via Natural or Artificial Opening Endoscopic",therapeutic_biliary_ercp_core,include_primary,Endoscopic therapeutic intervention on ampulla or biliary duct; pancreatic targets excluded
2020,ICD-10-PCS,0F998ZZ,0F998ZZ,"Drainage of Common Bile Duct, Via Natural or Artificial Opening Endoscopic",therapeutic_biliary_ercp_extended,include_sensitivity,"Core ERCP plus uncommon fragmentation, destruction, release, or generic intraluminal-device insertion"
2020,ICD-10-PCS,0F9C80Z,0F9C80Z,"Drainage of Ampulla of Vater with Drainage Device, Via Natural or Artificial Opening Endoscopic",therapeutic_biliary_ercp_core,include_primary,Endoscopic therapeutic intervention on ampulla or biliary duct; pancreatic targets excluded
2020,ICD-10-PCS,0F9C80Z,0F9C80Z,"Drainage of Ampulla of Vater with Drainage Device, Via Natural or Artificial Opening Endoscopic",therapeutic_biliary_ercp_extended,include_sensitivity,"Core ERCP plus uncommon fragmentation, destruction, release, or generic intraluminal-device insertion"
2020,ICD-10-PCS,0F9C8ZZ,0F9C8ZZ,"Drainage of Ampulla of Vater, Via Natural or Artificial Opening Endoscopic",therapeutic_biliary_ercp_core,include_primary,Endoscopic therapeutic intervention on ampulla or biliary duct; pancreatic targets excluded
2020,ICD-10-PCS,0F9C8ZZ,0F9C8ZZ,"Drainage of Ampulla of Vater, Via Natural or Artificial Opening Endoscopic",therapeutic_biliary_ercp_extended,include_sensitivity,"Core ERCP plus uncommon fragmentation, destruction, release, or generic intraluminal-device insertion"
2020,ICD-10-PCS,0F9D80Z,0F9D80Z,"Drainage of Pancreatic Duct with Drainage Device, Via Natural or Artificial Opening Endoscopic",pancreatic_endoscopic_intervention,exclude,Pancreatic-duct intervention is not biliary decompression
2020,ICD-10-PCS,0F9D8ZX,0F9D8ZX,"Drainage of Pancreatic Duct, Via Natural or Artificial Opening Endoscopic, Diagnostic",pancreatic_endoscopic_intervention,exclude,Pancreatic-duct intervention is not biliary decompression
2020,ICD-10-PCS,0F9D8ZZ,0F9D8ZZ,"Drainage of Pancreatic Duct, Via Natural or Artificial Opening Endoscopic",pancreatic_endoscopic_intervention,exclude,Pancreatic-duct intervention is not biliary decompression
2020,ICD-10-PCS,0F9F80Z,0F9F80Z,"Drainage of Accessory Pancreatic Duct with Drainage Device, Via Natural or Artificial Opening Endoscopic",pancreatic_endoscopic_intervention,exclude,Pancreatic-duct intervention is not biliary decompression
2020,ICD-10-PCS,0F9F8ZX,0F9F8ZX,"Drainage of Accessory Pancreatic Duct, Via Natural or Artificial Opening Endoscopic, Diagnostic",pancreatic_endoscopic_intervention,exclude,Pancreatic-duct intervention is not biliary decompression
2020,ICD-10-PCS,0F9F8ZZ,0F9F8ZZ,"Drainage of Accessory Pancreatic Duct, Via Natural or Artificial Opening Endoscopic",pancreatic_endoscopic_intervention,exclude,Pancreatic-duct intervention is not biliary decompression
2020,ICD-10-PCS,0FB40ZZ,0FB40ZZ,"Excision of Gallbladder, Open Approach",cholecystectomy_partial,include_sensitivity,"Gallbladder excision denotes partial/subtotal removal, not complete resection"
2020,ICD-10-PCS,0FB44ZZ,0FB44ZZ,"Excision of Gallbladder, Percutaneous Endoscopic Approach",cholecystectomy_partial,include_sensitivity,"Gallbladder excision denotes partial/subtotal removal, not complete resection"
2020,ICD-10-PCS,0FC58ZZ,0FC58ZZ,"Extirpation of Matter from Right Hepatic Duct, Via Natural or Artificial Opening Endoscopic",therapeutic_biliary_ercp_core,include_primary,Endoscopic therapeutic intervention on ampulla or biliary duct; pancreatic targets excluded
2020,ICD-10-PCS,0FC58ZZ,0FC58ZZ,"Extirpation of Matter from Right Hepatic Duct, Via Natural or Artificial Opening Endoscopic",therapeutic_biliary_ercp_extended,include_sensitivity,"Core ERCP plus uncommon fragmentation, destruction, release, or generic intraluminal-device insertion"
2020,ICD-10-PCS,0FC68ZZ,0FC68ZZ,"Extirpation of Matter from Left Hepatic Duct, Via Natural or Artificial Opening Endoscopic",therapeutic_biliary_ercp_core,include_primary,Endoscopic therapeutic intervention on ampulla or biliary duct; pancreatic targets excluded
2020,ICD-10-PCS,0FC68ZZ,0FC68ZZ,"Extirpation of Matter from Left Hepatic Duct, Via Natural or Artificial Opening Endoscopic",therapeutic_biliary_ercp_extended,include_sensitivity,"Core ERCP plus uncommon fragmentation, destruction, release, or generic intraluminal-device insertion"
2020,ICD-10-PCS,0FC78ZZ,0FC78ZZ,"Extirpation of Matter from Common Hepatic Duct, Via Natural or Artificial Opening Endoscopic",therapeutic_biliary_ercp_core,include_primary,Endoscopic therapeutic intervention on ampulla or biliary duct; pancreatic targets excluded
2020,ICD-10-PCS,0FC78ZZ,0FC78ZZ,"Extirpation of Matter from Common Hepatic Duct, Via Natural or Artificial Opening Endoscopic",therapeutic_biliary_ercp_extended,include_sensitivity,"Core ERCP plus uncommon fragmentation, destruction, release, or generic intraluminal-device insertion"
2020,ICD-10-PCS,0FC88ZZ,0FC88ZZ,"Extirpation of Matter from Cystic Duct, Via Natural or Artificial Opening Endoscopic",therapeutic_biliary_ercp_core,include_primary,Endoscopic therapeutic intervention on ampulla or biliary duct; pancreatic targets excluded
2020,ICD-10-PCS,0FC88ZZ,0FC88ZZ,"Extirpation of Matter from Cystic Duct, Via Natural or Artificial Opening Endoscopic",therapeutic_biliary_ercp_extended,include_sensitivity,"Core ERCP plus uncommon fragmentation, destruction, release, or generic intraluminal-device insertion"
2020,ICD-10-PCS,0FC98ZZ,0FC98ZZ,"Extirpation of Matter from Common Bile Duct, Via Natural or Artificial Opening Endoscopic",therapeutic_biliary_ercp_core,include_primary,Endoscopic therapeutic intervention on ampulla or biliary duct; pancreatic targets excluded
2020,ICD-10-PCS,0FC98ZZ,0FC98ZZ,"Extirpation of Matter from Common Bile Duct, Via Natural or Artificial Opening Endoscopic",therapeutic_biliary_ercp_extended,include_sensitivity,"Core ERCP plus uncommon fragmentation, destruction, release, or generic intraluminal-device insertion"
2020,ICD-10-PCS,0FCC8ZZ,0FCC8ZZ,"Extirpation of Matter from Ampulla of Vater, Via Natural or Artificial Opening Endoscopic",therapeutic_biliary_ercp_core,include_primary,Endoscopic therapeutic intervention on ampulla or biliary duct; pancreatic targets excluded
2020,ICD-10-PCS,0FCC8ZZ,0FCC8ZZ,"Extirpation of Matter from Ampulla of Vater, Via Natural or Artificial Opening Endoscopic",therapeutic_biliary_ercp_extended,include_sensitivity,"Core ERCP plus uncommon fragmentation, destruction, release, or generic intraluminal-device insertion"
2020,ICD-10-PCS,0FCD8ZZ,0FCD8ZZ,"Extirpation of Matter from Pancreatic Duct, Via Natural or Artificial Opening Endoscopic",pancreatic_endoscopic_intervention,exclude,Pancreatic-duct intervention is not biliary decompression
2020,ICD-10-PCS,0FCF8ZZ,0FCF8ZZ,"Extirpation of Matter from Accessory Pancreatic Duct, Via Natural or Artificial Opening Endoscopic",pancreatic_endoscopic_intervention,exclude,Pancreatic-duct intervention is not biliary decompression
2020,ICD-10-PCS,0FF58ZZ,0FF58ZZ,"Fragmentation in Right Hepatic Duct, Via Natural or Artificial Opening Endoscopic",therapeutic_biliary_ercp_extended,include_sensitivity,"Core ERCP plus uncommon fragmentation, destruction, release, or generic intraluminal-device insertion"
2020,ICD-10-PCS,0FF68ZZ,0FF68ZZ,"Fragmentation in Left Hepatic Duct, Via Natural or Artificial Opening Endoscopic",therapeutic_biliary_ercp_extended,include_sensitivity,"Core ERCP plus uncommon fragmentation, destruction, release, or generic intraluminal-device insertion"
2020,ICD-10-PCS,0FF78ZZ,0FF78ZZ,"Fragmentation in Common Hepatic Duct, Via Natural or Artificial Opening Endoscopic",therapeutic_biliary_ercp_extended,include_sensitivity,"Core ERCP plus uncommon fragmentation, destruction, release, or generic intraluminal-device insertion"
2020,ICD-10-PCS,0FF88ZZ,0FF88ZZ,"Fragmentation in Cystic Duct, Via Natural or Artificial Opening Endoscopic",therapeutic_biliary_ercp_extended,include_sensitivity,"Core ERCP plus uncommon fragmentation, destruction, release, or generic intraluminal-device insertion"
2020,ICD-10-PCS,0FF98ZZ,0FF98ZZ,"Fragmentation in Common Bile Duct, Via Natural or Artificial Opening Endoscopic",therapeutic_biliary_ercp_extended,include_sensitivity,"Core ERCP plus uncommon fragmentation, destruction, release, or generic intraluminal-device insertion"
2020,ICD-10-PCS,0FFC8ZZ,0FFC8ZZ,"Fragmentation in Ampulla of Vater, Via Natural or Artificial Opening Endoscopic",therapeutic_biliary_ercp_extended,include_sensitivity,"Core ERCP plus uncommon fragmentation, destruction, release, or generic intraluminal-device insertion"
2020,ICD-10-PCS,0FFD8ZZ,0FFD8ZZ,"Fragmentation in Pancreatic Duct, Via Natural or Artificial Opening Endoscopic",pancreatic_endoscopic_intervention,exclude,Pancreatic-duct intervention is not biliary decompression
2020,ICD-10-PCS,0FFF8ZZ,0FFF8ZZ,"Fragmentation in Accessory Pancreatic Duct, Via Natural or Artificial Opening Endoscopic",pancreatic_endoscopic_intervention,exclude,Pancreatic-duct intervention is not biliary decompression
2020,ICD-10-PCS,0FHB8DZ,0FHB8DZ,"Insertion of Intraluminal Device into Hepatobiliary Duct, Via Natural or Artificial Opening Endoscopic",therapeutic_biliary_ercp_extended,include_sensitivity,"Core ERCP plus uncommon fragmentation, destruction, release, or generic intraluminal-device insertion"
2020,ICD-10-PCS,0FHD8DZ,0FHD8DZ,"Insertion of Intraluminal Device into Pancreatic Duct, Via Natural or Artificial Opening Endoscopic",pancreatic_endoscopic_intervention,exclude,Pancreatic-duct intervention is not biliary decompression
2020,ICD-10-PCS,0FJB8ZZ,0FJB8ZZ,"Inspection of Hepatobiliary Duct, Via Natural or Artificial Opening Endoscopic",diagnostic_ercp,exclude,"Inspection alone is diagnostic, not therapeutic decompression"
2020,ICD-10-PCS,0FN58ZZ,0FN58ZZ,"Release Right Hepatic Duct, Via Natural or Artificial Opening Endoscopic",therapeutic_biliary_ercp_extended,include_sensitivity,"Core ERCP plus uncommon fragmentation, destruction, release, or generic intraluminal-device insertion"
2020,ICD-10-PCS,0FN68ZZ,0FN68ZZ,"Release Left Hepatic Duct, Via Natural or Artificial Opening Endoscopic",therapeutic_biliary_ercp_extended,include_sensitivity,"Core ERCP plus uncommon fragmentation, destruction, release, or generic intraluminal-device insertion"
2020,ICD-10-PCS,0FN78ZZ,0FN78ZZ,"Release Common Hepatic Duct, Via Natural or Artificial Opening Endoscopic",therapeutic_biliary_ercp_extended,include_sensitivity,"Core ERCP plus uncommon fragmentation, destruction, release, or generic intraluminal-device insertion"
2020,ICD-10-PCS,0FN88ZZ,0FN88ZZ,"Release Cystic Duct, Via Natural or Artificial Opening Endoscopic",therapeutic_biliary_ercp_extended,include_sensitivity,"Core ERCP plus uncommon fragmentation, destruction, release, or generic intraluminal-device insertion"
2020,ICD-10-PCS,0FN98ZZ,0FN98ZZ,"Release Common Bile Duct, Via Natural or Artificial Opening Endoscopic",therapeutic_biliary_ercp_extended,include_sensitivity,"Core ERCP plus uncommon fragmentation, destruction, release, or generic intraluminal-device insertion"
2020,ICD-10-PCS,0FNC8ZZ,0FNC8ZZ,"Release Ampulla of Vater, Via Natural or Artificial Opening Endoscopic",therapeutic_biliary_ercp_extended,include_sensitivity,"Core ERCP plus uncommon fragmentation, destruction, release, or generic intraluminal-device insertion"
2020,ICD-10-PCS,0FND8ZZ,0FND8ZZ,"Release Pancreatic Duct, Via Natural or Artificial Opening Endoscopic",pancreatic_endoscopic_intervention,exclude,Pancreatic-duct intervention is not biliary decompression
2020,ICD-10-PCS,0FNF8ZZ,0FNF8ZZ,"Release Accessory Pancreatic Duct, Via Natural or Artificial Opening Endoscopic",pancreatic_endoscopic_intervention,exclude,Pancreatic-duct intervention is not biliary decompression
2020,ICD-10-PCS,0FPB80Z,0FPB80Z,"Removal of Drainage Device from Hepatobiliary Duct, Via Natural or Artificial Opening Endoscopic",biliary_device_removal,include_sensitivity,May represent stent exchange/removal; insufficient alone for index decompression
2020,ICD-10-PCS,0FPB81Z,0FPB81Z,"Removal of Radioactive Element from Hepatobiliary Duct, Via Natural or Artificial Opening Endoscopic",biliary_device_removal,include_sensitivity,May represent stent exchange/removal; insufficient alone for index decompression
2020,ICD-10-PCS,0FPB82Z,0FPB82Z,"Removal of Monitoring Device from Hepatobiliary Duct, Via Natural or Artificial Opening Endoscopic",biliary_device_removal,include_sensitivity,May represent stent exchange/removal; insufficient alone for index decompression
2020,ICD-10-PCS,0FPB83Z,0FPB83Z,"Removal of Infusion Device from Hepatobiliary Duct, Via Natural or Artificial Opening Endoscopic",biliary_device_removal,include_sensitivity,May represent stent exchange/removal; insufficient alone for index decompression
2020,ICD-10-PCS,0FPB87Z,0FPB87Z,"Removal of Autologous Tissue Substitute from Hepatobiliary Duct, Via Natural or Artificial Opening Endoscopic",biliary_device_removal,include_sensitivity,May represent stent exchange/removal; insufficient alone for index decompression
2020,ICD-10-PCS,0FPB8CZ,0FPB8CZ,"Removal of Extraluminal Device from Hepatobiliary Duct, Via Natural or Artificial Opening Endoscopic",biliary_device_removal,include_sensitivity,May represent stent exchange/removal; insufficient alone for index decompression
2020,ICD-10-PCS,0FPB8DZ,0FPB8DZ,"Removal of Intraluminal Device from Hepatobiliary Duct, Via Natural or Artificial Opening Endoscopic",biliary_device_removal,include_sensitivity,May represent stent exchange/removal; insufficient alone for index decompression
2020,ICD-10-PCS,0FPB8JZ,0FPB8JZ,"Removal of Synthetic Substitute from Hepatobiliary Duct, Via Natural or Artificial Opening Endoscopic",biliary_device_removal,include_sensitivity,May represent stent exchange/removal; insufficient alone for index decompression
2020,ICD-10-PCS,0FPB8KZ,0FPB8KZ,"Removal of Nonautologous Tissue Substitute from Hepatobiliary Duct, Via Natural or Artificial Opening Endoscopic",biliary_device_removal,include_sensitivity,May represent stent exchange/removal; insufficient alone for index decompression
2020,ICD-10-PCS,0FPB8YZ,0FPB8YZ,"Removal of Other Device from Hepatobiliary Duct, Via Natural or Artificial Opening Endoscopic",biliary_device_removal,include_sensitivity,May represent stent exchange/removal; insufficient alone for index decompression
2020,ICD-10-PCS,0FT40ZZ,0FT40ZZ,"Resection of Gallbladder, Open Approach",cholecystectomy_complete,include_primary,Complete gallbladder resection by open or laparoscopic approach
2020,ICD-10-PCS,0FT44ZZ,0FT44ZZ,"Resection of Gallbladder, Percutaneous Endoscopic Approach",cholecystectomy_complete,include_primary,Complete gallbladder resection by open or laparoscopic approach
2021,ICD-10-CM,K80.00,K8000,Calculus of gallbladder with acute cholecystitis without obstruction,gallstone_evidence_broad,include_broad_component,Any billable cholelithiasis code; only combined with K83.09 in broad phenotype
2021,ICD-10-CM,K80.01,K8001,Calculus of gallbladder with acute cholecystitis with obstruction,gallstone_evidence_broad,include_broad_component,Any billable cholelithiasis code; only combined with K83.09 in broad phenotype
2021,ICD-10-CM,K80.10,K8010,Calculus of gallbladder with chronic cholecystitis without obstruction,gallstone_evidence_broad,include_broad_component,Any billable cholelithiasis code; only combined with K83.09 in broad phenotype
2021,ICD-10-CM,K80.11,K8011,Calculus of gallbladder with chronic cholecystitis with obstruction,gallstone_evidence_broad,include_broad_component,Any billable cholelithiasis code; only combined with K83.09 in broad phenotype
2021,ICD-10-CM,K80.12,K8012,Calculus of gallbladder with acute and chronic cholecystitis without obstruction,gallstone_evidence_broad,include_broad_component,Any billable cholelithiasis code; only combined with K83.09 in broad phenotype
2021,ICD-10-CM,K80.13,K8013,Calculus of gallbladder with acute and chronic cholecystitis with obstruction,gallstone_evidence_broad,include_broad_component,Any billable cholelithiasis code; only combined with K83.09 in broad phenotype
2021,ICD-10-CM,K80.18,K8018,Calculus of gallbladder with other cholecystitis without obstruction,gallstone_evidence_broad,include_broad_component,Any billable cholelithiasis code; only combined with K83.09 in broad phenotype
2021,ICD-10-CM,K80.19,K8019,Calculus of gallbladder with other cholecystitis with obstruction,gallstone_evidence_broad,include_broad_component,Any billable cholelithiasis code; only combined with K83.09 in broad phenotype
2021,ICD-10-CM,K80.20,K8020,Calculus of gallbladder without cholecystitis without obstruction,gallstone_evidence_broad,include_broad_component,Any billable cholelithiasis code; only combined with K83.09 in broad phenotype
2021,ICD-10-CM,K80.21,K8021,Calculus of gallbladder without cholecystitis with obstruction,gallstone_evidence_broad,include_broad_component,Any billable cholelithiasis code; only combined with K83.09 in broad phenotype
2021,ICD-10-CM,K80.30,K8030,"Calculus of bile duct with cholangitis, unspecified, without obstruction",cholangitis_unspecified_with_duct_stone,include_sensitivity,Bile-duct calculus with cholangitis of unspecified acuity
2021,ICD-10-CM,K80.30,K8030,"Calculus of bile duct with cholangitis, unspecified, without obstruction",gallstone_evidence_broad,include_broad_component,Any billable cholelithiasis code; only combined with K83.09 in broad phenotype
2021,ICD-10-CM,K80.31,K8031,"Calculus of bile duct with cholangitis, unspecified, with obstruction",cholangitis_unspecified_with_duct_stone,include_sensitivity,Bile-duct calculus with cholangitis of unspecified acuity
2021,ICD-10-CM,K80.31,K8031,"Calculus of bile duct with cholangitis, unspecified, with obstruction",gallstone_evidence_broad,include_broad_component,Any billable cholelithiasis code; only combined with K83.09 in broad phenotype
2021,ICD-10-CM,K80.32,K8032,Calculus of bile duct with acute cholangitis without obstruction,acute_cholangitis_strict,include_primary,Explicit bile-duct calculus with acute cholangitis
2021,ICD-10-CM,K80.32,K8032,Calculus of bile duct with acute cholangitis without obstruction,gallstone_evidence_broad,include_broad_component,Any billable cholelithiasis code; only combined with K83.09 in broad phenotype
2021,ICD-10-CM,K80.33,K8033,Calculus of bile duct with acute cholangitis with obstruction,acute_cholangitis_strict,include_primary,Explicit bile-duct calculus with acute cholangitis
2021,ICD-10-CM,K80.33,K8033,Calculus of bile duct with acute cholangitis with obstruction,gallstone_evidence_broad,include_broad_component,Any billable cholelithiasis code; only combined with K83.09 in broad phenotype
2021,ICD-10-CM,K80.34,K8034,Calculus of bile duct with chronic cholangitis without obstruction,gallstone_evidence_broad,include_broad_component,Any billable cholelithiasis code; only combined with K83.09 in broad phenotype
2021,ICD-10-CM,K80.35,K8035,Calculus of bile duct with chronic cholangitis with obstruction,gallstone_evidence_broad,include_broad_component,Any billable cholelithiasis code; only combined with K83.09 in broad phenotype
2021,ICD-10-CM,K80.36,K8036,Calculus of bile duct with acute and chronic cholangitis without obstruction,acute_cholangitis_strict,include_primary,Explicit bile-duct calculus with acute cholangitis
2021,ICD-10-CM,K80.36,K8036,Calculus of bile duct with acute and chronic cholangitis without obstruction,gallstone_evidence_broad,include_broad_component,Any billable cholelithiasis code; only combined with K83.09 in broad phenotype
2021,ICD-10-CM,K80.37,K8037,Calculus of bile duct with acute and chronic cholangitis with obstruction,acute_cholangitis_strict,include_primary,Explicit bile-duct calculus with acute cholangitis
2021,ICD-10-CM,K80.37,K8037,Calculus of bile duct with acute and chronic cholangitis with obstruction,gallstone_evidence_broad,include_broad_component,Any billable cholelithiasis code; only combined with K83.09 in broad phenotype
2021,ICD-10-CM,K80.40,K8040,"Calculus of bile duct with cholecystitis, unspecified, without obstruction",gallstone_evidence_broad,include_broad_component,Any billable cholelithiasis code; only combined with K83.09 in broad phenotype
2021,ICD-10-CM,K80.41,K8041,"Calculus of bile duct with cholecystitis, unspecified, with obstruction",gallstone_evidence_broad,include_broad_component,Any billable cholelithiasis code; only combined with K83.09 in broad phenotype
2021,ICD-10-CM,K80.42,K8042,Calculus of bile duct with acute cholecystitis without obstruction,gallstone_evidence_broad,include_broad_component,Any billable cholelithiasis code; only combined with K83.09 in broad phenotype
2021,ICD-10-CM,K80.43,K8043,Calculus of bile duct with acute cholecystitis with obstruction,gallstone_evidence_broad,include_broad_component,Any billable cholelithiasis code; only combined with K83.09 in broad phenotype
2021,ICD-10-CM,K80.44,K8044,Calculus of bile duct with chronic cholecystitis without obstruction,gallstone_evidence_broad,include_broad_component,Any billable cholelithiasis code; only combined with K83.09 in broad phenotype
2021,ICD-10-CM,K80.45,K8045,Calculus of bile duct with chronic cholecystitis with obstruction,gallstone_evidence_broad,include_broad_component,Any billable cholelithiasis code; only combined with K83.09 in broad phenotype
2021,ICD-10-CM,K80.46,K8046,Calculus of bile duct with acute and chronic cholecystitis without obstruction,gallstone_evidence_broad,include_broad_component,Any billable cholelithiasis code; only combined with K83.09 in broad phenotype
2021,ICD-10-CM,K80.47,K8047,Calculus of bile duct with acute and chronic cholecystitis with obstruction,gallstone_evidence_broad,include_broad_component,Any billable cholelithiasis code; only combined with K83.09 in broad phenotype
2021,ICD-10-CM,K80.50,K8050,Calculus of bile duct without cholangitis or cholecystitis without obstruction,gallstone_evidence_broad,include_broad_component,Any billable cholelithiasis code; only combined with K83.09 in broad phenotype
2021,ICD-10-CM,K80.51,K8051,Calculus of bile duct without cholangitis or cholecystitis with obstruction,gallstone_evidence_broad,include_broad_component,Any billable cholelithiasis code; only combined with K83.09 in broad phenotype
2021,ICD-10-CM,K80.60,K8060,"Calculus of gallbladder and bile duct with cholecystitis, unspecified, without obstruction",gallstone_evidence_broad,include_broad_component,Any billable cholelithiasis code; only combined with K83.09 in broad phenotype
2021,ICD-10-CM,K80.61,K8061,"Calculus of gallbladder and bile duct with cholecystitis, unspecified, with obstruction",gallstone_evidence_broad,include_broad_component,Any billable cholelithiasis code; only combined with K83.09 in broad phenotype
2021,ICD-10-CM,K80.62,K8062,Calculus of gallbladder and bile duct with acute cholecystitis without obstruction,gallstone_evidence_broad,include_broad_component,Any billable cholelithiasis code; only combined with K83.09 in broad phenotype
2021,ICD-10-CM,K80.63,K8063,Calculus of gallbladder and bile duct with acute cholecystitis with obstruction,gallstone_evidence_broad,include_broad_component,Any billable cholelithiasis code; only combined with K83.09 in broad phenotype
2021,ICD-10-CM,K80.64,K8064,Calculus of gallbladder and bile duct with chronic cholecystitis without obstruction,gallstone_evidence_broad,include_broad_component,Any billable cholelithiasis code; only combined with K83.09 in broad phenotype
2021,ICD-10-CM,K80.65,K8065,Calculus of gallbladder and bile duct with chronic cholecystitis with obstruction,gallstone_evidence_broad,include_broad_component,Any billable cholelithiasis code; only combined with K83.09 in broad phenotype
2021,ICD-10-CM,K80.66,K8066,Calculus of gallbladder and bile duct with acute and chronic cholecystitis without obstruction,gallstone_evidence_broad,include_broad_component,Any billable cholelithiasis code; only combined with K83.09 in broad phenotype
2021,ICD-10-CM,K80.67,K8067,Calculus of gallbladder and bile duct with acute and chronic cholecystitis with obstruction,gallstone_evidence_broad,include_broad_component,Any billable cholelithiasis code; only combined with K83.09 in broad phenotype
2021,ICD-10-CM,K80.70,K8070,Calculus of gallbladder and bile duct without cholecystitis without obstruction,gallstone_evidence_broad,include_broad_component,Any billable cholelithiasis code; only combined with K83.09 in broad phenotype
2021,ICD-10-CM,K80.71,K8071,Calculus of gallbladder and bile duct without cholecystitis with obstruction,gallstone_evidence_broad,include_broad_component,Any billable cholelithiasis code; only combined with K83.09 in broad phenotype
2021,ICD-10-CM,K83.01,K8301,Primary sclerosing cholangitis,primary_sclerosing_cholangitis,exclude,Primary sclerosing cholangitis is not acute cholangitis
2021,ICD-10-CM,K83.09,K8309,Other cholangitis,other_cholangitis,include_broad_component,Other cholangitis; requires a separate gallstone code for broad phenotype
2021,ICD-10-PCS,0F558ZZ,0F558ZZ,"Destruction of Right Hepatic Duct, Via Natural or Artificial Opening Endoscopic",therapeutic_biliary_ercp_extended,include_sensitivity,"Core ERCP plus uncommon fragmentation, destruction, release, or generic intraluminal-device insertion"
2021,ICD-10-PCS,0F568ZZ,0F568ZZ,"Destruction of Left Hepatic Duct, Via Natural or Artificial Opening Endoscopic",therapeutic_biliary_ercp_extended,include_sensitivity,"Core ERCP plus uncommon fragmentation, destruction, release, or generic intraluminal-device insertion"
2021,ICD-10-PCS,0F578ZZ,0F578ZZ,"Destruction of Common Hepatic Duct, Via Natural or Artificial Opening Endoscopic",therapeutic_biliary_ercp_extended,include_sensitivity,"Core ERCP plus uncommon fragmentation, destruction, release, or generic intraluminal-device insertion"
2021,ICD-10-PCS,0F588ZZ,0F588ZZ,"Destruction of Cystic Duct, Via Natural or Artificial Opening Endoscopic",therapeutic_biliary_ercp_extended,include_sensitivity,"Core ERCP plus uncommon fragmentation, destruction, release, or generic intraluminal-device insertion"
2021,ICD-10-PCS,0F598ZZ,0F598ZZ,"Destruction of Common Bile Duct, Via Natural or Artificial Opening Endoscopic",therapeutic_biliary_ercp_extended,include_sensitivity,"Core ERCP plus uncommon fragmentation, destruction, release, or generic intraluminal-device insertion"
2021,ICD-10-PCS,0F5C8ZZ,0F5C8ZZ,"Destruction of Ampulla of Vater, Via Natural or Artificial Opening Endoscopic",therapeutic_biliary_ercp_extended,include_sensitivity,"Core ERCP plus uncommon fragmentation, destruction, release, or generic intraluminal-device insertion"
2021,ICD-10-PCS,0F5D8ZZ,0F5D8ZZ,"Destruction of Pancreatic Duct, Via Natural or Artificial Opening Endoscopic",pancreatic_endoscopic_intervention,exclude,Pancreatic-duct intervention is not biliary decompression
2021,ICD-10-PCS,0F5F8ZZ,0F5F8ZZ,"Destruction of Accessory Pancreatic Duct, Via Natural or Artificial Opening Endoscopic",pancreatic_endoscopic_intervention,exclude,Pancreatic-duct intervention is not biliary decompression
2021,ICD-10-PCS,0F758DZ,0F758DZ,"Dilation of Right Hepatic Duct with Intraluminal Device, Via Natural or Artificial Opening Endoscopic",therapeutic_biliary_ercp_core,include_primary,Endoscopic therapeutic intervention on ampulla or biliary duct; pancreatic targets excluded
2021,ICD-10-PCS,0F758DZ,0F758DZ,"Dilation of Right Hepatic Duct with Intraluminal Device, Via Natural or Artificial Opening Endoscopic",therapeutic_biliary_ercp_extended,include_sensitivity,"Core ERCP plus uncommon fragmentation, destruction, release, or generic intraluminal-device insertion"
2021,ICD-10-PCS,0F758ZZ,0F758ZZ,"Dilation of Right Hepatic Duct, Via Natural or Artificial Opening Endoscopic",therapeutic_biliary_ercp_core,include_primary,Endoscopic therapeutic intervention on ampulla or biliary duct; pancreatic targets excluded
2021,ICD-10-PCS,0F758ZZ,0F758ZZ,"Dilation of Right Hepatic Duct, Via Natural or Artificial Opening Endoscopic",therapeutic_biliary_ercp_extended,include_sensitivity,"Core ERCP plus uncommon fragmentation, destruction, release, or generic intraluminal-device insertion"
2021,ICD-10-PCS,0F768DZ,0F768DZ,"Dilation of Left Hepatic Duct with Intraluminal Device, Via Natural or Artificial Opening Endoscopic",therapeutic_biliary_ercp_core,include_primary,Endoscopic therapeutic intervention on ampulla or biliary duct; pancreatic targets excluded
2021,ICD-10-PCS,0F768DZ,0F768DZ,"Dilation of Left Hepatic Duct with Intraluminal Device, Via Natural or Artificial Opening Endoscopic",therapeutic_biliary_ercp_extended,include_sensitivity,"Core ERCP plus uncommon fragmentation, destruction, release, or generic intraluminal-device insertion"
2021,ICD-10-PCS,0F768ZZ,0F768ZZ,"Dilation of Left Hepatic Duct, Via Natural or Artificial Opening Endoscopic",therapeutic_biliary_ercp_core,include_primary,Endoscopic therapeutic intervention on ampulla or biliary duct; pancreatic targets excluded
2021,ICD-10-PCS,0F768ZZ,0F768ZZ,"Dilation of Left Hepatic Duct, Via Natural or Artificial Opening Endoscopic",therapeutic_biliary_ercp_extended,include_sensitivity,"Core ERCP plus uncommon fragmentation, destruction, release, or generic intraluminal-device insertion"
2021,ICD-10-PCS,0F778DZ,0F778DZ,"Dilation of Common Hepatic Duct with Intraluminal Device, Via Natural or Artificial Opening Endoscopic",therapeutic_biliary_ercp_core,include_primary,Endoscopic therapeutic intervention on ampulla or biliary duct; pancreatic targets excluded
2021,ICD-10-PCS,0F778DZ,0F778DZ,"Dilation of Common Hepatic Duct with Intraluminal Device, Via Natural or Artificial Opening Endoscopic",therapeutic_biliary_ercp_extended,include_sensitivity,"Core ERCP plus uncommon fragmentation, destruction, release, or generic intraluminal-device insertion"
2021,ICD-10-PCS,0F778ZZ,0F778ZZ,"Dilation of Common Hepatic Duct, Via Natural or Artificial Opening Endoscopic",therapeutic_biliary_ercp_core,include_primary,Endoscopic therapeutic intervention on ampulla or biliary duct; pancreatic targets excluded
2021,ICD-10-PCS,0F778ZZ,0F778ZZ,"Dilation of Common Hepatic Duct, Via Natural or Artificial Opening Endoscopic",therapeutic_biliary_ercp_extended,include_sensitivity,"Core ERCP plus uncommon fragmentation, destruction, release, or generic intraluminal-device insertion"
2021,ICD-10-PCS,0F788DZ,0F788DZ,"Dilation of Cystic Duct with Intraluminal Device, Via Natural or Artificial Opening Endoscopic",therapeutic_biliary_ercp_core,include_primary,Endoscopic therapeutic intervention on ampulla or biliary duct; pancreatic targets excluded
2021,ICD-10-PCS,0F788DZ,0F788DZ,"Dilation of Cystic Duct with Intraluminal Device, Via Natural or Artificial Opening Endoscopic",therapeutic_biliary_ercp_extended,include_sensitivity,"Core ERCP plus uncommon fragmentation, destruction, release, or generic intraluminal-device insertion"
2021,ICD-10-PCS,0F788ZZ,0F788ZZ,"Dilation of Cystic Duct, Via Natural or Artificial Opening Endoscopic",therapeutic_biliary_ercp_core,include_primary,Endoscopic therapeutic intervention on ampulla or biliary duct; pancreatic targets excluded
2021,ICD-10-PCS,0F788ZZ,0F788ZZ,"Dilation of Cystic Duct, Via Natural or Artificial Opening Endoscopic",therapeutic_biliary_ercp_extended,include_sensitivity,"Core ERCP plus uncommon fragmentation, destruction, release, or generic intraluminal-device insertion"
2021,ICD-10-PCS,0F798DZ,0F798DZ,"Dilation of Common Bile Duct with Intraluminal Device, Via Natural or Artificial Opening Endoscopic",therapeutic_biliary_ercp_core,include_primary,Endoscopic therapeutic intervention on ampulla or biliary duct; pancreatic targets excluded
2021,ICD-10-PCS,0F798DZ,0F798DZ,"Dilation of Common Bile Duct with Intraluminal Device, Via Natural or Artificial Opening Endoscopic",therapeutic_biliary_ercp_extended,include_sensitivity,"Core ERCP plus uncommon fragmentation, destruction, release, or generic intraluminal-device insertion"
2021,ICD-10-PCS,0F798ZZ,0F798ZZ,"Dilation of Common Bile Duct, Via Natural or Artificial Opening Endoscopic",therapeutic_biliary_ercp_core,include_primary,Endoscopic therapeutic intervention on ampulla or biliary duct; pancreatic targets excluded
2021,ICD-10-PCS,0F798ZZ,0F798ZZ,"Dilation of Common Bile Duct, Via Natural or Artificial Opening Endoscopic",therapeutic_biliary_ercp_extended,include_sensitivity,"Core ERCP plus uncommon fragmentation, destruction, release, or generic intraluminal-device insertion"
2021,ICD-10-PCS,0F7C8DZ,0F7C8DZ,"Dilation of Ampulla of Vater with Intraluminal Device, Via Natural or Artificial Opening Endoscopic",therapeutic_biliary_ercp_core,include_primary,Endoscopic therapeutic intervention on ampulla or biliary duct; pancreatic targets excluded
2021,ICD-10-PCS,0F7C8DZ,0F7C8DZ,"Dilation of Ampulla of Vater with Intraluminal Device, Via Natural or Artificial Opening Endoscopic",therapeutic_biliary_ercp_extended,include_sensitivity,"Core ERCP plus uncommon fragmentation, destruction, release, or generic intraluminal-device insertion"
2021,ICD-10-PCS,0F7C8ZZ,0F7C8ZZ,"Dilation of Ampulla of Vater, Via Natural or Artificial Opening Endoscopic",therapeutic_biliary_ercp_core,include_primary,Endoscopic therapeutic intervention on ampulla or biliary duct; pancreatic targets excluded
2021,ICD-10-PCS,0F7C8ZZ,0F7C8ZZ,"Dilation of Ampulla of Vater, Via Natural or Artificial Opening Endoscopic",therapeutic_biliary_ercp_extended,include_sensitivity,"Core ERCP plus uncommon fragmentation, destruction, release, or generic intraluminal-device insertion"
2021,ICD-10-PCS,0F7D8DZ,0F7D8DZ,"Dilation of Pancreatic Duct with Intraluminal Device, Via Natural or Artificial Opening Endoscopic",pancreatic_endoscopic_intervention,exclude,Pancreatic-duct intervention is not biliary decompression
2021,ICD-10-PCS,0F7D8ZZ,0F7D8ZZ,"Dilation of Pancreatic Duct, Via Natural or Artificial Opening Endoscopic",pancreatic_endoscopic_intervention,exclude,Pancreatic-duct intervention is not biliary decompression
2021,ICD-10-PCS,0F7F8DZ,0F7F8DZ,"Dilation of Accessory Pancreatic Duct with Intraluminal Device, Via Natural or Artificial Opening Endoscopic",pancreatic_endoscopic_intervention,exclude,Pancreatic-duct intervention is not biliary decompression
2021,ICD-10-PCS,0F7F8ZZ,0F7F8ZZ,"Dilation of Accessory Pancreatic Duct, Via Natural or Artificial Opening Endoscopic",pancreatic_endoscopic_intervention,exclude,Pancreatic-duct intervention is not biliary decompression
2021,ICD-10-PCS,0F9580Z,0F9580Z,"Drainage of Right Hepatic Duct with Drainage Device, Via Natural or Artificial Opening Endoscopic",therapeutic_biliary_ercp_core,include_primary,Endoscopic therapeutic intervention on ampulla or biliary duct; pancreatic targets excluded
2021,ICD-10-PCS,0F9580Z,0F9580Z,"Drainage of Right Hepatic Duct with Drainage Device, Via Natural or Artificial Opening Endoscopic",therapeutic_biliary_ercp_extended,include_sensitivity,"Core ERCP plus uncommon fragmentation, destruction, release, or generic intraluminal-device insertion"
2021,ICD-10-PCS,0F958ZZ,0F958ZZ,"Drainage of Right Hepatic Duct, Via Natural or Artificial Opening Endoscopic",therapeutic_biliary_ercp_core,include_primary,Endoscopic therapeutic intervention on ampulla or biliary duct; pancreatic targets excluded
2021,ICD-10-PCS,0F958ZZ,0F958ZZ,"Drainage of Right Hepatic Duct, Via Natural or Artificial Opening Endoscopic",therapeutic_biliary_ercp_extended,include_sensitivity,"Core ERCP plus uncommon fragmentation, destruction, release, or generic intraluminal-device insertion"
2021,ICD-10-PCS,0F9680Z,0F9680Z,"Drainage of Left Hepatic Duct with Drainage Device, Via Natural or Artificial Opening Endoscopic",therapeutic_biliary_ercp_core,include_primary,Endoscopic therapeutic intervention on ampulla or biliary duct; pancreatic targets excluded
2021,ICD-10-PCS,0F9680Z,0F9680Z,"Drainage of Left Hepatic Duct with Drainage Device, Via Natural or Artificial Opening Endoscopic",therapeutic_biliary_ercp_extended,include_sensitivity,"Core ERCP plus uncommon fragmentation, destruction, release, or generic intraluminal-device insertion"
2021,ICD-10-PCS,0F968ZZ,0F968ZZ,"Drainage of Left Hepatic Duct, Via Natural or Artificial Opening Endoscopic",therapeutic_biliary_ercp_core,include_primary,Endoscopic therapeutic intervention on ampulla or biliary duct; pancreatic targets excluded
2021,ICD-10-PCS,0F968ZZ,0F968ZZ,"Drainage of Left Hepatic Duct, Via Natural or Artificial Opening Endoscopic",therapeutic_biliary_ercp_extended,include_sensitivity,"Core ERCP plus uncommon fragmentation, destruction, release, or generic intraluminal-device insertion"
2021,ICD-10-PCS,0F9780Z,0F9780Z,"Drainage of Common Hepatic Duct with Drainage Device, Via Natural or Artificial Opening Endoscopic",therapeutic_biliary_ercp_core,include_primary,Endoscopic therapeutic intervention on ampulla or biliary duct; pancreatic targets excluded
2021,ICD-10-PCS,0F9780Z,0F9780Z,"Drainage of Common Hepatic Duct with Drainage Device, Via Natural or Artificial Opening Endoscopic",therapeutic_biliary_ercp_extended,include_sensitivity,"Core ERCP plus uncommon fragmentation, destruction, release, or generic intraluminal-device insertion"
2021,ICD-10-PCS,0F978ZZ,0F978ZZ,"Drainage of Common Hepatic Duct, Via Natural or Artificial Opening Endoscopic",therapeutic_biliary_ercp_core,include_primary,Endoscopic therapeutic intervention on ampulla or biliary duct; pancreatic targets excluded
2021,ICD-10-PCS,0F978ZZ,0F978ZZ,"Drainage of Common Hepatic Duct, Via Natural or Artificial Opening Endoscopic",therapeutic_biliary_ercp_extended,include_sensitivity,"Core ERCP plus uncommon fragmentation, destruction, release, or generic intraluminal-device insertion"
2021,ICD-10-PCS,0F9880Z,0F9880Z,"Drainage of Cystic Duct with Drainage Device, Via Natural or Artificial Opening Endoscopic",therapeutic_biliary_ercp_core,include_primary,Endoscopic therapeutic intervention on ampulla or biliary duct; pancreatic targets excluded
2021,ICD-10-PCS,0F9880Z,0F9880Z,"Drainage of Cystic Duct with Drainage Device, Via Natural or Artificial Opening Endoscopic",therapeutic_biliary_ercp_extended,include_sensitivity,"Core ERCP plus uncommon fragmentation, destruction, release, or generic intraluminal-device insertion"
2021,ICD-10-PCS,0F988ZZ,0F988ZZ,"Drainage of Cystic Duct, Via Natural or Artificial Opening Endoscopic",therapeutic_biliary_ercp_core,include_primary,Endoscopic therapeutic intervention on ampulla or biliary duct; pancreatic targets excluded
2021,ICD-10-PCS,0F988ZZ,0F988ZZ,"Drainage of Cystic Duct, Via Natural or Artificial Opening Endoscopic",therapeutic_biliary_ercp_extended,include_sensitivity,"Core ERCP plus uncommon fragmentation, destruction, release, or generic intraluminal-device insertion"
2021,ICD-10-PCS,0F9980Z,0F9980Z,"Drainage of Common Bile Duct with Drainage Device, Via Natural or Artificial Opening Endoscopic",therapeutic_biliary_ercp_core,include_primary,Endoscopic therapeutic intervention on ampulla or biliary duct; pancreatic targets excluded
2021,ICD-10-PCS,0F9980Z,0F9980Z,"Drainage of Common Bile Duct with Drainage Device, Via Natural or Artificial Opening Endoscopic",therapeutic_biliary_ercp_extended,include_sensitivity,"Core ERCP plus uncommon fragmentation, destruction, release, or generic intraluminal-device insertion"
2021,ICD-10-PCS,0F998ZZ,0F998ZZ,"Drainage of Common Bile Duct, Via Natural or Artificial Opening Endoscopic",therapeutic_biliary_ercp_core,include_primary,Endoscopic therapeutic intervention on ampulla or biliary duct; pancreatic targets excluded
2021,ICD-10-PCS,0F998ZZ,0F998ZZ,"Drainage of Common Bile Duct, Via Natural or Artificial Opening Endoscopic",therapeutic_biliary_ercp_extended,include_sensitivity,"Core ERCP plus uncommon fragmentation, destruction, release, or generic intraluminal-device insertion"
2021,ICD-10-PCS,0F9C80Z,0F9C80Z,"Drainage of Ampulla of Vater with Drainage Device, Via Natural or Artificial Opening Endoscopic",therapeutic_biliary_ercp_core,include_primary,Endoscopic therapeutic intervention on ampulla or biliary duct; pancreatic targets excluded
2021,ICD-10-PCS,0F9C80Z,0F9C80Z,"Drainage of Ampulla of Vater with Drainage Device, Via Natural or Artificial Opening Endoscopic",therapeutic_biliary_ercp_extended,include_sensitivity,"Core ERCP plus uncommon fragmentation, destruction, release, or generic intraluminal-device insertion"
2021,ICD-10-PCS,0F9C8ZZ,0F9C8ZZ,"Drainage of Ampulla of Vater, Via Natural or Artificial Opening Endoscopic",therapeutic_biliary_ercp_core,include_primary,Endoscopic therapeutic intervention on ampulla or biliary duct; pancreatic targets excluded
2021,ICD-10-PCS,0F9C8ZZ,0F9C8ZZ,"Drainage of Ampulla of Vater, Via Natural or Artificial Opening Endoscopic",therapeutic_biliary_ercp_extended,include_sensitivity,"Core ERCP plus uncommon fragmentation, destruction, release, or generic intraluminal-device insertion"
2021,ICD-10-PCS,0F9D80Z,0F9D80Z,"Drainage of Pancreatic Duct with Drainage Device, Via Natural or Artificial Opening Endoscopic",pancreatic_endoscopic_intervention,exclude,Pancreatic-duct intervention is not biliary decompression
2021,ICD-10-PCS,0F9D8ZX,0F9D8ZX,"Drainage of Pancreatic Duct, Via Natural or Artificial Opening Endoscopic, Diagnostic",pancreatic_endoscopic_intervention,exclude,Pancreatic-duct intervention is not biliary decompression
2021,ICD-10-PCS,0F9D8ZZ,0F9D8ZZ,"Drainage of Pancreatic Duct, Via Natural or Artificial Opening Endoscopic",pancreatic_endoscopic_intervention,exclude,Pancreatic-duct intervention is not biliary decompression
2021,ICD-10-PCS,0F9F80Z,0F9F80Z,"Drainage of Accessory Pancreatic Duct with Drainage Device, Via Natural or Artificial Opening Endoscopic",pancreatic_endoscopic_intervention,exclude,Pancreatic-duct intervention is not biliary decompression
2021,ICD-10-PCS,0F9F8ZX,0F9F8ZX,"Drainage of Accessory Pancreatic Duct, Via Natural or Artificial Opening Endoscopic, Diagnostic",pancreatic_endoscopic_intervention,exclude,Pancreatic-duct intervention is not biliary decompression
2021,ICD-10-PCS,0F9F8ZZ,0F9F8ZZ,"Drainage of Accessory Pancreatic Duct, Via Natural or Artificial Opening Endoscopic",pancreatic_endoscopic_intervention,exclude,Pancreatic-duct intervention is not biliary decompression
2021,ICD-10-PCS,0FB40ZZ,0FB40ZZ,"Excision of Gallbladder, Open Approach",cholecystectomy_partial,include_sensitivity,"Gallbladder excision denotes partial/subtotal removal, not complete resection"
2021,ICD-10-PCS,0FB44ZZ,0FB44ZZ,"Excision of Gallbladder, Percutaneous Endoscopic Approach",cholecystectomy_partial,include_sensitivity,"Gallbladder excision denotes partial/subtotal removal, not complete resection"
2021,ICD-10-PCS,0FC58ZZ,0FC58ZZ,"Extirpation of Matter from Right Hepatic Duct, Via Natural or Artificial Opening Endoscopic",therapeutic_biliary_ercp_core,include_primary,Endoscopic therapeutic intervention on ampulla or biliary duct; pancreatic targets excluded
2021,ICD-10-PCS,0FC58ZZ,0FC58ZZ,"Extirpation of Matter from Right Hepatic Duct, Via Natural or Artificial Opening Endoscopic",therapeutic_biliary_ercp_extended,include_sensitivity,"Core ERCP plus uncommon fragmentation, destruction, release, or generic intraluminal-device insertion"
2021,ICD-10-PCS,0FC68ZZ,0FC68ZZ,"Extirpation of Matter from Left Hepatic Duct, Via Natural or Artificial Opening Endoscopic",therapeutic_biliary_ercp_core,include_primary,Endoscopic therapeutic intervention on ampulla or biliary duct; pancreatic targets excluded
2021,ICD-10-PCS,0FC68ZZ,0FC68ZZ,"Extirpation of Matter from Left Hepatic Duct, Via Natural or Artificial Opening Endoscopic",therapeutic_biliary_ercp_extended,include_sensitivity,"Core ERCP plus uncommon fragmentation, destruction, release, or generic intraluminal-device insertion"
2021,ICD-10-PCS,0FC78ZZ,0FC78ZZ,"Extirpation of Matter from Common Hepatic Duct, Via Natural or Artificial Opening Endoscopic",therapeutic_biliary_ercp_core,include_primary,Endoscopic therapeutic intervention on ampulla or biliary duct; pancreatic targets excluded
2021,ICD-10-PCS,0FC78ZZ,0FC78ZZ,"Extirpation of Matter from Common Hepatic Duct, Via Natural or Artificial Opening Endoscopic",therapeutic_biliary_ercp_extended,include_sensitivity,"Core ERCP plus uncommon fragmentation, destruction, release, or generic intraluminal-device insertion"
2021,ICD-10-PCS,0FC88ZZ,0FC88ZZ,"Extirpation of Matter from Cystic Duct, Via Natural or Artificial Opening Endoscopic",therapeutic_biliary_ercp_core,include_primary,Endoscopic therapeutic intervention on ampulla or biliary duct; pancreatic targets excluded
2021,ICD-10-PCS,0FC88ZZ,0FC88ZZ,"Extirpation of Matter from Cystic Duct, Via Natural or Artificial Opening Endoscopic",therapeutic_biliary_ercp_extended,include_sensitivity,"Core ERCP plus uncommon fragmentation, destruction, release, or generic intraluminal-device insertion"
2021,ICD-10-PCS,0FC98ZZ,0FC98ZZ,"Extirpation of Matter from Common Bile Duct, Via Natural or Artificial Opening Endoscopic",therapeutic_biliary_ercp_core,include_primary,Endoscopic therapeutic intervention on ampulla or biliary duct; pancreatic targets excluded
2021,ICD-10-PCS,0FC98ZZ,0FC98ZZ,"Extirpation of Matter from Common Bile Duct, Via Natural or Artificial Opening Endoscopic",therapeutic_biliary_ercp_extended,include_sensitivity,"Core ERCP plus uncommon fragmentation, destruction, release, or generic intraluminal-device insertion"
2021,ICD-10-PCS,0FCC8ZZ,0FCC8ZZ,"Extirpation of Matter from Ampulla of Vater, Via Natural or Artificial Opening Endoscopic",therapeutic_biliary_ercp_core,include_primary,Endoscopic therapeutic intervention on ampulla or biliary duct; pancreatic targets excluded
2021,ICD-10-PCS,0FCC8ZZ,0FCC8ZZ,"Extirpation of Matter from Ampulla of Vater, Via Natural or Artificial Opening Endoscopic",therapeutic_biliary_ercp_extended,include_sensitivity,"Core ERCP plus uncommon fragmentation, destruction, release, or generic intraluminal-device insertion"
2021,ICD-10-PCS,0FCD8ZZ,0FCD8ZZ,"Extirpation of Matter from Pancreatic Duct, Via Natural or Artificial Opening Endoscopic",pancreatic_endoscopic_intervention,exclude,Pancreatic-duct intervention is not biliary decompression
2021,ICD-10-PCS,0FCF8ZZ,0FCF8ZZ,"Extirpation of Matter from Accessory Pancreatic Duct, Via Natural or Artificial Opening Endoscopic",pancreatic_endoscopic_intervention,exclude,Pancreatic-duct intervention is not biliary decompression
2021,ICD-10-PCS,0FF58ZZ,0FF58ZZ,"Fragmentation in Right Hepatic Duct, Via Natural or Artificial Opening Endoscopic",therapeutic_biliary_ercp_extended,include_sensitivity,"Core ERCP plus uncommon fragmentation, destruction, release, or generic intraluminal-device insertion"
2021,ICD-10-PCS,0FF68ZZ,0FF68ZZ,"Fragmentation in Left Hepatic Duct, Via Natural or Artificial Opening Endoscopic",therapeutic_biliary_ercp_extended,include_sensitivity,"Core ERCP plus uncommon fragmentation, destruction, release, or generic intraluminal-device insertion"
2021,ICD-10-PCS,0FF78ZZ,0FF78ZZ,"Fragmentation in Common Hepatic Duct, Via Natural or Artificial Opening Endoscopic",therapeutic_biliary_ercp_extended,include_sensitivity,"Core ERCP plus uncommon fragmentation, destruction, release, or generic intraluminal-device insertion"
2021,ICD-10-PCS,0FF88ZZ,0FF88ZZ,"Fragmentation in Cystic Duct, Via Natural or Artificial Opening Endoscopic",therapeutic_biliary_ercp_extended,include_sensitivity,"Core ERCP plus uncommon fragmentation, destruction, release, or generic intraluminal-device insertion"
2021,ICD-10-PCS,0FF98ZZ,0FF98ZZ,"Fragmentation in Common Bile Duct, Via Natural or Artificial Opening Endoscopic",therapeutic_biliary_ercp_extended,include_sensitivity,"Core ERCP plus uncommon fragmentation, destruction, release, or generic intraluminal-device insertion"
2021,ICD-10-PCS,0FFC8ZZ,0FFC8ZZ,"Fragmentation in Ampulla of Vater, Via Natural or Artificial Opening Endoscopic",therapeutic_biliary_ercp_extended,include_sensitivity,"Core ERCP plus uncommon fragmentation, destruction, release, or generic intraluminal-device insertion"
2021,ICD-10-PCS,0FFD8ZZ,0FFD8ZZ,"Fragmentation in Pancreatic Duct, Via Natural or Artificial Opening Endoscopic",pancreatic_endoscopic_intervention,exclude,Pancreatic-duct intervention is not biliary decompression
2021,ICD-10-PCS,0FFF8ZZ,0FFF8ZZ,"Fragmentation in Accessory Pancreatic Duct, Via Natural or Artificial Opening Endoscopic",pancreatic_endoscopic_intervention,exclude,Pancreatic-duct intervention is not biliary decompression
2021,ICD-10-PCS,0FHB8DZ,0FHB8DZ,"Insertion of Intraluminal Device into Hepatobiliary Duct, Via Natural or Artificial Opening Endoscopic",therapeutic_biliary_ercp_extended,include_sensitivity,"Core ERCP plus uncommon fragmentation, destruction, release, or generic intraluminal-device insertion"
2021,ICD-10-PCS,0FHD8DZ,0FHD8DZ,"Insertion of Intraluminal Device into Pancreatic Duct, Via Natural or Artificial Opening Endoscopic",pancreatic_endoscopic_intervention,exclude,Pancreatic-duct intervention is not biliary decompression
2021,ICD-10-PCS,0FJB8ZZ,0FJB8ZZ,"Inspection of Hepatobiliary Duct, Via Natural or Artificial Opening Endoscopic",diagnostic_ercp,exclude,"Inspection alone is diagnostic, not therapeutic decompression"
2021,ICD-10-PCS,0FN58ZZ,0FN58ZZ,"Release Right Hepatic Duct, Via Natural or Artificial Opening Endoscopic",therapeutic_biliary_ercp_extended,include_sensitivity,"Core ERCP plus uncommon fragmentation, destruction, release, or generic intraluminal-device insertion"
2021,ICD-10-PCS,0FN68ZZ,0FN68ZZ,"Release Left Hepatic Duct, Via Natural or Artificial Opening Endoscopic",therapeutic_biliary_ercp_extended,include_sensitivity,"Core ERCP plus uncommon fragmentation, destruction, release, or generic intraluminal-device insertion"
2021,ICD-10-PCS,0FN78ZZ,0FN78ZZ,"Release Common Hepatic Duct, Via Natural or Artificial Opening Endoscopic",therapeutic_biliary_ercp_extended,include_sensitivity,"Core ERCP plus uncommon fragmentation, destruction, release, or generic intraluminal-device insertion"
2021,ICD-10-PCS,0FN88ZZ,0FN88ZZ,"Release Cystic Duct, Via Natural or Artificial Opening Endoscopic",therapeutic_biliary_ercp_extended,include_sensitivity,"Core ERCP plus uncommon fragmentation, destruction, release, or generic intraluminal-device insertion"
2021,ICD-10-PCS,0FN98ZZ,0FN98ZZ,"Release Common Bile Duct, Via Natural or Artificial Opening Endoscopic",therapeutic_biliary_ercp_extended,include_sensitivity,"Core ERCP plus uncommon fragmentation, destruction, release, or generic intraluminal-device insertion"
2021,ICD-10-PCS,0FNC8ZZ,0FNC8ZZ,"Release Ampulla of Vater, Via Natural or Artificial Opening Endoscopic",therapeutic_biliary_ercp_extended,include_sensitivity,"Core ERCP plus uncommon fragmentation, destruction, release, or generic intraluminal-device insertion"
2021,ICD-10-PCS,0FND8ZZ,0FND8ZZ,"Release Pancreatic Duct, Via Natural or Artificial Opening Endoscopic",pancreatic_endoscopic_intervention,exclude,Pancreatic-duct intervention is not biliary decompression
2021,ICD-10-PCS,0FNF8ZZ,0FNF8ZZ,"Release Accessory Pancreatic Duct, Via Natural or Artificial Opening Endoscopic",pancreatic_endoscopic_intervention,exclude,Pancreatic-duct intervention is not biliary decompression
2021,ICD-10-PCS,0FPB80Z,0FPB80Z,"Removal of Drainage Device from Hepatobiliary Duct, Via Natural or Artificial Opening Endoscopic",biliary_device_removal,include_sensitivity,May represent stent exchange/removal; insufficient alone for index decompression
2021,ICD-10-PCS,0FPB81Z,0FPB81Z,"Removal of Radioactive Element from Hepatobiliary Duct, Via Natural or Artificial Opening Endoscopic",biliary_device_removal,include_sensitivity,May represent stent exchange/removal; insufficient alone for index decompression
2021,ICD-10-PCS,0FPB82Z,0FPB82Z,"Removal of Monitoring Device from Hepatobiliary Duct, Via Natural or Artificial Opening Endoscopic",biliary_device_removal,include_sensitivity,May represent stent exchange/removal; insufficient alone for index decompression
2021,ICD-10-PCS,0FPB83Z,0FPB83Z,"Removal of Infusion Device from Hepatobiliary Duct, Via Natural or Artificial Opening Endoscopic",biliary_device_removal,include_sensitivity,May represent stent exchange/removal; insufficient alone for index decompression
2021,ICD-10-PCS,0FPB87Z,0FPB87Z,"Removal of Autologous Tissue Substitute from Hepatobiliary Duct, Via Natural or Artificial Opening Endoscopic",biliary_device_removal,include_sensitivity,May represent stent exchange/removal; insufficient alone for index decompression
2021,ICD-10-PCS,0FPB8CZ,0FPB8CZ,"Removal of Extraluminal Device from Hepatobiliary Duct, Via Natural or Artificial Opening Endoscopic",biliary_device_removal,include_sensitivity,May represent stent exchange/removal; insufficient alone for index decompression
2021,ICD-10-PCS,0FPB8DZ,0FPB8DZ,"Removal of Intraluminal Device from Hepatobiliary Duct, Via Natural or Artificial Opening Endoscopic",biliary_device_removal,include_sensitivity,May represent stent exchange/removal; insufficient alone for index decompression
2021,ICD-10-PCS,0FPB8JZ,0FPB8JZ,"Removal of Synthetic Substitute from Hepatobiliary Duct, Via Natural or Artificial Opening Endoscopic",biliary_device_removal,include_sensitivity,May represent stent exchange/removal; insufficient alone for index decompression
2021,ICD-10-PCS,0FPB8KZ,0FPB8KZ,"Removal of Nonautologous Tissue Substitute from Hepatobiliary Duct, Via Natural or Artificial Opening Endoscopic",biliary_device_removal,include_sensitivity,May represent stent exchange/removal; insufficient alone for index decompression
2021,ICD-10-PCS,0FPB8YZ,0FPB8YZ,"Removal of Other Device from Hepatobiliary Duct, Via Natural or Artificial Opening Endoscopic",biliary_device_removal,include_sensitivity,May represent stent exchange/removal; insufficient alone for index decompression
2021,ICD-10-PCS,0FT40ZZ,0FT40ZZ,"Resection of Gallbladder, Open Approach",cholecystectomy_complete,include_primary,Complete gallbladder resection by open or laparoscopic approach
2021,ICD-10-PCS,0FT44ZZ,0FT44ZZ,"Resection of Gallbladder, Percutaneous Endoscopic Approach",cholecystectomy_complete,include_primary,Complete gallbladder resection by open or laparoscopic approach
2022,ICD-10-CM,K80.00,K8000,Calculus of gallbladder with acute cholecystitis without obstruction,gallstone_evidence_broad,include_broad_component,Any billable cholelithiasis code; only combined with K83.09 in broad phenotype
2022,ICD-10-CM,K80.01,K8001,Calculus of gallbladder with acute cholecystitis with obstruction,gallstone_evidence_broad,include_broad_component,Any billable cholelithiasis code; only combined with K83.09 in broad phenotype
2022,ICD-10-CM,K80.10,K8010,Calculus of gallbladder with chronic cholecystitis without obstruction,gallstone_evidence_broad,include_broad_component,Any billable cholelithiasis code; only combined with K83.09 in broad phenotype
2022,ICD-10-CM,K80.11,K8011,Calculus of gallbladder with chronic cholecystitis with obstruction,gallstone_evidence_broad,include_broad_component,Any billable cholelithiasis code; only combined with K83.09 in broad phenotype
2022,ICD-10-CM,K80.12,K8012,Calculus of gallbladder with acute and chronic cholecystitis without obstruction,gallstone_evidence_broad,include_broad_component,Any billable cholelithiasis code; only combined with K83.09 in broad phenotype
2022,ICD-10-CM,K80.13,K8013,Calculus of gallbladder with acute and chronic cholecystitis with obstruction,gallstone_evidence_broad,include_broad_component,Any billable cholelithiasis code; only combined with K83.09 in broad phenotype
2022,ICD-10-CM,K80.18,K8018,Calculus of gallbladder with other cholecystitis without obstruction,gallstone_evidence_broad,include_broad_component,Any billable cholelithiasis code; only combined with K83.09 in broad phenotype
2022,ICD-10-CM,K80.19,K8019,Calculus of gallbladder with other cholecystitis with obstruction,gallstone_evidence_broad,include_broad_component,Any billable cholelithiasis code; only combined with K83.09 in broad phenotype
2022,ICD-10-CM,K80.20,K8020,Calculus of gallbladder without cholecystitis without obstruction,gallstone_evidence_broad,include_broad_component,Any billable cholelithiasis code; only combined with K83.09 in broad phenotype
2022,ICD-10-CM,K80.21,K8021,Calculus of gallbladder without cholecystitis with obstruction,gallstone_evidence_broad,include_broad_component,Any billable cholelithiasis code; only combined with K83.09 in broad phenotype
2022,ICD-10-CM,K80.30,K8030,"Calculus of bile duct with cholangitis, unspecified, without obstruction",cholangitis_unspecified_with_duct_stone,include_sensitivity,Bile-duct calculus with cholangitis of unspecified acuity
2022,ICD-10-CM,K80.30,K8030,"Calculus of bile duct with cholangitis, unspecified, without obstruction",gallstone_evidence_broad,include_broad_component,Any billable cholelithiasis code; only combined with K83.09 in broad phenotype
2022,ICD-10-CM,K80.31,K8031,"Calculus of bile duct with cholangitis, unspecified, with obstruction",cholangitis_unspecified_with_duct_stone,include_sensitivity,Bile-duct calculus with cholangitis of unspecified acuity
2022,ICD-10-CM,K80.31,K8031,"Calculus of bile duct with cholangitis, unspecified, with obstruction",gallstone_evidence_broad,include_broad_component,Any billable cholelithiasis code; only combined with K83.09 in broad phenotype
2022,ICD-10-CM,K80.32,K8032,Calculus of bile duct with acute cholangitis without obstruction,acute_cholangitis_strict,include_primary,Explicit bile-duct calculus with acute cholangitis
2022,ICD-10-CM,K80.32,K8032,Calculus of bile duct with acute cholangitis without obstruction,gallstone_evidence_broad,include_broad_component,Any billable cholelithiasis code; only combined with K83.09 in broad phenotype
2022,ICD-10-CM,K80.33,K8033,Calculus of bile duct with acute cholangitis with obstruction,acute_cholangitis_strict,include_primary,Explicit bile-duct calculus with acute cholangitis
2022,ICD-10-CM,K80.33,K8033,Calculus of bile duct with acute cholangitis with obstruction,gallstone_evidence_broad,include_broad_component,Any billable cholelithiasis code; only combined with K83.09 in broad phenotype
2022,ICD-10-CM,K80.34,K8034,Calculus of bile duct with chronic cholangitis without obstruction,gallstone_evidence_broad,include_broad_component,Any billable cholelithiasis code; only combined with K83.09 in broad phenotype
2022,ICD-10-CM,K80.35,K8035,Calculus of bile duct with chronic cholangitis with obstruction,gallstone_evidence_broad,include_broad_component,Any billable cholelithiasis code; only combined with K83.09 in broad phenotype
2022,ICD-10-CM,K80.36,K8036,Calculus of bile duct with acute and chronic cholangitis without obstruction,acute_cholangitis_strict,include_primary,Explicit bile-duct calculus with acute cholangitis
2022,ICD-10-CM,K80.36,K8036,Calculus of bile duct with acute and chronic cholangitis without obstruction,gallstone_evidence_broad,include_broad_component,Any billable cholelithiasis code; only combined with K83.09 in broad phenotype
2022,ICD-10-CM,K80.37,K8037,Calculus of bile duct with acute and chronic cholangitis with obstruction,acute_cholangitis_strict,include_primary,Explicit bile-duct calculus with acute cholangitis
2022,ICD-10-CM,K80.37,K8037,Calculus of bile duct with acute and chronic cholangitis with obstruction,gallstone_evidence_broad,include_broad_component,Any billable cholelithiasis code; only combined with K83.09 in broad phenotype
2022,ICD-10-CM,K80.40,K8040,"Calculus of bile duct with cholecystitis, unspecified, without obstruction",gallstone_evidence_broad,include_broad_component,Any billable cholelithiasis code; only combined with K83.09 in broad phenotype
2022,ICD-10-CM,K80.41,K8041,"Calculus of bile duct with cholecystitis, unspecified, with obstruction",gallstone_evidence_broad,include_broad_component,Any billable cholelithiasis code; only combined with K83.09 in broad phenotype
2022,ICD-10-CM,K80.42,K8042,Calculus of bile duct with acute cholecystitis without obstruction,gallstone_evidence_broad,include_broad_component,Any billable cholelithiasis code; only combined with K83.09 in broad phenotype
2022,ICD-10-CM,K80.43,K8043,Calculus of bile duct with acute cholecystitis with obstruction,gallstone_evidence_broad,include_broad_component,Any billable cholelithiasis code; only combined with K83.09 in broad phenotype
2022,ICD-10-CM,K80.44,K8044,Calculus of bile duct with chronic cholecystitis without obstruction,gallstone_evidence_broad,include_broad_component,Any billable cholelithiasis code; only combined with K83.09 in broad phenotype
2022,ICD-10-CM,K80.45,K8045,Calculus of bile duct with chronic cholecystitis with obstruction,gallstone_evidence_broad,include_broad_component,Any billable cholelithiasis code; only combined with K83.09 in broad phenotype
2022,ICD-10-CM,K80.46,K8046,Calculus of bile duct with acute and chronic cholecystitis without obstruction,gallstone_evidence_broad,include_broad_component,Any billable cholelithiasis code; only combined with K83.09 in broad phenotype
2022,ICD-10-CM,K80.47,K8047,Calculus of bile duct with acute and chronic cholecystitis with obstruction,gallstone_evidence_broad,include_broad_component,Any billable cholelithiasis code; only combined with K83.09 in broad phenotype
2022,ICD-10-CM,K80.50,K8050,Calculus of bile duct without cholangitis or cholecystitis without obstruction,gallstone_evidence_broad,include_broad_component,Any billable cholelithiasis code; only combined with K83.09 in broad phenotype
2022,ICD-10-CM,K80.51,K8051,Calculus of bile duct without cholangitis or cholecystitis with obstruction,gallstone_evidence_broad,include_broad_component,Any billable cholelithiasis code; only combined with K83.09 in broad phenotype
2022,ICD-10-CM,K80.60,K8060,"Calculus of gallbladder and bile duct with cholecystitis, unspecified, without obstruction",gallstone_evidence_broad,include_broad_component,Any billable cholelithiasis code; only combined with K83.09 in broad phenotype
2022,ICD-10-CM,K80.61,K8061,"Calculus of gallbladder and bile duct with cholecystitis, unspecified, with obstruction",gallstone_evidence_broad,include_broad_component,Any billable cholelithiasis code; only combined with K83.09 in broad phenotype
2022,ICD-10-CM,K80.62,K8062,Calculus of gallbladder and bile duct with acute cholecystitis without obstruction,gallstone_evidence_broad,include_broad_component,Any billable cholelithiasis code; only combined with K83.09 in broad phenotype
2022,ICD-10-CM,K80.63,K8063,Calculus of gallbladder and bile duct with acute cholecystitis with obstruction,gallstone_evidence_broad,include_broad_component,Any billable cholelithiasis code; only combined with K83.09 in broad phenotype
2022,ICD-10-CM,K80.64,K8064,Calculus of gallbladder and bile duct with chronic cholecystitis without obstruction,gallstone_evidence_broad,include_broad_component,Any billable cholelithiasis code; only combined with K83.09 in broad phenotype
2022,ICD-10-CM,K80.65,K8065,Calculus of gallbladder and bile duct with chronic cholecystitis with obstruction,gallstone_evidence_broad,include_broad_component,Any billable cholelithiasis code; only combined with K83.09 in broad phenotype
2022,ICD-10-CM,K80.66,K8066,Calculus of gallbladder and bile duct with acute and chronic cholecystitis without obstruction,gallstone_evidence_broad,include_broad_component,Any billable cholelithiasis code; only combined with K83.09 in broad phenotype
2022,ICD-10-CM,K80.67,K8067,Calculus of gallbladder and bile duct with acute and chronic cholecystitis with obstruction,gallstone_evidence_broad,include_broad_component,Any billable cholelithiasis code; only combined with K83.09 in broad phenotype
2022,ICD-10-CM,K80.70,K8070,Calculus of gallbladder and bile duct without cholecystitis without obstruction,gallstone_evidence_broad,include_broad_component,Any billable cholelithiasis code; only combined with K83.09 in broad phenotype
2022,ICD-10-CM,K80.71,K8071,Calculus of gallbladder and bile duct without cholecystitis with obstruction,gallstone_evidence_broad,include_broad_component,Any billable cholelithiasis code; only combined with K83.09 in broad phenotype
2022,ICD-10-CM,K83.01,K8301,Primary sclerosing cholangitis,primary_sclerosing_cholangitis,exclude,Primary sclerosing cholangitis is not acute cholangitis
2022,ICD-10-CM,K83.09,K8309,Other cholangitis,other_cholangitis,include_broad_component,Other cholangitis; requires a separate gallstone code for broad phenotype
2022,ICD-10-PCS,0F558ZZ,0F558ZZ,"Destruction of Right Hepatic Duct, Via Natural or Artificial Opening Endoscopic",therapeutic_biliary_ercp_extended,include_sensitivity,"Core ERCP plus uncommon fragmentation, destruction, release, or generic intraluminal-device insertion"
2022,ICD-10-PCS,0F568ZZ,0F568ZZ,"Destruction of Left Hepatic Duct, Via Natural or Artificial Opening Endoscopic",therapeutic_biliary_ercp_extended,include_sensitivity,"Core ERCP plus uncommon fragmentation, destruction, release, or generic intraluminal-device insertion"
2022,ICD-10-PCS,0F578ZZ,0F578ZZ,"Destruction of Common Hepatic Duct, Via Natural or Artificial Opening Endoscopic",therapeutic_biliary_ercp_extended,include_sensitivity,"Core ERCP plus uncommon fragmentation, destruction, release, or generic intraluminal-device insertion"
2022,ICD-10-PCS,0F588ZZ,0F588ZZ,"Destruction of Cystic Duct, Via Natural or Artificial Opening Endoscopic",therapeutic_biliary_ercp_extended,include_sensitivity,"Core ERCP plus uncommon fragmentation, destruction, release, or generic intraluminal-device insertion"
2022,ICD-10-PCS,0F598ZZ,0F598ZZ,"Destruction of Common Bile Duct, Via Natural or Artificial Opening Endoscopic",therapeutic_biliary_ercp_extended,include_sensitivity,"Core ERCP plus uncommon fragmentation, destruction, release, or generic intraluminal-device insertion"
2022,ICD-10-PCS,0F5C8ZZ,0F5C8ZZ,"Destruction of Ampulla of Vater, Via Natural or Artificial Opening Endoscopic",therapeutic_biliary_ercp_extended,include_sensitivity,"Core ERCP plus uncommon fragmentation, destruction, release, or generic intraluminal-device insertion"
2022,ICD-10-PCS,0F5D8ZZ,0F5D8ZZ,"Destruction of Pancreatic Duct, Via Natural or Artificial Opening Endoscopic",pancreatic_endoscopic_intervention,exclude,Pancreatic-duct intervention is not biliary decompression
2022,ICD-10-PCS,0F5F8ZZ,0F5F8ZZ,"Destruction of Accessory Pancreatic Duct, Via Natural or Artificial Opening Endoscopic",pancreatic_endoscopic_intervention,exclude,Pancreatic-duct intervention is not biliary decompression
2022,ICD-10-PCS,0F758DZ,0F758DZ,"Dilation of Right Hepatic Duct with Intraluminal Device, Via Natural or Artificial Opening Endoscopic",therapeutic_biliary_ercp_core,include_primary,Endoscopic therapeutic intervention on ampulla or biliary duct; pancreatic targets excluded
2022,ICD-10-PCS,0F758DZ,0F758DZ,"Dilation of Right Hepatic Duct with Intraluminal Device, Via Natural or Artificial Opening Endoscopic",therapeutic_biliary_ercp_extended,include_sensitivity,"Core ERCP plus uncommon fragmentation, destruction, release, or generic intraluminal-device insertion"
2022,ICD-10-PCS,0F758ZZ,0F758ZZ,"Dilation of Right Hepatic Duct, Via Natural or Artificial Opening Endoscopic",therapeutic_biliary_ercp_core,include_primary,Endoscopic therapeutic intervention on ampulla or biliary duct; pancreatic targets excluded
2022,ICD-10-PCS,0F758ZZ,0F758ZZ,"Dilation of Right Hepatic Duct, Via Natural or Artificial Opening Endoscopic",therapeutic_biliary_ercp_extended,include_sensitivity,"Core ERCP plus uncommon fragmentation, destruction, release, or generic intraluminal-device insertion"
2022,ICD-10-PCS,0F768DZ,0F768DZ,"Dilation of Left Hepatic Duct with Intraluminal Device, Via Natural or Artificial Opening Endoscopic",therapeutic_biliary_ercp_core,include_primary,Endoscopic therapeutic intervention on ampulla or biliary duct; pancreatic targets excluded
2022,ICD-10-PCS,0F768DZ,0F768DZ,"Dilation of Left Hepatic Duct with Intraluminal Device, Via Natural or Artificial Opening Endoscopic",therapeutic_biliary_ercp_extended,include_sensitivity,"Core ERCP plus uncommon fragmentation, destruction, release, or generic intraluminal-device insertion"
2022,ICD-10-PCS,0F768ZZ,0F768ZZ,"Dilation of Left Hepatic Duct, Via Natural or Artificial Opening Endoscopic",therapeutic_biliary_ercp_core,include_primary,Endoscopic therapeutic intervention on ampulla or biliary duct; pancreatic targets excluded
2022,ICD-10-PCS,0F768ZZ,0F768ZZ,"Dilation of Left Hepatic Duct, Via Natural or Artificial Opening Endoscopic",therapeutic_biliary_ercp_extended,include_sensitivity,"Core ERCP plus uncommon fragmentation, destruction, release, or generic intraluminal-device insertion"
2022,ICD-10-PCS,0F778DZ,0F778DZ,"Dilation of Common Hepatic Duct with Intraluminal Device, Via Natural or Artificial Opening Endoscopic",therapeutic_biliary_ercp_core,include_primary,Endoscopic therapeutic intervention on ampulla or biliary duct; pancreatic targets excluded
2022,ICD-10-PCS,0F778DZ,0F778DZ,"Dilation of Common Hepatic Duct with Intraluminal Device, Via Natural or Artificial Opening Endoscopic",therapeutic_biliary_ercp_extended,include_sensitivity,"Core ERCP plus uncommon fragmentation, destruction, release, or generic intraluminal-device insertion"
2022,ICD-10-PCS,0F778ZZ,0F778ZZ,"Dilation of Common Hepatic Duct, Via Natural or Artificial Opening Endoscopic",therapeutic_biliary_ercp_core,include_primary,Endoscopic therapeutic intervention on ampulla or biliary duct; pancreatic targets excluded
2022,ICD-10-PCS,0F778ZZ,0F778ZZ,"Dilation of Common Hepatic Duct, Via Natural or Artificial Opening Endoscopic",therapeutic_biliary_ercp_extended,include_sensitivity,"Core ERCP plus uncommon fragmentation, destruction, release, or generic intraluminal-device insertion"
2022,ICD-10-PCS,0F788DZ,0F788DZ,"Dilation of Cystic Duct with Intraluminal Device, Via Natural or Artificial Opening Endoscopic",therapeutic_biliary_ercp_core,include_primary,Endoscopic therapeutic intervention on ampulla or biliary duct; pancreatic targets excluded
2022,ICD-10-PCS,0F788DZ,0F788DZ,"Dilation of Cystic Duct with Intraluminal Device, Via Natural or Artificial Opening Endoscopic",therapeutic_biliary_ercp_extended,include_sensitivity,"Core ERCP plus uncommon fragmentation, destruction, release, or generic intraluminal-device insertion"
2022,ICD-10-PCS,0F788ZZ,0F788ZZ,"Dilation of Cystic Duct, Via Natural or Artificial Opening Endoscopic",therapeutic_biliary_ercp_core,include_primary,Endoscopic therapeutic intervention on ampulla or biliary duct; pancreatic targets excluded
2022,ICD-10-PCS,0F788ZZ,0F788ZZ,"Dilation of Cystic Duct, Via Natural or Artificial Opening Endoscopic",therapeutic_biliary_ercp_extended,include_sensitivity,"Core ERCP plus uncommon fragmentation, destruction, release, or generic intraluminal-device insertion"
2022,ICD-10-PCS,0F798DZ,0F798DZ,"Dilation of Common Bile Duct with Intraluminal Device, Via Natural or Artificial Opening Endoscopic",therapeutic_biliary_ercp_core,include_primary,Endoscopic therapeutic intervention on ampulla or biliary duct; pancreatic targets excluded
2022,ICD-10-PCS,0F798DZ,0F798DZ,"Dilation of Common Bile Duct with Intraluminal Device, Via Natural or Artificial Opening Endoscopic",therapeutic_biliary_ercp_extended,include_sensitivity,"Core ERCP plus uncommon fragmentation, destruction, release, or generic intraluminal-device insertion"
2022,ICD-10-PCS,0F798ZZ,0F798ZZ,"Dilation of Common Bile Duct, Via Natural or Artificial Opening Endoscopic",therapeutic_biliary_ercp_core,include_primary,Endoscopic therapeutic intervention on ampulla or biliary duct; pancreatic targets excluded
2022,ICD-10-PCS,0F798ZZ,0F798ZZ,"Dilation of Common Bile Duct, Via Natural or Artificial Opening Endoscopic",therapeutic_biliary_ercp_extended,include_sensitivity,"Core ERCP plus uncommon fragmentation, destruction, release, or generic intraluminal-device insertion"
2022,ICD-10-PCS,0F7C8DZ,0F7C8DZ,"Dilation of Ampulla of Vater with Intraluminal Device, Via Natural or Artificial Opening Endoscopic",therapeutic_biliary_ercp_core,include_primary,Endoscopic therapeutic intervention on ampulla or biliary duct; pancreatic targets excluded
2022,ICD-10-PCS,0F7C8DZ,0F7C8DZ,"Dilation of Ampulla of Vater with Intraluminal Device, Via Natural or Artificial Opening Endoscopic",therapeutic_biliary_ercp_extended,include_sensitivity,"Core ERCP plus uncommon fragmentation, destruction, release, or generic intraluminal-device insertion"
2022,ICD-10-PCS,0F7C8ZZ,0F7C8ZZ,"Dilation of Ampulla of Vater, Via Natural or Artificial Opening Endoscopic",therapeutic_biliary_ercp_core,include_primary,Endoscopic therapeutic intervention on ampulla or biliary duct; pancreatic targets excluded
2022,ICD-10-PCS,0F7C8ZZ,0F7C8ZZ,"Dilation of Ampulla of Vater, Via Natural or Artificial Opening Endoscopic",therapeutic_biliary_ercp_extended,include_sensitivity,"Core ERCP plus uncommon fragmentation, destruction, release, or generic intraluminal-device insertion"
2022,ICD-10-PCS,0F7D8DZ,0F7D8DZ,"Dilation of Pancreatic Duct with Intraluminal Device, Via Natural or Artificial Opening Endoscopic",pancreatic_endoscopic_intervention,exclude,Pancreatic-duct intervention is not biliary decompression
2022,ICD-10-PCS,0F7D8ZZ,0F7D8ZZ,"Dilation of Pancreatic Duct, Via Natural or Artificial Opening Endoscopic",pancreatic_endoscopic_intervention,exclude,Pancreatic-duct intervention is not biliary decompression
2022,ICD-10-PCS,0F7F8DZ,0F7F8DZ,"Dilation of Accessory Pancreatic Duct with Intraluminal Device, Via Natural or Artificial Opening Endoscopic",pancreatic_endoscopic_intervention,exclude,Pancreatic-duct intervention is not biliary decompression
2022,ICD-10-PCS,0F7F8ZZ,0F7F8ZZ,"Dilation of Accessory Pancreatic Duct, Via Natural or Artificial Opening Endoscopic",pancreatic_endoscopic_intervention,exclude,Pancreatic-duct intervention is not biliary decompression
2022,ICD-10-PCS,0F9580Z,0F9580Z,"Drainage of Right Hepatic Duct with Drainage Device, Via Natural or Artificial Opening Endoscopic",therapeutic_biliary_ercp_core,include_primary,Endoscopic therapeutic intervention on ampulla or biliary duct; pancreatic targets excluded
2022,ICD-10-PCS,0F9580Z,0F9580Z,"Drainage of Right Hepatic Duct with Drainage Device, Via Natural or Artificial Opening Endoscopic",therapeutic_biliary_ercp_extended,include_sensitivity,"Core ERCP plus uncommon fragmentation, destruction, release, or generic intraluminal-device insertion"
2022,ICD-10-PCS,0F958ZZ,0F958ZZ,"Drainage of Right Hepatic Duct, Via Natural or Artificial Opening Endoscopic",therapeutic_biliary_ercp_core,include_primary,Endoscopic therapeutic intervention on ampulla or biliary duct; pancreatic targets excluded
2022,ICD-10-PCS,0F958ZZ,0F958ZZ,"Drainage of Right Hepatic Duct, Via Natural or Artificial Opening Endoscopic",therapeutic_biliary_ercp_extended,include_sensitivity,"Core ERCP plus uncommon fragmentation, destruction, release, or generic intraluminal-device insertion"
2022,ICD-10-PCS,0F9680Z,0F9680Z,"Drainage of Left Hepatic Duct with Drainage Device, Via Natural or Artificial Opening Endoscopic",therapeutic_biliary_ercp_core,include_primary,Endoscopic therapeutic intervention on ampulla or biliary duct; pancreatic targets excluded
2022,ICD-10-PCS,0F9680Z,0F9680Z,"Drainage of Left Hepatic Duct with Drainage Device, Via Natural or Artificial Opening Endoscopic",therapeutic_biliary_ercp_extended,include_sensitivity,"Core ERCP plus uncommon fragmentation, destruction, release, or generic intraluminal-device insertion"
2022,ICD-10-PCS,0F968ZZ,0F968ZZ,"Drainage of Left Hepatic Duct, Via Natural or Artificial Opening Endoscopic",therapeutic_biliary_ercp_core,include_primary,Endoscopic therapeutic intervention on ampulla or biliary duct; pancreatic targets excluded
2022,ICD-10-PCS,0F968ZZ,0F968ZZ,"Drainage of Left Hepatic Duct, Via Natural or Artificial Opening Endoscopic",therapeutic_biliary_ercp_extended,include_sensitivity,"Core ERCP plus uncommon fragmentation, destruction, release, or generic intraluminal-device insertion"
2022,ICD-10-PCS,0F9780Z,0F9780Z,"Drainage of Common Hepatic Duct with Drainage Device, Via Natural or Artificial Opening Endoscopic",therapeutic_biliary_ercp_core,include_primary,Endoscopic therapeutic intervention on ampulla or biliary duct; pancreatic targets excluded
2022,ICD-10-PCS,0F9780Z,0F9780Z,"Drainage of Common Hepatic Duct with Drainage Device, Via Natural or Artificial Opening Endoscopic",therapeutic_biliary_ercp_extended,include_sensitivity,"Core ERCP plus uncommon fragmentation, destruction, release, or generic intraluminal-device insertion"
2022,ICD-10-PCS,0F978ZZ,0F978ZZ,"Drainage of Common Hepatic Duct, Via Natural or Artificial Opening Endoscopic",therapeutic_biliary_ercp_core,include_primary,Endoscopic therapeutic intervention on ampulla or biliary duct; pancreatic targets excluded
2022,ICD-10-PCS,0F978ZZ,0F978ZZ,"Drainage of Common Hepatic Duct, Via Natural or Artificial Opening Endoscopic",therapeutic_biliary_ercp_extended,include_sensitivity,"Core ERCP plus uncommon fragmentation, destruction, release, or generic intraluminal-device insertion"
2022,ICD-10-PCS,0F9880Z,0F9880Z,"Drainage of Cystic Duct with Drainage Device, Via Natural or Artificial Opening Endoscopic",therapeutic_biliary_ercp_core,include_primary,Endoscopic therapeutic intervention on ampulla or biliary duct; pancreatic targets excluded
2022,ICD-10-PCS,0F9880Z,0F9880Z,"Drainage of Cystic Duct with Drainage Device, Via Natural or Artificial Opening Endoscopic",therapeutic_biliary_ercp_extended,include_sensitivity,"Core ERCP plus uncommon fragmentation, destruction, release, or generic intraluminal-device insertion"
2022,ICD-10-PCS,0F988ZZ,0F988ZZ,"Drainage of Cystic Duct, Via Natural or Artificial Opening Endoscopic",therapeutic_biliary_ercp_core,include_primary,Endoscopic therapeutic intervention on ampulla or biliary duct; pancreatic targets excluded
2022,ICD-10-PCS,0F988ZZ,0F988ZZ,"Drainage of Cystic Duct, Via Natural or Artificial Opening Endoscopic",therapeutic_biliary_ercp_extended,include_sensitivity,"Core ERCP plus uncommon fragmentation, destruction, release, or generic intraluminal-device insertion"
2022,ICD-10-PCS,0F9980Z,0F9980Z,"Drainage of Common Bile Duct with Drainage Device, Via Natural or Artificial Opening Endoscopic",therapeutic_biliary_ercp_core,include_primary,Endoscopic therapeutic intervention on ampulla or biliary duct; pancreatic targets excluded
2022,ICD-10-PCS,0F9980Z,0F9980Z,"Drainage of Common Bile Duct with Drainage Device, Via Natural or Artificial Opening Endoscopic",therapeutic_biliary_ercp_extended,include_sensitivity,"Core ERCP plus uncommon fragmentation, destruction, release, or generic intraluminal-device insertion"
2022,ICD-10-PCS,0F998ZZ,0F998ZZ,"Drainage of Common Bile Duct, Via Natural or Artificial Opening Endoscopic",therapeutic_biliary_ercp_core,include_primary,Endoscopic therapeutic intervention on ampulla or biliary duct; pancreatic targets excluded
2022,ICD-10-PCS,0F998ZZ,0F998ZZ,"Drainage of Common Bile Duct, Via Natural or Artificial Opening Endoscopic",therapeutic_biliary_ercp_extended,include_sensitivity,"Core ERCP plus uncommon fragmentation, destruction, release, or generic intraluminal-device insertion"
2022,ICD-10-PCS,0F9C80Z,0F9C80Z,"Drainage of Ampulla of Vater with Drainage Device, Via Natural or Artificial Opening Endoscopic",therapeutic_biliary_ercp_core,include_primary,Endoscopic therapeutic intervention on ampulla or biliary duct; pancreatic targets excluded
2022,ICD-10-PCS,0F9C80Z,0F9C80Z,"Drainage of Ampulla of Vater with Drainage Device, Via Natural or Artificial Opening Endoscopic",therapeutic_biliary_ercp_extended,include_sensitivity,"Core ERCP plus uncommon fragmentation, destruction, release, or generic intraluminal-device insertion"
2022,ICD-10-PCS,0F9C8ZZ,0F9C8ZZ,"Drainage of Ampulla of Vater, Via Natural or Artificial Opening Endoscopic",therapeutic_biliary_ercp_core,include_primary,Endoscopic therapeutic intervention on ampulla or biliary duct; pancreatic targets excluded
2022,ICD-10-PCS,0F9C8ZZ,0F9C8ZZ,"Drainage of Ampulla of Vater, Via Natural or Artificial Opening Endoscopic",therapeutic_biliary_ercp_extended,include_sensitivity,"Core ERCP plus uncommon fragmentation, destruction, release, or generic intraluminal-device insertion"
2022,ICD-10-PCS,0F9D80Z,0F9D80Z,"Drainage of Pancreatic Duct with Drainage Device, Via Natural or Artificial Opening Endoscopic",pancreatic_endoscopic_intervention,exclude,Pancreatic-duct intervention is not biliary decompression
2022,ICD-10-PCS,0F9D8ZX,0F9D8ZX,"Drainage of Pancreatic Duct, Via Natural or Artificial Opening Endoscopic, Diagnostic",pancreatic_endoscopic_intervention,exclude,Pancreatic-duct intervention is not biliary decompression
2022,ICD-10-PCS,0F9D8ZZ,0F9D8ZZ,"Drainage of Pancreatic Duct, Via Natural or Artificial Opening Endoscopic",pancreatic_endoscopic_intervention,exclude,Pancreatic-duct intervention is not biliary decompression
2022,ICD-10-PCS,0F9F80Z,0F9F80Z,"Drainage of Accessory Pancreatic Duct with Drainage Device, Via Natural or Artificial Opening Endoscopic",pancreatic_endoscopic_intervention,exclude,Pancreatic-duct intervention is not biliary decompression
2022,ICD-10-PCS,0F9F8ZX,0F9F8ZX,"Drainage of Accessory Pancreatic Duct, Via Natural or Artificial Opening Endoscopic, Diagnostic",pancreatic_endoscopic_intervention,exclude,Pancreatic-duct intervention is not biliary decompression
2022,ICD-10-PCS,0F9F8ZZ,0F9F8ZZ,"Drainage of Accessory Pancreatic Duct, Via Natural or Artificial Opening Endoscopic",pancreatic_endoscopic_intervention,exclude,Pancreatic-duct intervention is not biliary decompression
2022,ICD-10-PCS,0FB40ZZ,0FB40ZZ,"Excision of Gallbladder, Open Approach",cholecystectomy_partial,include_sensitivity,"Gallbladder excision denotes partial/subtotal removal, not complete resection"
2022,ICD-10-PCS,0FB44ZZ,0FB44ZZ,"Excision of Gallbladder, Percutaneous Endoscopic Approach",cholecystectomy_partial,include_sensitivity,"Gallbladder excision denotes partial/subtotal removal, not complete resection"
2022,ICD-10-PCS,0FC58ZZ,0FC58ZZ,"Extirpation of Matter from Right Hepatic Duct, Via Natural or Artificial Opening Endoscopic",therapeutic_biliary_ercp_core,include_primary,Endoscopic therapeutic intervention on ampulla or biliary duct; pancreatic targets excluded
2022,ICD-10-PCS,0FC58ZZ,0FC58ZZ,"Extirpation of Matter from Right Hepatic Duct, Via Natural or Artificial Opening Endoscopic",therapeutic_biliary_ercp_extended,include_sensitivity,"Core ERCP plus uncommon fragmentation, destruction, release, or generic intraluminal-device insertion"
2022,ICD-10-PCS,0FC68ZZ,0FC68ZZ,"Extirpation of Matter from Left Hepatic Duct, Via Natural or Artificial Opening Endoscopic",therapeutic_biliary_ercp_core,include_primary,Endoscopic therapeutic intervention on ampulla or biliary duct; pancreatic targets excluded
2022,ICD-10-PCS,0FC68ZZ,0FC68ZZ,"Extirpation of Matter from Left Hepatic Duct, Via Natural or Artificial Opening Endoscopic",therapeutic_biliary_ercp_extended,include_sensitivity,"Core ERCP plus uncommon fragmentation, destruction, release, or generic intraluminal-device insertion"
2022,ICD-10-PCS,0FC78ZZ,0FC78ZZ,"Extirpation of Matter from Common Hepatic Duct, Via Natural or Artificial Opening Endoscopic",therapeutic_biliary_ercp_core,include_primary,Endoscopic therapeutic intervention on ampulla or biliary duct; pancreatic targets excluded
2022,ICD-10-PCS,0FC78ZZ,0FC78ZZ,"Extirpation of Matter from Common Hepatic Duct, Via Natural or Artificial Opening Endoscopic",therapeutic_biliary_ercp_extended,include_sensitivity,"Core ERCP plus uncommon fragmentation, destruction, release, or generic intraluminal-device insertion"
2022,ICD-10-PCS,0FC88ZZ,0FC88ZZ,"Extirpation of Matter from Cystic Duct, Via Natural or Artificial Opening Endoscopic",therapeutic_biliary_ercp_core,include_primary,Endoscopic therapeutic intervention on ampulla or biliary duct; pancreatic targets excluded
2022,ICD-10-PCS,0FC88ZZ,0FC88ZZ,"Extirpation of Matter from Cystic Duct, Via Natural or Artificial Opening Endoscopic",therapeutic_biliary_ercp_extended,include_sensitivity,"Core ERCP plus uncommon fragmentation, destruction, release, or generic intraluminal-device insertion"
2022,ICD-10-PCS,0FC98ZZ,0FC98ZZ,"Extirpation of Matter from Common Bile Duct, Via Natural or Artificial Opening Endoscopic",therapeutic_biliary_ercp_core,include_primary,Endoscopic therapeutic intervention on ampulla or biliary duct; pancreatic targets excluded
2022,ICD-10-PCS,0FC98ZZ,0FC98ZZ,"Extirpation of Matter from Common Bile Duct, Via Natural or Artificial Opening Endoscopic",therapeutic_biliary_ercp_extended,include_sensitivity,"Core ERCP plus uncommon fragmentation, destruction, release, or generic intraluminal-device insertion"
2022,ICD-10-PCS,0FCC8ZZ,0FCC8ZZ,"Extirpation of Matter from Ampulla of Vater, Via Natural or Artificial Opening Endoscopic",therapeutic_biliary_ercp_core,include_primary,Endoscopic therapeutic intervention on ampulla or biliary duct; pancreatic targets excluded
2022,ICD-10-PCS,0FCC8ZZ,0FCC8ZZ,"Extirpation of Matter from Ampulla of Vater, Via Natural or Artificial Opening Endoscopic",therapeutic_biliary_ercp_extended,include_sensitivity,"Core ERCP plus uncommon fragmentation, destruction, release, or generic intraluminal-device insertion"
2022,ICD-10-PCS,0FCD8ZZ,0FCD8ZZ,"Extirpation of Matter from Pancreatic Duct, Via Natural or Artificial Opening Endoscopic",pancreatic_endoscopic_intervention,exclude,Pancreatic-duct intervention is not biliary decompression
2022,ICD-10-PCS,0FCF8ZZ,0FCF8ZZ,"Extirpation of Matter from Accessory Pancreatic Duct, Via Natural or Artificial Opening Endoscopic",pancreatic_endoscopic_intervention,exclude,Pancreatic-duct intervention is not biliary decompression
2022,ICD-10-PCS,0FF58ZZ,0FF58ZZ,"Fragmentation in Right Hepatic Duct, Via Natural or Artificial Opening Endoscopic",therapeutic_biliary_ercp_extended,include_sensitivity,"Core ERCP plus uncommon fragmentation, destruction, release, or generic intraluminal-device insertion"
2022,ICD-10-PCS,0FF68ZZ,0FF68ZZ,"Fragmentation in Left Hepatic Duct, Via Natural or Artificial Opening Endoscopic",therapeutic_biliary_ercp_extended,include_sensitivity,"Core ERCP plus uncommon fragmentation, destruction, release, or generic intraluminal-device insertion"
2022,ICD-10-PCS,0FF78ZZ,0FF78ZZ,"Fragmentation in Common Hepatic Duct, Via Natural or Artificial Opening Endoscopic",therapeutic_biliary_ercp_extended,include_sensitivity,"Core ERCP plus uncommon fragmentation, destruction, release, or generic intraluminal-device insertion"
2022,ICD-10-PCS,0FF88ZZ,0FF88ZZ,"Fragmentation in Cystic Duct, Via Natural or Artificial Opening Endoscopic",therapeutic_biliary_ercp_extended,include_sensitivity,"Core ERCP plus uncommon fragmentation, destruction, release, or generic intraluminal-device insertion"
2022,ICD-10-PCS,0FF98ZZ,0FF98ZZ,"Fragmentation in Common Bile Duct, Via Natural or Artificial Opening Endoscopic",therapeutic_biliary_ercp_extended,include_sensitivity,"Core ERCP plus uncommon fragmentation, destruction, release, or generic intraluminal-device insertion"
2022,ICD-10-PCS,0FFC8ZZ,0FFC8ZZ,"Fragmentation in Ampulla of Vater, Via Natural or Artificial Opening Endoscopic",therapeutic_biliary_ercp_extended,include_sensitivity,"Core ERCP plus uncommon fragmentation, destruction, release, or generic intraluminal-device insertion"
2022,ICD-10-PCS,0FFD8ZZ,0FFD8ZZ,"Fragmentation in Pancreatic Duct, Via Natural or Artificial Opening Endoscopic",pancreatic_endoscopic_intervention,exclude,Pancreatic-duct intervention is not biliary decompression
2022,ICD-10-PCS,0FFF8ZZ,0FFF8ZZ,"Fragmentation in Accessory Pancreatic Duct, Via Natural or Artificial Opening Endoscopic",pancreatic_endoscopic_intervention,exclude,Pancreatic-duct intervention is not biliary decompression
2022,ICD-10-PCS,0FHB8DZ,0FHB8DZ,"Insertion of Intraluminal Device into Hepatobiliary Duct, Via Natural or Artificial Opening Endoscopic",therapeutic_biliary_ercp_extended,include_sensitivity,"Core ERCP plus uncommon fragmentation, destruction, release, or generic intraluminal-device insertion"
2022,ICD-10-PCS,0FHD8DZ,0FHD8DZ,"Insertion of Intraluminal Device into Pancreatic Duct, Via Natural or Artificial Opening Endoscopic",pancreatic_endoscopic_intervention,exclude,Pancreatic-duct intervention is not biliary decompression
2022,ICD-10-PCS,0FJB8ZZ,0FJB8ZZ,"Inspection of Hepatobiliary Duct, Via Natural or Artificial Opening Endoscopic",diagnostic_ercp,exclude,"Inspection alone is diagnostic, not therapeutic decompression"
2022,ICD-10-PCS,0FN58ZZ,0FN58ZZ,"Release Right Hepatic Duct, Via Natural or Artificial Opening Endoscopic",therapeutic_biliary_ercp_extended,include_sensitivity,"Core ERCP plus uncommon fragmentation, destruction, release, or generic intraluminal-device insertion"
2022,ICD-10-PCS,0FN68ZZ,0FN68ZZ,"Release Left Hepatic Duct, Via Natural or Artificial Opening Endoscopic",therapeutic_biliary_ercp_extended,include_sensitivity,"Core ERCP plus uncommon fragmentation, destruction, release, or generic intraluminal-device insertion"
2022,ICD-10-PCS,0FN78ZZ,0FN78ZZ,"Release Common Hepatic Duct, Via Natural or Artificial Opening Endoscopic",therapeutic_biliary_ercp_extended,include_sensitivity,"Core ERCP plus uncommon fragmentation, destruction, release, or generic intraluminal-device insertion"
2022,ICD-10-PCS,0FN88ZZ,0FN88ZZ,"Release Cystic Duct, Via Natural or Artificial Opening Endoscopic",therapeutic_biliary_ercp_extended,include_sensitivity,"Core ERCP plus uncommon fragmentation, destruction, release, or generic intraluminal-device insertion"
2022,ICD-10-PCS,0FN98ZZ,0FN98ZZ,"Release Common Bile Duct, Via Natural or Artificial Opening Endoscopic",therapeutic_biliary_ercp_extended,include_sensitivity,"Core ERCP plus uncommon fragmentation, destruction, release, or generic intraluminal-device insertion"
2022,ICD-10-PCS,0FNC8ZZ,0FNC8ZZ,"Release Ampulla of Vater, Via Natural or Artificial Opening Endoscopic",therapeutic_biliary_ercp_extended,include_sensitivity,"Core ERCP plus uncommon fragmentation, destruction, release, or generic intraluminal-device insertion"
2022,ICD-10-PCS,0FND8ZZ,0FND8ZZ,"Release Pancreatic Duct, Via Natural or Artificial Opening Endoscopic",pancreatic_endoscopic_intervention,exclude,Pancreatic-duct intervention is not biliary decompression
2022,ICD-10-PCS,0FNF8ZZ,0FNF8ZZ,"Release Accessory Pancreatic Duct, Via Natural or Artificial Opening Endoscopic",pancreatic_endoscopic_intervention,exclude,Pancreatic-duct intervention is not biliary decompression
2022,ICD-10-PCS,0FPB80Z,0FPB80Z,"Removal of Drainage Device from Hepatobiliary Duct, Via Natural or Artificial Opening Endoscopic",biliary_device_removal,include_sensitivity,May represent stent exchange/removal; insufficient alone for index decompression
2022,ICD-10-PCS,0FPB81Z,0FPB81Z,"Removal of Radioactive Element from Hepatobiliary Duct, Via Natural or Artificial Opening Endoscopic",biliary_device_removal,include_sensitivity,May represent stent exchange/removal; insufficient alone for index decompression
2022,ICD-10-PCS,0FPB82Z,0FPB82Z,"Removal of Monitoring Device from Hepatobiliary Duct, Via Natural or Artificial Opening Endoscopic",biliary_device_removal,include_sensitivity,May represent stent exchange/removal; insufficient alone for index decompression
2022,ICD-10-PCS,0FPB83Z,0FPB83Z,"Removal of Infusion Device from Hepatobiliary Duct, Via Natural or Artificial Opening Endoscopic",biliary_device_removal,include_sensitivity,May represent stent exchange/removal; insufficient alone for index decompression
2022,ICD-10-PCS,0FPB87Z,0FPB87Z,"Removal of Autologous Tissue Substitute from Hepatobiliary Duct, Via Natural or Artificial Opening Endoscopic",biliary_device_removal,include_sensitivity,May represent stent exchange/removal; insufficient alone for index decompression
2022,ICD-10-PCS,0FPB8CZ,0FPB8CZ,"Removal of Extraluminal Device from Hepatobiliary Duct, Via Natural or Artificial Opening Endoscopic",biliary_device_removal,include_sensitivity,May represent stent exchange/removal; insufficient alone for index decompression
2022,ICD-10-PCS,0FPB8DZ,0FPB8DZ,"Removal of Intraluminal Device from Hepatobiliary Duct, Via Natural or Artificial Opening Endoscopic",biliary_device_removal,include_sensitivity,May represent stent exchange/removal; insufficient alone for index decompression
2022,ICD-10-PCS,0FPB8JZ,0FPB8JZ,"Removal of Synthetic Substitute from Hepatobiliary Duct, Via Natural or Artificial Opening Endoscopic",biliary_device_removal,include_sensitivity,May represent stent exchange/removal; insufficient alone for index decompression
2022,ICD-10-PCS,0FPB8KZ,0FPB8KZ,"Removal of Nonautologous Tissue Substitute from Hepatobiliary Duct, Via Natural or Artificial Opening Endoscopic",biliary_device_removal,include_sensitivity,May represent stent exchange/removal; insufficient alone for index decompression
2022,ICD-10-PCS,0FPB8YZ,0FPB8YZ,"Removal of Other Device from Hepatobiliary Duct, Via Natural or Artificial Opening Endoscopic",biliary_device_removal,include_sensitivity,May represent stent exchange/removal; insufficient alone for index decompression
2022,ICD-10-PCS,0FT40ZZ,0FT40ZZ,"Resection of Gallbladder, Open Approach",cholecystectomy_complete,include_primary,Complete gallbladder resection by open or laparoscopic approach
2022,ICD-10-PCS,0FT44ZZ,0FT44ZZ,"Resection of Gallbladder, Percutaneous Endoscopic Approach",cholecystectomy_complete,include_primary,Complete gallbladder resection by open or laparoscopic approach
